sample_id,image_id,image_path,part_category,part_family,text_category,text_family,description,text_mode,label,source
external_v1_alternator_01_1119960a24b5__clean__match,external_v1_alternator_01_1119960a24b5,external_audit/images/alternator/external_v1_1_alternator_01.jpg,alternator,electrical_starting_charging,alternator,electrical_starting_charging,This automotive part is an alternator.,clean,MATCH,external_audit_v1
external_v1_alternator_01_1119960a24b5__clean__mismatch,external_v1_alternator_01_1119960a24b5,external_audit/images/alternator/external_v1_1_alternator_01.jpg,alternator,electrical_starting_charging,headlight,lighting,This automotive part is a headlight.,clean,MISMATCH,external_audit_v1
external_v1_alternator_01_1119960a24b5__clean__partial_match,external_v1_alternator_01_1119960a24b5,external_audit/images/alternator/external_v1_1_alternator_01.jpg,alternator,electrical_starting_charging,starter,electrical_starting_charging,This automotive part is a starter.,clean,PARTIAL_MATCH,external_audit_v1
external_v1_alternator_01_1119960a24b5__natural__match,external_v1_alternator_01_1119960a24b5,external_audit/images/alternator/external_v1_1_alternator_01.jpg,alternator,electrical_starting_charging,alternator,electrical_starting_charging,I need an alternator for the charging system.,natural,MATCH,external_audit_v1
external_v1_alternator_01_1119960a24b5__natural__mismatch,external_v1_alternator_01_1119960a24b5,external_audit/images/alternator/external_v1_1_alternator_01.jpg,alternator,electrical_starting_charging,headlight,lighting,I need a front headlamp.,natural,MISMATCH,external_audit_v1
external_v1_alternator_01_1119960a24b5__natural__partial_match,external_v1_alternator_01_1119960a24b5,external_audit/images/alternator/external_v1_1_alternator_01.jpg,alternator,electrical_starting_charging,starter,electrical_starting_charging,I need a starter motor for the car.,natural,PARTIAL_MATCH,external_audit_v1
external_v1_alternator_02_22fbf9d524d2__clean__match,external_v1_alternator_02_22fbf9d524d2,external_audit/images/alternator/external_v1_1_alternator_02.jpg,alternator,electrical_starting_charging,alternator,electrical_starting_charging,This automotive part is an alternator.,clean,MATCH,external_audit_v1
external_v1_alternator_02_22fbf9d524d2__clean__mismatch,external_v1_alternator_02_22fbf9d524d2,external_audit/images/alternator/external_v1_1_alternator_02.jpg,alternator,electrical_starting_charging,headlight,lighting,This automotive part is a headlight.,clean,MISMATCH,external_audit_v1
external_v1_alternator_02_22fbf9d524d2__clean__partial_match,external_v1_alternator_02_22fbf9d524d2,external_audit/images/alternator/external_v1_1_alternator_02.jpg,alternator,electrical_starting_charging,starter,electrical_starting_charging,This automotive part is a starter.,clean,PARTIAL_MATCH,external_audit_v1
external_v1_alternator_02_22fbf9d524d2__natural__match,external_v1_alternator_02_22fbf9d524d2,external_audit/images/alternator/external_v1_1_alternator_02.jpg,alternator,electrical_starting_charging,alternator,electrical_starting_charging,I need an alternator for the charging system.,natural,MATCH,external_audit_v1
external_v1_alternator_02_22fbf9d524d2__natural__mismatch,external_v1_alternator_02_22fbf9d524d2,external_audit/images/alternator/external_v1_1_alternator_02.jpg,alternator,electrical_starting_charging,headlight,lighting,I need a front headlamp.,natural,MISMATCH,external_audit_v1
external_v1_alternator_02_22fbf9d524d2__natural__partial_match,external_v1_alternator_02_22fbf9d524d2,external_audit/images/alternator/external_v1_1_alternator_02.jpg,alternator,electrical_starting_charging,starter,electrical_starting_charging,I need a starter motor for the car.,natural,PARTIAL_MATCH,external_audit_v1
external_v1_alternator_03_3eda97ca27dd__clean__match,external_v1_alternator_03_3eda97ca27dd,external_audit/images/alternator/external_v1_1_alternator_03.jpg,alternator,electrical_starting_charging,alternator,electrical_starting_charging,This automotive part is an alternator.,clean,MATCH,external_audit_v1
external_v1_alternator_03_3eda97ca27dd__clean__mismatch,external_v1_alternator_03_3eda97ca27dd,external_audit/images/alternator/external_v1_1_alternator_03.jpg,alternator,electrical_starting_charging,headlight,lighting,This automotive part is a headlight.,clean,MISMATCH,external_audit_v1
external_v1_alternator_03_3eda97ca27dd__clean__partial_match,external_v1_alternator_03_3eda97ca27dd,external_audit/images/alternator/external_v1_1_alternator_03.jpg,alternator,electrical_starting_charging,starter,electrical_starting_charging,This automotive part is a starter.,clean,PARTIAL_MATCH,external_audit_v1
external_v1_alternator_03_3eda97ca27dd__natural__match,external_v1_alternator_03_3eda97ca27dd,external_audit/images/alternator/external_v1_1_alternator_03.jpg,alternator,electrical_starting_charging,alternator,electrical_starting_charging,I need an alternator for the charging system.,natural,MATCH,external_audit_v1
external_v1_alternator_03_3eda97ca27dd__natural__mismatch,external_v1_alternator_03_3eda97ca27dd,external_audit/images/alternator/external_v1_1_alternator_03.jpg,alternator,electrical_starting_charging,headlight,lighting,I need a front headlamp.,natural,MISMATCH,external_audit_v1
external_v1_alternator_03_3eda97ca27dd__natural__partial_match,external_v1_alternator_03_3eda97ca27dd,external_audit/images/alternator/external_v1_1_alternator_03.jpg,alternator,electrical_starting_charging,starter,electrical_starting_charging,I need a starter motor for the car.,natural,PARTIAL_MATCH,external_audit_v1
external_v1_alternator_04_5db03cfa561b__clean__match,external_v1_alternator_04_5db03cfa561b,external_audit/images/alternator/external_v1_1_alternator_04.jpg,alternator,electrical_starting_charging,alternator,electrical_starting_charging,This automotive part is an alternator.,clean,MATCH,external_audit_v1
external_v1_alternator_04_5db03cfa561b__clean__mismatch,external_v1_alternator_04_5db03cfa561b,external_audit/images/alternator/external_v1_1_alternator_04.jpg,alternator,electrical_starting_charging,headlight,lighting,This automotive part is a headlight.,clean,MISMATCH,external_audit_v1
external_v1_alternator_04_5db03cfa561b__clean__partial_match,external_v1_alternator_04_5db03cfa561b,external_audit/images/alternator/external_v1_1_alternator_04.jpg,alternator,electrical_starting_charging,starter,electrical_starting_charging,This automotive part is a starter.,clean,PARTIAL_MATCH,external_audit_v1
external_v1_alternator_04_5db03cfa561b__natural__match,external_v1_alternator_04_5db03cfa561b,external_audit/images/alternator/external_v1_1_alternator_04.jpg,alternator,electrical_starting_charging,alternator,electrical_starting_charging,I need an alternator for the charging system.,natural,MATCH,external_audit_v1
external_v1_alternator_04_5db03cfa561b__natural__mismatch,external_v1_alternator_04_5db03cfa561b,external_audit/images/alternator/external_v1_1_alternator_04.jpg,alternator,electrical_starting_charging,headlight,lighting,I need a front headlamp.,natural,MISMATCH,external_audit_v1
external_v1_alternator_04_5db03cfa561b__natural__partial_match,external_v1_alternator_04_5db03cfa561b,external_audit/images/alternator/external_v1_1_alternator_04.jpg,alternator,electrical_starting_charging,starter,electrical_starting_charging,I need a starter motor for the car.,natural,PARTIAL_MATCH,external_audit_v1
external_v1_alternator_05_1580f7bb67e9__clean__match,external_v1_alternator_05_1580f7bb67e9,external_audit/images/alternator/external_v1_1_alternator_05.jpg,alternator,electrical_starting_charging,alternator,electrical_starting_charging,This automotive part is an alternator.,clean,MATCH,external_audit_v1
external_v1_alternator_05_1580f7bb67e9__clean__mismatch,external_v1_alternator_05_1580f7bb67e9,external_audit/images/alternator/external_v1_1_alternator_05.jpg,alternator,electrical_starting_charging,headlight,lighting,This automotive part is a headlight.,clean,MISMATCH,external_audit_v1
external_v1_alternator_05_1580f7bb67e9__clean__partial_match,external_v1_alternator_05_1580f7bb67e9,external_audit/images/alternator/external_v1_1_alternator_05.jpg,alternator,electrical_starting_charging,starter,electrical_starting_charging,This automotive part is a starter.,clean,PARTIAL_MATCH,external_audit_v1
external_v1_alternator_05_1580f7bb67e9__natural__match,external_v1_alternator_05_1580f7bb67e9,external_audit/images/alternator/external_v1_1_alternator_05.jpg,alternator,electrical_starting_charging,alternator,electrical_starting_charging,I need an alternator for the charging system.,natural,MATCH,external_audit_v1
external_v1_alternator_05_1580f7bb67e9__natural__mismatch,external_v1_alternator_05_1580f7bb67e9,external_audit/images/alternator/external_v1_1_alternator_05.jpg,alternator,electrical_starting_charging,headlight,lighting,I need a front headlamp.,natural,MISMATCH,external_audit_v1
external_v1_alternator_05_1580f7bb67e9__natural__partial_match,external_v1_alternator_05_1580f7bb67e9,external_audit/images/alternator/external_v1_1_alternator_05.jpg,alternator,electrical_starting_charging,starter,electrical_starting_charging,I need a starter motor for the car.,natural,PARTIAL_MATCH,external_audit_v1
external_v1_alternator_06_2763d44ba675__clean__match,external_v1_alternator_06_2763d44ba675,external_audit/images/alternator/external_v1_1_alternator_06.jpg,alternator,electrical_starting_charging,alternator,electrical_starting_charging,This automotive part is an alternator.,clean,MATCH,external_audit_v1
external_v1_alternator_06_2763d44ba675__clean__mismatch,external_v1_alternator_06_2763d44ba675,external_audit/images/alternator/external_v1_1_alternator_06.jpg,alternator,electrical_starting_charging,headlight,lighting,This automotive part is a headlight.,clean,MISMATCH,external_audit_v1
external_v1_alternator_06_2763d44ba675__clean__partial_match,external_v1_alternator_06_2763d44ba675,external_audit/images/alternator/external_v1_1_alternator_06.jpg,alternator,electrical_starting_charging,starter,electrical_starting_charging,This automotive part is a starter.,clean,PARTIAL_MATCH,external_audit_v1
external_v1_alternator_06_2763d44ba675__natural__match,external_v1_alternator_06_2763d44ba675,external_audit/images/alternator/external_v1_1_alternator_06.jpg,alternator,electrical_starting_charging,alternator,electrical_starting_charging,I need an alternator for the charging system.,natural,MATCH,external_audit_v1
external_v1_alternator_06_2763d44ba675__natural__mismatch,external_v1_alternator_06_2763d44ba675,external_audit/images/alternator/external_v1_1_alternator_06.jpg,alternator,electrical_starting_charging,headlight,lighting,I need a front headlamp.,natural,MISMATCH,external_audit_v1
external_v1_alternator_06_2763d44ba675__natural__partial_match,external_v1_alternator_06_2763d44ba675,external_audit/images/alternator/external_v1_1_alternator_06.jpg,alternator,electrical_starting_charging,starter,electrical_starting_charging,I need a starter motor for the car.,natural,PARTIAL_MATCH,external_audit_v1
external_v1_alternator_07_273fe98d6874__clean__match,external_v1_alternator_07_273fe98d6874,external_audit/images/alternator/external_v1_1_alternator_07.jpg,alternator,electrical_starting_charging,alternator,electrical_starting_charging,This automotive part is an alternator.,clean,MATCH,external_audit_v1
external_v1_alternator_07_273fe98d6874__clean__mismatch,external_v1_alternator_07_273fe98d6874,external_audit/images/alternator/external_v1_1_alternator_07.jpg,alternator,electrical_starting_charging,headlight,lighting,This automotive part is a headlight.,clean,MISMATCH,external_audit_v1
external_v1_alternator_07_273fe98d6874__clean__partial_match,external_v1_alternator_07_273fe98d6874,external_audit/images/alternator/external_v1_1_alternator_07.jpg,alternator,electrical_starting_charging,starter,electrical_starting_charging,This automotive part is a starter.,clean,PARTIAL_MATCH,external_audit_v1
external_v1_alternator_07_273fe98d6874__natural__match,external_v1_alternator_07_273fe98d6874,external_audit/images/alternator/external_v1_1_alternator_07.jpg,alternator,electrical_starting_charging,alternator,electrical_starting_charging,I need an alternator for the charging system.,natural,MATCH,external_audit_v1
external_v1_alternator_07_273fe98d6874__natural__mismatch,external_v1_alternator_07_273fe98d6874,external_audit/images/alternator/external_v1_1_alternator_07.jpg,alternator,electrical_starting_charging,headlight,lighting,I need a front headlamp.,natural,MISMATCH,external_audit_v1
external_v1_alternator_07_273fe98d6874__natural__partial_match,external_v1_alternator_07_273fe98d6874,external_audit/images/alternator/external_v1_1_alternator_07.jpg,alternator,electrical_starting_charging,starter,electrical_starting_charging,I need a starter motor for the car.,natural,PARTIAL_MATCH,external_audit_v1
external_v1_alternator_08_c2429694e4c0__clean__match,external_v1_alternator_08_c2429694e4c0,external_audit/images/alternator/external_v1_1_alternator_08.jpg,alternator,electrical_starting_charging,alternator,electrical_starting_charging,This automotive part is an alternator.,clean,MATCH,external_audit_v1
external_v1_alternator_08_c2429694e4c0__clean__mismatch,external_v1_alternator_08_c2429694e4c0,external_audit/images/alternator/external_v1_1_alternator_08.jpg,alternator,electrical_starting_charging,headlight,lighting,This automotive part is a headlight.,clean,MISMATCH,external_audit_v1
external_v1_alternator_08_c2429694e4c0__clean__partial_match,external_v1_alternator_08_c2429694e4c0,external_audit/images/alternator/external_v1_1_alternator_08.jpg,alternator,electrical_starting_charging,starter,electrical_starting_charging,This automotive part is a starter.,clean,PARTIAL_MATCH,external_audit_v1
external_v1_alternator_08_c2429694e4c0__natural__match,external_v1_alternator_08_c2429694e4c0,external_audit/images/alternator/external_v1_1_alternator_08.jpg,alternator,electrical_starting_charging,alternator,electrical_starting_charging,I need an alternator for the charging system.,natural,MATCH,external_audit_v1
external_v1_alternator_08_c2429694e4c0__natural__mismatch,external_v1_alternator_08_c2429694e4c0,external_audit/images/alternator/external_v1_1_alternator_08.jpg,alternator,electrical_starting_charging,headlight,lighting,I need a front headlamp.,natural,MISMATCH,external_audit_v1
external_v1_alternator_08_c2429694e4c0__natural__partial_match,external_v1_alternator_08_c2429694e4c0,external_audit/images/alternator/external_v1_1_alternator_08.jpg,alternator,electrical_starting_charging,starter,electrical_starting_charging,I need a starter motor for the car.,natural,PARTIAL_MATCH,external_audit_v1
external_v1_alternator_09_8717db8608f5__clean__match,external_v1_alternator_09_8717db8608f5,external_audit/images/alternator/external_v1_1_alternator_09.jpg,alternator,electrical_starting_charging,alternator,electrical_starting_charging,This automotive part is an alternator.,clean,MATCH,external_audit_v1
external_v1_alternator_09_8717db8608f5__clean__mismatch,external_v1_alternator_09_8717db8608f5,external_audit/images/alternator/external_v1_1_alternator_09.jpg,alternator,electrical_starting_charging,headlight,lighting,This automotive part is a headlight.,clean,MISMATCH,external_audit_v1
external_v1_alternator_09_8717db8608f5__clean__partial_match,external_v1_alternator_09_8717db8608f5,external_audit/images/alternator/external_v1_1_alternator_09.jpg,alternator,electrical_starting_charging,starter,electrical_starting_charging,This automotive part is a starter.,clean,PARTIAL_MATCH,external_audit_v1
external_v1_alternator_09_8717db8608f5__natural__match,external_v1_alternator_09_8717db8608f5,external_audit/images/alternator/external_v1_1_alternator_09.jpg,alternator,electrical_starting_charging,alternator,electrical_starting_charging,I need an alternator for the charging system.,natural,MATCH,external_audit_v1
external_v1_alternator_09_8717db8608f5__natural__mismatch,external_v1_alternator_09_8717db8608f5,external_audit/images/alternator/external_v1_1_alternator_09.jpg,alternator,electrical_starting_charging,headlight,lighting,I need a front headlamp.,natural,MISMATCH,external_audit_v1
external_v1_alternator_09_8717db8608f5__natural__partial_match,external_v1_alternator_09_8717db8608f5,external_audit/images/alternator/external_v1_1_alternator_09.jpg,alternator,electrical_starting_charging,starter,electrical_starting_charging,I need a starter motor for the car.,natural,PARTIAL_MATCH,external_audit_v1
external_v1_alternator_10_9fb8a04100ee__clean__match,external_v1_alternator_10_9fb8a04100ee,external_audit/images/alternator/external_v1_1_alternator_10.png,alternator,electrical_starting_charging,alternator,electrical_starting_charging,This automotive part is an alternator.,clean,MATCH,external_audit_v1
external_v1_alternator_10_9fb8a04100ee__clean__mismatch,external_v1_alternator_10_9fb8a04100ee,external_audit/images/alternator/external_v1_1_alternator_10.png,alternator,electrical_starting_charging,headlight,lighting,This automotive part is a headlight.,clean,MISMATCH,external_audit_v1
external_v1_alternator_10_9fb8a04100ee__clean__partial_match,external_v1_alternator_10_9fb8a04100ee,external_audit/images/alternator/external_v1_1_alternator_10.png,alternator,electrical_starting_charging,starter,electrical_starting_charging,This automotive part is a starter.,clean,PARTIAL_MATCH,external_audit_v1
external_v1_alternator_10_9fb8a04100ee__natural__match,external_v1_alternator_10_9fb8a04100ee,external_audit/images/alternator/external_v1_1_alternator_10.png,alternator,electrical_starting_charging,alternator,electrical_starting_charging,I need an alternator for the charging system.,natural,MATCH,external_audit_v1
external_v1_alternator_10_9fb8a04100ee__natural__mismatch,external_v1_alternator_10_9fb8a04100ee,external_audit/images/alternator/external_v1_1_alternator_10.png,alternator,electrical_starting_charging,headlight,lighting,I need a front headlamp.,natural,MISMATCH,external_audit_v1
external_v1_alternator_10_9fb8a04100ee__natural__partial_match,external_v1_alternator_10_9fb8a04100ee,external_audit/images/alternator/external_v1_1_alternator_10.png,alternator,electrical_starting_charging,starter,electrical_starting_charging,I need a starter motor for the car.,natural,PARTIAL_MATCH,external_audit_v1
external_v1_headlight_01_ebb53b0664ff__clean__match,external_v1_headlight_01_ebb53b0664ff,external_audit/images/headlight/external_v1_1_headlight_01.jpg,headlight,lighting,headlight,lighting,This automotive part is a headlight.,clean,MATCH,external_audit_v1
external_v1_headlight_01_ebb53b0664ff__clean__mismatch,external_v1_headlight_01_ebb53b0664ff,external_audit/images/headlight/external_v1_1_headlight_01.jpg,headlight,lighting,spark_plug,ignition_and_fuel,This automotive part is a spark plug.,clean,MISMATCH,external_audit_v1
external_v1_headlight_01_ebb53b0664ff__clean__partial_match,external_v1_headlight_01_ebb53b0664ff,external_audit/images/headlight/external_v1_1_headlight_01.jpg,headlight,lighting,taillight,lighting,This automotive part is a taillight.,clean,PARTIAL_MATCH,external_audit_v1
external_v1_headlight_01_ebb53b0664ff__natural__match,external_v1_headlight_01_ebb53b0664ff,external_audit/images/headlight/external_v1_1_headlight_01.jpg,headlight,lighting,headlight,lighting,I need a front headlamp.,natural,MATCH,external_audit_v1
external_v1_headlight_01_ebb53b0664ff__natural__mismatch,external_v1_headlight_01_ebb53b0664ff,external_audit/images/headlight/external_v1_1_headlight_01.jpg,headlight,lighting,spark_plug,ignition_and_fuel,I need spark plugs for the engine.,natural,MISMATCH,external_audit_v1
external_v1_headlight_01_ebb53b0664ff__natural__partial_match,external_v1_headlight_01_ebb53b0664ff,external_audit/images/headlight/external_v1_1_headlight_01.jpg,headlight,lighting,taillight,lighting,I need a rear tail lamp.,natural,PARTIAL_MATCH,external_audit_v1
external_v1_headlight_02_8f6f5e258146__clean__match,external_v1_headlight_02_8f6f5e258146,external_audit/images/headlight/external_v1_1_headlight_02.jpg,headlight,lighting,headlight,lighting,This automotive part is a headlight.,clean,MATCH,external_audit_v1
external_v1_headlight_02_8f6f5e258146__clean__mismatch,external_v1_headlight_02_8f6f5e258146,external_audit/images/headlight/external_v1_1_headlight_02.jpg,headlight,lighting,spark_plug,ignition_and_fuel,This automotive part is a spark plug.,clean,MISMATCH,external_audit_v1
external_v1_headlight_02_8f6f5e258146__clean__partial_match,external_v1_headlight_02_8f6f5e258146,external_audit/images/headlight/external_v1_1_headlight_02.jpg,headlight,lighting,taillight,lighting,This automotive part is a taillight.,clean,PARTIAL_MATCH,external_audit_v1
external_v1_headlight_02_8f6f5e258146__natural__match,external_v1_headlight_02_8f6f5e258146,external_audit/images/headlight/external_v1_1_headlight_02.jpg,headlight,lighting,headlight,lighting,I need a front headlamp.,natural,MATCH,external_audit_v1
external_v1_headlight_02_8f6f5e258146__natural__mismatch,external_v1_headlight_02_8f6f5e258146,external_audit/images/headlight/external_v1_1_headlight_02.jpg,headlight,lighting,spark_plug,ignition_and_fuel,I need spark plugs for the engine.,natural,MISMATCH,external_audit_v1
external_v1_headlight_02_8f6f5e258146__natural__partial_match,external_v1_headlight_02_8f6f5e258146,external_audit/images/headlight/external_v1_1_headlight_02.jpg,headlight,lighting,taillight,lighting,I need a rear tail lamp.,natural,PARTIAL_MATCH,external_audit_v1
external_v1_headlight_03_349988cab9ad__clean__match,external_v1_headlight_03_349988cab9ad,external_audit/images/headlight/external_v1_1_headlight_03.jpg,headlight,lighting,headlight,lighting,This automotive part is a headlight.,clean,MATCH,external_audit_v1
external_v1_headlight_03_349988cab9ad__clean__mismatch,external_v1_headlight_03_349988cab9ad,external_audit/images/headlight/external_v1_1_headlight_03.jpg,headlight,lighting,spark_plug,ignition_and_fuel,This automotive part is a spark plug.,clean,MISMATCH,external_audit_v1
external_v1_headlight_03_349988cab9ad__clean__partial_match,external_v1_headlight_03_349988cab9ad,external_audit/images/headlight/external_v1_1_headlight_03.jpg,headlight,lighting,taillight,lighting,This automotive part is a taillight.,clean,PARTIAL_MATCH,external_audit_v1
external_v1_headlight_03_349988cab9ad__natural__match,external_v1_headlight_03_349988cab9ad,external_audit/images/headlight/external_v1_1_headlight_03.jpg,headlight,lighting,headlight,lighting,I need a front headlamp.,natural,MATCH,external_audit_v1
external_v1_headlight_03_349988cab9ad__natural__mismatch,external_v1_headlight_03_349988cab9ad,external_audit/images/headlight/external_v1_1_headlight_03.jpg,headlight,lighting,spark_plug,ignition_and_fuel,I need spark plugs for the engine.,natural,MISMATCH,external_audit_v1
external_v1_headlight_03_349988cab9ad__natural__partial_match,external_v1_headlight_03_349988cab9ad,external_audit/images/headlight/external_v1_1_headlight_03.jpg,headlight,lighting,taillight,lighting,I need a rear tail lamp.,natural,PARTIAL_MATCH,external_audit_v1
external_v1_headlight_04_5ff8bf0f5126__clean__match,external_v1_headlight_04_5ff8bf0f5126,external_audit/images/headlight/external_v1_1_headlight_04.jpg,headlight,lighting,headlight,lighting,This automotive part is a headlight.,clean,MATCH,external_audit_v1
external_v1_headlight_04_5ff8bf0f5126__clean__mismatch,external_v1_headlight_04_5ff8bf0f5126,external_audit/images/headlight/external_v1_1_headlight_04.jpg,headlight,lighting,spark_plug,ignition_and_fuel,This automotive part is a spark plug.,clean,MISMATCH,external_audit_v1
external_v1_headlight_04_5ff8bf0f5126__clean__partial_match,external_v1_headlight_04_5ff8bf0f5126,external_audit/images/headlight/external_v1_1_headlight_04.jpg,headlight,lighting,taillight,lighting,This automotive part is a taillight.,clean,PARTIAL_MATCH,external_audit_v1
external_v1_headlight_04_5ff8bf0f5126__natural__match,external_v1_headlight_04_5ff8bf0f5126,external_audit/images/headlight/external_v1_1_headlight_04.jpg,headlight,lighting,headlight,lighting,I need a front headlamp.,natural,MATCH,external_audit_v1
external_v1_headlight_04_5ff8bf0f5126__natural__mismatch,external_v1_headlight_04_5ff8bf0f5126,external_audit/images/headlight/external_v1_1_headlight_04.jpg,headlight,lighting,spark_plug,ignition_and_fuel,I need spark plugs for the engine.,natural,MISMATCH,external_audit_v1
external_v1_headlight_04_5ff8bf0f5126__natural__partial_match,external_v1_headlight_04_5ff8bf0f5126,external_audit/images/headlight/external_v1_1_headlight_04.jpg,headlight,lighting,taillight,lighting,I need a rear tail lamp.,natural,PARTIAL_MATCH,external_audit_v1
external_v1_headlight_05_67e354db9f44__clean__match,external_v1_headlight_05_67e354db9f44,external_audit/images/headlight/external_v1_1_headlight_05.jpg,headlight,lighting,headlight,lighting,This automotive part is a headlight.,clean,MATCH,external_audit_v1
external_v1_headlight_05_67e354db9f44__clean__mismatch,external_v1_headlight_05_67e354db9f44,external_audit/images/headlight/external_v1_1_headlight_05.jpg,headlight,lighting,spark_plug,ignition_and_fuel,This automotive part is a spark plug.,clean,MISMATCH,external_audit_v1
external_v1_headlight_05_67e354db9f44__clean__partial_match,external_v1_headlight_05_67e354db9f44,external_audit/images/headlight/external_v1_1_headlight_05.jpg,headlight,lighting,taillight,lighting,This automotive part is a taillight.,clean,PARTIAL_MATCH,external_audit_v1
external_v1_headlight_05_67e354db9f44__natural__match,external_v1_headlight_05_67e354db9f44,external_audit/images/headlight/external_v1_1_headlight_05.jpg,headlight,lighting,headlight,lighting,I need a front headlamp.,natural,MATCH,external_audit_v1
external_v1_headlight_05_67e354db9f44__natural__mismatch,external_v1_headlight_05_67e354db9f44,external_audit/images/headlight/external_v1_1_headlight_05.jpg,headlight,lighting,spark_plug,ignition_and_fuel,I need spark plugs for the engine.,natural,MISMATCH,external_audit_v1
external_v1_headlight_05_67e354db9f44__natural__partial_match,external_v1_headlight_05_67e354db9f44,external_audit/images/headlight/external_v1_1_headlight_05.jpg,headlight,lighting,taillight,lighting,I need a rear tail lamp.,natural,PARTIAL_MATCH,external_audit_v1
external_v1_headlight_06_25c92851d2f2__clean__match,external_v1_headlight_06_25c92851d2f2,external_audit/images/headlight/external_v1_1_headlight_06.jpg,headlight,lighting,headlight,lighting,This automotive part is a headlight.,clean,MATCH,external_audit_v1
external_v1_headlight_06_25c92851d2f2__clean__mismatch,external_v1_headlight_06_25c92851d2f2,external_audit/images/headlight/external_v1_1_headlight_06.jpg,headlight,lighting,spark_plug,ignition_and_fuel,This automotive part is a spark plug.,clean,MISMATCH,external_audit_v1
external_v1_headlight_06_25c92851d2f2__clean__partial_match,external_v1_headlight_06_25c92851d2f2,external_audit/images/headlight/external_v1_1_headlight_06.jpg,headlight,lighting,taillight,lighting,This automotive part is a taillight.,clean,PARTIAL_MATCH,external_audit_v1
external_v1_headlight_06_25c92851d2f2__natural__match,external_v1_headlight_06_25c92851d2f2,external_audit/images/headlight/external_v1_1_headlight_06.jpg,headlight,lighting,headlight,lighting,I need a front headlamp.,natural,MATCH,external_audit_v1
external_v1_headlight_06_25c92851d2f2__natural__mismatch,external_v1_headlight_06_25c92851d2f2,external_audit/images/headlight/external_v1_1_headlight_06.jpg,headlight,lighting,spark_plug,ignition_and_fuel,I need spark plugs for the engine.,natural,MISMATCH,external_audit_v1
external_v1_headlight_06_25c92851d2f2__natural__partial_match,external_v1_headlight_06_25c92851d2f2,external_audit/images/headlight/external_v1_1_headlight_06.jpg,headlight,lighting,taillight,lighting,I need a rear tail lamp.,natural,PARTIAL_MATCH,external_audit_v1
external_v1_headlight_07_77adc5fcb3da__clean__match,external_v1_headlight_07_77adc5fcb3da,external_audit/images/headlight/external_v1_1_headlight_07.jpg,headlight,lighting,headlight,lighting,This automotive part is a headlight.,clean,MATCH,external_audit_v1
external_v1_headlight_07_77adc5fcb3da__clean__mismatch,external_v1_headlight_07_77adc5fcb3da,external_audit/images/headlight/external_v1_1_headlight_07.jpg,headlight,lighting,spark_plug,ignition_and_fuel,This automotive part is a spark plug.,clean,MISMATCH,external_audit_v1
external_v1_headlight_07_77adc5fcb3da__clean__partial_match,external_v1_headlight_07_77adc5fcb3da,external_audit/images/headlight/external_v1_1_headlight_07.jpg,headlight,lighting,taillight,lighting,This automotive part is a taillight.,clean,PARTIAL_MATCH,external_audit_v1
external_v1_headlight_07_77adc5fcb3da__natural__match,external_v1_headlight_07_77adc5fcb3da,external_audit/images/headlight/external_v1_1_headlight_07.jpg,headlight,lighting,headlight,lighting,I need a front headlamp.,natural,MATCH,external_audit_v1
external_v1_headlight_07_77adc5fcb3da__natural__mismatch,external_v1_headlight_07_77adc5fcb3da,external_audit/images/headlight/external_v1_1_headlight_07.jpg,headlight,lighting,spark_plug,ignition_and_fuel,I need spark plugs for the engine.,natural,MISMATCH,external_audit_v1
external_v1_headlight_07_77adc5fcb3da__natural__partial_match,external_v1_headlight_07_77adc5fcb3da,external_audit/images/headlight/external_v1_1_headlight_07.jpg,headlight,lighting,taillight,lighting,I need a rear tail lamp.,natural,PARTIAL_MATCH,external_audit_v1
external_v1_headlight_08_4590298480bf__clean__match,external_v1_headlight_08_4590298480bf,external_audit/images/headlight/external_v1_1_headlight_08.jpg,headlight,lighting,headlight,lighting,This automotive part is a headlight.,clean,MATCH,external_audit_v1
external_v1_headlight_08_4590298480bf__clean__mismatch,external_v1_headlight_08_4590298480bf,external_audit/images/headlight/external_v1_1_headlight_08.jpg,headlight,lighting,spark_plug,ignition_and_fuel,This automotive part is a spark plug.,clean,MISMATCH,external_audit_v1
external_v1_headlight_08_4590298480bf__clean__partial_match,external_v1_headlight_08_4590298480bf,external_audit/images/headlight/external_v1_1_headlight_08.jpg,headlight,lighting,taillight,lighting,This automotive part is a taillight.,clean,PARTIAL_MATCH,external_audit_v1
external_v1_headlight_08_4590298480bf__natural__match,external_v1_headlight_08_4590298480bf,external_audit/images/headlight/external_v1_1_headlight_08.jpg,headlight,lighting,headlight,lighting,I need a front headlamp.,natural,MATCH,external_audit_v1
external_v1_headlight_08_4590298480bf__natural__mismatch,external_v1_headlight_08_4590298480bf,external_audit/images/headlight/external_v1_1_headlight_08.jpg,headlight,lighting,spark_plug,ignition_and_fuel,I need spark plugs for the engine.,natural,MISMATCH,external_audit_v1
external_v1_headlight_08_4590298480bf__natural__partial_match,external_v1_headlight_08_4590298480bf,external_audit/images/headlight/external_v1_1_headlight_08.jpg,headlight,lighting,taillight,lighting,I need a rear tail lamp.,natural,PARTIAL_MATCH,external_audit_v1
external_v1_headlight_09_04592ce2345d__clean__match,external_v1_headlight_09_04592ce2345d,external_audit/images/headlight/external_v1_1_headlight_09.jpg,headlight,lighting,headlight,lighting,This automotive part is a headlight.,clean,MATCH,external_audit_v1
external_v1_headlight_09_04592ce2345d__clean__mismatch,external_v1_headlight_09_04592ce2345d,external_audit/images/headlight/external_v1_1_headlight_09.jpg,headlight,lighting,spark_plug,ignition_and_fuel,This automotive part is a spark plug.,clean,MISMATCH,external_audit_v1
external_v1_headlight_09_04592ce2345d__clean__partial_match,external_v1_headlight_09_04592ce2345d,external_audit/images/headlight/external_v1_1_headlight_09.jpg,headlight,lighting,taillight,lighting,This automotive part is a taillight.,clean,PARTIAL_MATCH,external_audit_v1
external_v1_headlight_09_04592ce2345d__natural__match,external_v1_headlight_09_04592ce2345d,external_audit/images/headlight/external_v1_1_headlight_09.jpg,headlight,lighting,headlight,lighting,I need a front headlamp.,natural,MATCH,external_audit_v1
external_v1_headlight_09_04592ce2345d__natural__mismatch,external_v1_headlight_09_04592ce2345d,external_audit/images/headlight/external_v1_1_headlight_09.jpg,headlight,lighting,spark_plug,ignition_and_fuel,I need spark plugs for the engine.,natural,MISMATCH,external_audit_v1
external_v1_headlight_09_04592ce2345d__natural__partial_match,external_v1_headlight_09_04592ce2345d,external_audit/images/headlight/external_v1_1_headlight_09.jpg,headlight,lighting,taillight,lighting,I need a rear tail lamp.,natural,PARTIAL_MATCH,external_audit_v1
external_v1_headlight_10_60746ae766f1__clean__match,external_v1_headlight_10_60746ae766f1,external_audit/images/headlight/external_v1_1_headlight_10.jpg,headlight,lighting,headlight,lighting,This automotive part is a headlight.,clean,MATCH,external_audit_v1
external_v1_headlight_10_60746ae766f1__clean__mismatch,external_v1_headlight_10_60746ae766f1,external_audit/images/headlight/external_v1_1_headlight_10.jpg,headlight,lighting,spark_plug,ignition_and_fuel,This automotive part is a spark plug.,clean,MISMATCH,external_audit_v1
external_v1_headlight_10_60746ae766f1__clean__partial_match,external_v1_headlight_10_60746ae766f1,external_audit/images/headlight/external_v1_1_headlight_10.jpg,headlight,lighting,taillight,lighting,This automotive part is a taillight.,clean,PARTIAL_MATCH,external_audit_v1
external_v1_headlight_10_60746ae766f1__natural__match,external_v1_headlight_10_60746ae766f1,external_audit/images/headlight/external_v1_1_headlight_10.jpg,headlight,lighting,headlight,lighting,I need a front headlamp.,natural,MATCH,external_audit_v1
external_v1_headlight_10_60746ae766f1__natural__mismatch,external_v1_headlight_10_60746ae766f1,external_audit/images/headlight/external_v1_1_headlight_10.jpg,headlight,lighting,spark_plug,ignition_and_fuel,I need spark plugs for the engine.,natural,MISMATCH,external_audit_v1
external_v1_headlight_10_60746ae766f1__natural__partial_match,external_v1_headlight_10_60746ae766f1,external_audit/images/headlight/external_v1_1_headlight_10.jpg,headlight,lighting,taillight,lighting,I need a rear tail lamp.,natural,PARTIAL_MATCH,external_audit_v1
external_v1_ignition_coil_01_d464ad2a67f4__clean__match,external_v1_ignition_coil_01_d464ad2a67f4,external_audit/images/ignition_coil/external_v1_1_ignition_coil_01.jpg,ignition_coil,ignition_and_fuel,ignition_coil,ignition_and_fuel,This automotive part is an ignition coil.,clean,MATCH,external_audit_v1
external_v1_ignition_coil_01_d464ad2a67f4__clean__mismatch,external_v1_ignition_coil_01_d464ad2a67f4,external_audit/images/ignition_coil/external_v1_1_ignition_coil_01.jpg,ignition_coil,ignition_and_fuel,starter,electrical_starting_charging,This automotive part is a starter.,clean,MISMATCH,external_audit_v1
external_v1_ignition_coil_01_d464ad2a67f4__clean__partial_match,external_v1_ignition_coil_01_d464ad2a67f4,external_audit/images/ignition_coil/external_v1_1_ignition_coil_01.jpg,ignition_coil,ignition_and_fuel,spark_plug,ignition_and_fuel,This automotive part is a spark plug.,clean,PARTIAL_MATCH,external_audit_v1
external_v1_ignition_coil_01_d464ad2a67f4__natural__match,external_v1_ignition_coil_01_d464ad2a67f4,external_audit/images/ignition_coil/external_v1_1_ignition_coil_01.jpg,ignition_coil,ignition_and_fuel,ignition_coil,ignition_and_fuel,I need an ignition coil pack.,natural,MATCH,external_audit_v1
external_v1_ignition_coil_01_d464ad2a67f4__natural__mismatch,external_v1_ignition_coil_01_d464ad2a67f4,external_audit/images/ignition_coil/external_v1_1_ignition_coil_01.jpg,ignition_coil,ignition_and_fuel,starter,electrical_starting_charging,I need a starter motor for the car.,natural,MISMATCH,external_audit_v1
external_v1_ignition_coil_01_d464ad2a67f4__natural__partial_match,external_v1_ignition_coil_01_d464ad2a67f4,external_audit/images/ignition_coil/external_v1_1_ignition_coil_01.jpg,ignition_coil,ignition_and_fuel,spark_plug,ignition_and_fuel,I need spark plugs for the engine.,natural,PARTIAL_MATCH,external_audit_v1
external_v1_ignition_coil_02_cdfe98289633__clean__match,external_v1_ignition_coil_02_cdfe98289633,external_audit/images/ignition_coil/external_v1_1_ignition_coil_02.jpg,ignition_coil,ignition_and_fuel,ignition_coil,ignition_and_fuel,This automotive part is an ignition coil.,clean,MATCH,external_audit_v1
external_v1_ignition_coil_02_cdfe98289633__clean__mismatch,external_v1_ignition_coil_02_cdfe98289633,external_audit/images/ignition_coil/external_v1_1_ignition_coil_02.jpg,ignition_coil,ignition_and_fuel,starter,electrical_starting_charging,This automotive part is a starter.,clean,MISMATCH,external_audit_v1
external_v1_ignition_coil_02_cdfe98289633__clean__partial_match,external_v1_ignition_coil_02_cdfe98289633,external_audit/images/ignition_coil/external_v1_1_ignition_coil_02.jpg,ignition_coil,ignition_and_fuel,spark_plug,ignition_and_fuel,This automotive part is a spark plug.,clean,PARTIAL_MATCH,external_audit_v1
external_v1_ignition_coil_02_cdfe98289633__natural__match,external_v1_ignition_coil_02_cdfe98289633,external_audit/images/ignition_coil/external_v1_1_ignition_coil_02.jpg,ignition_coil,ignition_and_fuel,ignition_coil,ignition_and_fuel,I need an ignition coil pack.,natural,MATCH,external_audit_v1
external_v1_ignition_coil_02_cdfe98289633__natural__mismatch,external_v1_ignition_coil_02_cdfe98289633,external_audit/images/ignition_coil/external_v1_1_ignition_coil_02.jpg,ignition_coil,ignition_and_fuel,starter,electrical_starting_charging,I need a starter motor for the car.,natural,MISMATCH,external_audit_v1
external_v1_ignition_coil_02_cdfe98289633__natural__partial_match,external_v1_ignition_coil_02_cdfe98289633,external_audit/images/ignition_coil/external_v1_1_ignition_coil_02.jpg,ignition_coil,ignition_and_fuel,spark_plug,ignition_and_fuel,I need spark plugs for the engine.,natural,PARTIAL_MATCH,external_audit_v1
external_v1_ignition_coil_03_2d8fdc30af6c__clean__match,external_v1_ignition_coil_03_2d8fdc30af6c,external_audit/images/ignition_coil/external_v1_1_ignition_coil_03.jpg,ignition_coil,ignition_and_fuel,ignition_coil,ignition_and_fuel,This automotive part is an ignition coil.,clean,MATCH,external_audit_v1
external_v1_ignition_coil_03_2d8fdc30af6c__clean__mismatch,external_v1_ignition_coil_03_2d8fdc30af6c,external_audit/images/ignition_coil/external_v1_1_ignition_coil_03.jpg,ignition_coil,ignition_and_fuel,starter,electrical_starting_charging,This automotive part is a starter.,clean,MISMATCH,external_audit_v1
external_v1_ignition_coil_03_2d8fdc30af6c__clean__partial_match,external_v1_ignition_coil_03_2d8fdc30af6c,external_audit/images/ignition_coil/external_v1_1_ignition_coil_03.jpg,ignition_coil,ignition_and_fuel,spark_plug,ignition_and_fuel,This automotive part is a spark plug.,clean,PARTIAL_MATCH,external_audit_v1
external_v1_ignition_coil_03_2d8fdc30af6c__natural__match,external_v1_ignition_coil_03_2d8fdc30af6c,external_audit/images/ignition_coil/external_v1_1_ignition_coil_03.jpg,ignition_coil,ignition_and_fuel,ignition_coil,ignition_and_fuel,I need an ignition coil pack.,natural,MATCH,external_audit_v1
external_v1_ignition_coil_03_2d8fdc30af6c__natural__mismatch,external_v1_ignition_coil_03_2d8fdc30af6c,external_audit/images/ignition_coil/external_v1_1_ignition_coil_03.jpg,ignition_coil,ignition_and_fuel,starter,electrical_starting_charging,I need a starter motor for the car.,natural,MISMATCH,external_audit_v1
external_v1_ignition_coil_03_2d8fdc30af6c__natural__partial_match,external_v1_ignition_coil_03_2d8fdc30af6c,external_audit/images/ignition_coil/external_v1_1_ignition_coil_03.jpg,ignition_coil,ignition_and_fuel,spark_plug,ignition_and_fuel,I need spark plugs for the engine.,natural,PARTIAL_MATCH,external_audit_v1
external_v1_ignition_coil_04_b905b49c0793__clean__match,external_v1_ignition_coil_04_b905b49c0793,external_audit/images/ignition_coil/external_v1_1_ignition_coil_04.jpg,ignition_coil,ignition_and_fuel,ignition_coil,ignition_and_fuel,This automotive part is an ignition coil.,clean,MATCH,external_audit_v1
external_v1_ignition_coil_04_b905b49c0793__clean__mismatch,external_v1_ignition_coil_04_b905b49c0793,external_audit/images/ignition_coil/external_v1_1_ignition_coil_04.jpg,ignition_coil,ignition_and_fuel,starter,electrical_starting_charging,This automotive part is a starter.,clean,MISMATCH,external_audit_v1
external_v1_ignition_coil_04_b905b49c0793__clean__partial_match,external_v1_ignition_coil_04_b905b49c0793,external_audit/images/ignition_coil/external_v1_1_ignition_coil_04.jpg,ignition_coil,ignition_and_fuel,spark_plug,ignition_and_fuel,This automotive part is a spark plug.,clean,PARTIAL_MATCH,external_audit_v1
external_v1_ignition_coil_04_b905b49c0793__natural__match,external_v1_ignition_coil_04_b905b49c0793,external_audit/images/ignition_coil/external_v1_1_ignition_coil_04.jpg,ignition_coil,ignition_and_fuel,ignition_coil,ignition_and_fuel,I need an ignition coil pack.,natural,MATCH,external_audit_v1
external_v1_ignition_coil_04_b905b49c0793__natural__mismatch,external_v1_ignition_coil_04_b905b49c0793,external_audit/images/ignition_coil/external_v1_1_ignition_coil_04.jpg,ignition_coil,ignition_and_fuel,starter,electrical_starting_charging,I need a starter motor for the car.,natural,MISMATCH,external_audit_v1
external_v1_ignition_coil_04_b905b49c0793__natural__partial_match,external_v1_ignition_coil_04_b905b49c0793,external_audit/images/ignition_coil/external_v1_1_ignition_coil_04.jpg,ignition_coil,ignition_and_fuel,spark_plug,ignition_and_fuel,I need spark plugs for the engine.,natural,PARTIAL_MATCH,external_audit_v1
external_v1_ignition_coil_05_a2e07d1727a5__clean__match,external_v1_ignition_coil_05_a2e07d1727a5,external_audit/images/ignition_coil/external_v1_1_ignition_coil_05.jpg,ignition_coil,ignition_and_fuel,ignition_coil,ignition_and_fuel,This automotive part is an ignition coil.,clean,MATCH,external_audit_v1
external_v1_ignition_coil_05_a2e07d1727a5__clean__mismatch,external_v1_ignition_coil_05_a2e07d1727a5,external_audit/images/ignition_coil/external_v1_1_ignition_coil_05.jpg,ignition_coil,ignition_and_fuel,starter,electrical_starting_charging,This automotive part is a starter.,clean,MISMATCH,external_audit_v1
external_v1_ignition_coil_05_a2e07d1727a5__clean__partial_match,external_v1_ignition_coil_05_a2e07d1727a5,external_audit/images/ignition_coil/external_v1_1_ignition_coil_05.jpg,ignition_coil,ignition_and_fuel,spark_plug,ignition_and_fuel,This automotive part is a spark plug.,clean,PARTIAL_MATCH,external_audit_v1
external_v1_ignition_coil_05_a2e07d1727a5__natural__match,external_v1_ignition_coil_05_a2e07d1727a5,external_audit/images/ignition_coil/external_v1_1_ignition_coil_05.jpg,ignition_coil,ignition_and_fuel,ignition_coil,ignition_and_fuel,I need an ignition coil pack.,natural,MATCH,external_audit_v1
external_v1_ignition_coil_05_a2e07d1727a5__natural__mismatch,external_v1_ignition_coil_05_a2e07d1727a5,external_audit/images/ignition_coil/external_v1_1_ignition_coil_05.jpg,ignition_coil,ignition_and_fuel,starter,electrical_starting_charging,I need a starter motor for the car.,natural,MISMATCH,external_audit_v1
external_v1_ignition_coil_05_a2e07d1727a5__natural__partial_match,external_v1_ignition_coil_05_a2e07d1727a5,external_audit/images/ignition_coil/external_v1_1_ignition_coil_05.jpg,ignition_coil,ignition_and_fuel,spark_plug,ignition_and_fuel,I need spark plugs for the engine.,natural,PARTIAL_MATCH,external_audit_v1
external_v1_ignition_coil_06_9f53a4209f9f__clean__match,external_v1_ignition_coil_06_9f53a4209f9f,external_audit/images/ignition_coil/external_v1_1_ignition_coil_06.jpg,ignition_coil,ignition_and_fuel,ignition_coil,ignition_and_fuel,This automotive part is an ignition coil.,clean,MATCH,external_audit_v1
external_v1_ignition_coil_06_9f53a4209f9f__clean__mismatch,external_v1_ignition_coil_06_9f53a4209f9f,external_audit/images/ignition_coil/external_v1_1_ignition_coil_06.jpg,ignition_coil,ignition_and_fuel,starter,electrical_starting_charging,This automotive part is a starter.,clean,MISMATCH,external_audit_v1
external_v1_ignition_coil_06_9f53a4209f9f__clean__partial_match,external_v1_ignition_coil_06_9f53a4209f9f,external_audit/images/ignition_coil/external_v1_1_ignition_coil_06.jpg,ignition_coil,ignition_and_fuel,spark_plug,ignition_and_fuel,This automotive part is a spark plug.,clean,PARTIAL_MATCH,external_audit_v1
external_v1_ignition_coil_06_9f53a4209f9f__natural__match,external_v1_ignition_coil_06_9f53a4209f9f,external_audit/images/ignition_coil/external_v1_1_ignition_coil_06.jpg,ignition_coil,ignition_and_fuel,ignition_coil,ignition_and_fuel,I need an ignition coil pack.,natural,MATCH,external_audit_v1
external_v1_ignition_coil_06_9f53a4209f9f__natural__mismatch,external_v1_ignition_coil_06_9f53a4209f9f,external_audit/images/ignition_coil/external_v1_1_ignition_coil_06.jpg,ignition_coil,ignition_and_fuel,starter,electrical_starting_charging,I need a starter motor for the car.,natural,MISMATCH,external_audit_v1
external_v1_ignition_coil_06_9f53a4209f9f__natural__partial_match,external_v1_ignition_coil_06_9f53a4209f9f,external_audit/images/ignition_coil/external_v1_1_ignition_coil_06.jpg,ignition_coil,ignition_and_fuel,spark_plug,ignition_and_fuel,I need spark plugs for the engine.,natural,PARTIAL_MATCH,external_audit_v1
external_v1_ignition_coil_07_08001491e58d__clean__match,external_v1_ignition_coil_07_08001491e58d,external_audit/images/ignition_coil/external_v1_1_ignition_coil_07.jpg,ignition_coil,ignition_and_fuel,ignition_coil,ignition_and_fuel,This automotive part is an ignition coil.,clean,MATCH,external_audit_v1
external_v1_ignition_coil_07_08001491e58d__clean__mismatch,external_v1_ignition_coil_07_08001491e58d,external_audit/images/ignition_coil/external_v1_1_ignition_coil_07.jpg,ignition_coil,ignition_and_fuel,starter,electrical_starting_charging,This automotive part is a starter.,clean,MISMATCH,external_audit_v1
external_v1_ignition_coil_07_08001491e58d__clean__partial_match,external_v1_ignition_coil_07_08001491e58d,external_audit/images/ignition_coil/external_v1_1_ignition_coil_07.jpg,ignition_coil,ignition_and_fuel,spark_plug,ignition_and_fuel,This automotive part is a spark plug.,clean,PARTIAL_MATCH,external_audit_v1
external_v1_ignition_coil_07_08001491e58d__natural__match,external_v1_ignition_coil_07_08001491e58d,external_audit/images/ignition_coil/external_v1_1_ignition_coil_07.jpg,ignition_coil,ignition_and_fuel,ignition_coil,ignition_and_fuel,I need an ignition coil pack.,natural,MATCH,external_audit_v1
external_v1_ignition_coil_07_08001491e58d__natural__mismatch,external_v1_ignition_coil_07_08001491e58d,external_audit/images/ignition_coil/external_v1_1_ignition_coil_07.jpg,ignition_coil,ignition_and_fuel,starter,electrical_starting_charging,I need a starter motor for the car.,natural,MISMATCH,external_audit_v1
external_v1_ignition_coil_07_08001491e58d__natural__partial_match,external_v1_ignition_coil_07_08001491e58d,external_audit/images/ignition_coil/external_v1_1_ignition_coil_07.jpg,ignition_coil,ignition_and_fuel,spark_plug,ignition_and_fuel,I need spark plugs for the engine.,natural,PARTIAL_MATCH,external_audit_v1
external_v1_ignition_coil_08_60aa92b5c831__clean__match,external_v1_ignition_coil_08_60aa92b5c831,external_audit/images/ignition_coil/external_v1_1_ignition_coil_08.png,ignition_coil,ignition_and_fuel,ignition_coil,ignition_and_fuel,This automotive part is an ignition coil.,clean,MATCH,external_audit_v1
external_v1_ignition_coil_08_60aa92b5c831__clean__mismatch,external_v1_ignition_coil_08_60aa92b5c831,external_audit/images/ignition_coil/external_v1_1_ignition_coil_08.png,ignition_coil,ignition_and_fuel,starter,electrical_starting_charging,This automotive part is a starter.,clean,MISMATCH,external_audit_v1
external_v1_ignition_coil_08_60aa92b5c831__clean__partial_match,external_v1_ignition_coil_08_60aa92b5c831,external_audit/images/ignition_coil/external_v1_1_ignition_coil_08.png,ignition_coil,ignition_and_fuel,spark_plug,ignition_and_fuel,This automotive part is a spark plug.,clean,PARTIAL_MATCH,external_audit_v1
external_v1_ignition_coil_08_60aa92b5c831__natural__match,external_v1_ignition_coil_08_60aa92b5c831,external_audit/images/ignition_coil/external_v1_1_ignition_coil_08.png,ignition_coil,ignition_and_fuel,ignition_coil,ignition_and_fuel,I need an ignition coil pack.,natural,MATCH,external_audit_v1
external_v1_ignition_coil_08_60aa92b5c831__natural__mismatch,external_v1_ignition_coil_08_60aa92b5c831,external_audit/images/ignition_coil/external_v1_1_ignition_coil_08.png,ignition_coil,ignition_and_fuel,starter,electrical_starting_charging,I need a starter motor for the car.,natural,MISMATCH,external_audit_v1
external_v1_ignition_coil_08_60aa92b5c831__natural__partial_match,external_v1_ignition_coil_08_60aa92b5c831,external_audit/images/ignition_coil/external_v1_1_ignition_coil_08.png,ignition_coil,ignition_and_fuel,spark_plug,ignition_and_fuel,I need spark plugs for the engine.,natural,PARTIAL_MATCH,external_audit_v1
external_v1_ignition_coil_09_86315949986b__clean__match,external_v1_ignition_coil_09_86315949986b,external_audit/images/ignition_coil/external_v1_1_ignition_coil_09.jpg,ignition_coil,ignition_and_fuel,ignition_coil,ignition_and_fuel,This automotive part is an ignition coil.,clean,MATCH,external_audit_v1
external_v1_ignition_coil_09_86315949986b__clean__mismatch,external_v1_ignition_coil_09_86315949986b,external_audit/images/ignition_coil/external_v1_1_ignition_coil_09.jpg,ignition_coil,ignition_and_fuel,starter,electrical_starting_charging,This automotive part is a starter.,clean,MISMATCH,external_audit_v1
external_v1_ignition_coil_09_86315949986b__clean__partial_match,external_v1_ignition_coil_09_86315949986b,external_audit/images/ignition_coil/external_v1_1_ignition_coil_09.jpg,ignition_coil,ignition_and_fuel,spark_plug,ignition_and_fuel,This automotive part is a spark plug.,clean,PARTIAL_MATCH,external_audit_v1
external_v1_ignition_coil_09_86315949986b__natural__match,external_v1_ignition_coil_09_86315949986b,external_audit/images/ignition_coil/external_v1_1_ignition_coil_09.jpg,ignition_coil,ignition_and_fuel,ignition_coil,ignition_and_fuel,I need an ignition coil pack.,natural,MATCH,external_audit_v1
external_v1_ignition_coil_09_86315949986b__natural__mismatch,external_v1_ignition_coil_09_86315949986b,external_audit/images/ignition_coil/external_v1_1_ignition_coil_09.jpg,ignition_coil,ignition_and_fuel,starter,electrical_starting_charging,I need a starter motor for the car.,natural,MISMATCH,external_audit_v1
external_v1_ignition_coil_09_86315949986b__natural__partial_match,external_v1_ignition_coil_09_86315949986b,external_audit/images/ignition_coil/external_v1_1_ignition_coil_09.jpg,ignition_coil,ignition_and_fuel,spark_plug,ignition_and_fuel,I need spark plugs for the engine.,natural,PARTIAL_MATCH,external_audit_v1
external_v1_ignition_coil_10_4b88418cb46e__clean__match,external_v1_ignition_coil_10_4b88418cb46e,external_audit/images/ignition_coil/external_v1_1_ignition_coil_10.jpg,ignition_coil,ignition_and_fuel,ignition_coil,ignition_and_fuel,This automotive part is an ignition coil.,clean,MATCH,external_audit_v1
external_v1_ignition_coil_10_4b88418cb46e__clean__mismatch,external_v1_ignition_coil_10_4b88418cb46e,external_audit/images/ignition_coil/external_v1_1_ignition_coil_10.jpg,ignition_coil,ignition_and_fuel,starter,electrical_starting_charging,This automotive part is a starter.,clean,MISMATCH,external_audit_v1
external_v1_ignition_coil_10_4b88418cb46e__clean__partial_match,external_v1_ignition_coil_10_4b88418cb46e,external_audit/images/ignition_coil/external_v1_1_ignition_coil_10.jpg,ignition_coil,ignition_and_fuel,spark_plug,ignition_and_fuel,This automotive part is a spark plug.,clean,PARTIAL_MATCH,external_audit_v1
external_v1_ignition_coil_10_4b88418cb46e__natural__match,external_v1_ignition_coil_10_4b88418cb46e,external_audit/images/ignition_coil/external_v1_1_ignition_coil_10.jpg,ignition_coil,ignition_and_fuel,ignition_coil,ignition_and_fuel,I need an ignition coil pack.,natural,MATCH,external_audit_v1
external_v1_ignition_coil_10_4b88418cb46e__natural__mismatch,external_v1_ignition_coil_10_4b88418cb46e,external_audit/images/ignition_coil/external_v1_1_ignition_coil_10.jpg,ignition_coil,ignition_and_fuel,starter,electrical_starting_charging,I need a starter motor for the car.,natural,MISMATCH,external_audit_v1
external_v1_ignition_coil_10_4b88418cb46e__natural__partial_match,external_v1_ignition_coil_10_4b88418cb46e,external_audit/images/ignition_coil/external_v1_1_ignition_coil_10.jpg,ignition_coil,ignition_and_fuel,spark_plug,ignition_and_fuel,I need spark plugs for the engine.,natural,PARTIAL_MATCH,external_audit_v1
external_v1_spark_plug_01_157e16ee22ae__clean__match,external_v1_spark_plug_01_157e16ee22ae,external_audit/images/spark_plug/external_v1_1_spark_plug_01.jpg,spark_plug,ignition_and_fuel,spark_plug,ignition_and_fuel,This automotive part is a spark plug.,clean,MATCH,external_audit_v1
external_v1_spark_plug_01_157e16ee22ae__clean__mismatch,external_v1_spark_plug_01_157e16ee22ae,external_audit/images/spark_plug/external_v1_1_spark_plug_01.jpg,spark_plug,ignition_and_fuel,alternator,electrical_starting_charging,This automotive part is an alternator.,clean,MISMATCH,external_audit_v1
external_v1_spark_plug_01_157e16ee22ae__clean__partial_match,external_v1_spark_plug_01_157e16ee22ae,external_audit/images/spark_plug/external_v1_1_spark_plug_01.jpg,spark_plug,ignition_and_fuel,ignition_coil,ignition_and_fuel,This automotive part is an ignition coil.,clean,PARTIAL_MATCH,external_audit_v1
external_v1_spark_plug_01_157e16ee22ae__natural__match,external_v1_spark_plug_01_157e16ee22ae,external_audit/images/spark_plug/external_v1_1_spark_plug_01.jpg,spark_plug,ignition_and_fuel,spark_plug,ignition_and_fuel,I need spark plugs for the engine.,natural,MATCH,external_audit_v1
external_v1_spark_plug_01_157e16ee22ae__natural__mismatch,external_v1_spark_plug_01_157e16ee22ae,external_audit/images/spark_plug/external_v1_1_spark_plug_01.jpg,spark_plug,ignition_and_fuel,alternator,electrical_starting_charging,I need an alternator for the charging system.,natural,MISMATCH,external_audit_v1
external_v1_spark_plug_01_157e16ee22ae__natural__partial_match,external_v1_spark_plug_01_157e16ee22ae,external_audit/images/spark_plug/external_v1_1_spark_plug_01.jpg,spark_plug,ignition_and_fuel,ignition_coil,ignition_and_fuel,I need an ignition coil pack.,natural,PARTIAL_MATCH,external_audit_v1
external_v1_spark_plug_02_c98f0d1f3a74__clean__match,external_v1_spark_plug_02_c98f0d1f3a74,external_audit/images/spark_plug/external_v1_1_spark_plug_02.jpg,spark_plug,ignition_and_fuel,spark_plug,ignition_and_fuel,This automotive part is a spark plug.,clean,MATCH,external_audit_v1
external_v1_spark_plug_02_c98f0d1f3a74__clean__mismatch,external_v1_spark_plug_02_c98f0d1f3a74,external_audit/images/spark_plug/external_v1_1_spark_plug_02.jpg,spark_plug,ignition_and_fuel,alternator,electrical_starting_charging,This automotive part is an alternator.,clean,MISMATCH,external_audit_v1
external_v1_spark_plug_02_c98f0d1f3a74__clean__partial_match,external_v1_spark_plug_02_c98f0d1f3a74,external_audit/images/spark_plug/external_v1_1_spark_plug_02.jpg,spark_plug,ignition_and_fuel,ignition_coil,ignition_and_fuel,This automotive part is an ignition coil.,clean,PARTIAL_MATCH,external_audit_v1
external_v1_spark_plug_02_c98f0d1f3a74__natural__match,external_v1_spark_plug_02_c98f0d1f3a74,external_audit/images/spark_plug/external_v1_1_spark_plug_02.jpg,spark_plug,ignition_and_fuel,spark_plug,ignition_and_fuel,I need spark plugs for the engine.,natural,MATCH,external_audit_v1
external_v1_spark_plug_02_c98f0d1f3a74__natural__mismatch,external_v1_spark_plug_02_c98f0d1f3a74,external_audit/images/spark_plug/external_v1_1_spark_plug_02.jpg,spark_plug,ignition_and_fuel,alternator,electrical_starting_charging,I need an alternator for the charging system.,natural,MISMATCH,external_audit_v1
external_v1_spark_plug_02_c98f0d1f3a74__natural__partial_match,external_v1_spark_plug_02_c98f0d1f3a74,external_audit/images/spark_plug/external_v1_1_spark_plug_02.jpg,spark_plug,ignition_and_fuel,ignition_coil,ignition_and_fuel,I need an ignition coil pack.,natural,PARTIAL_MATCH,external_audit_v1
external_v1_spark_plug_03_1d9631b0cff2__clean__match,external_v1_spark_plug_03_1d9631b0cff2,external_audit/images/spark_plug/external_v1_1_spark_plug_03.jpg,spark_plug,ignition_and_fuel,spark_plug,ignition_and_fuel,This automotive part is a spark plug.,clean,MATCH,external_audit_v1
external_v1_spark_plug_03_1d9631b0cff2__clean__mismatch,external_v1_spark_plug_03_1d9631b0cff2,external_audit/images/spark_plug/external_v1_1_spark_plug_03.jpg,spark_plug,ignition_and_fuel,alternator,electrical_starting_charging,This automotive part is an alternator.,clean,MISMATCH,external_audit_v1
external_v1_spark_plug_03_1d9631b0cff2__clean__partial_match,external_v1_spark_plug_03_1d9631b0cff2,external_audit/images/spark_plug/external_v1_1_spark_plug_03.jpg,spark_plug,ignition_and_fuel,ignition_coil,ignition_and_fuel,This automotive part is an ignition coil.,clean,PARTIAL_MATCH,external_audit_v1
external_v1_spark_plug_03_1d9631b0cff2__natural__match,external_v1_spark_plug_03_1d9631b0cff2,external_audit/images/spark_plug/external_v1_1_spark_plug_03.jpg,spark_plug,ignition_and_fuel,spark_plug,ignition_and_fuel,I need spark plugs for the engine.,natural,MATCH,external_audit_v1
external_v1_spark_plug_03_1d9631b0cff2__natural__mismatch,external_v1_spark_plug_03_1d9631b0cff2,external_audit/images/spark_plug/external_v1_1_spark_plug_03.jpg,spark_plug,ignition_and_fuel,alternator,electrical_starting_charging,I need an alternator for the charging system.,natural,MISMATCH,external_audit_v1
external_v1_spark_plug_03_1d9631b0cff2__natural__partial_match,external_v1_spark_plug_03_1d9631b0cff2,external_audit/images/spark_plug/external_v1_1_spark_plug_03.jpg,spark_plug,ignition_and_fuel,ignition_coil,ignition_and_fuel,I need an ignition coil pack.,natural,PARTIAL_MATCH,external_audit_v1
external_v1_spark_plug_04_52d98448c3b2__clean__match,external_v1_spark_plug_04_52d98448c3b2,external_audit/images/spark_plug/external_v1_1_spark_plug_04.jpg,spark_plug,ignition_and_fuel,spark_plug,ignition_and_fuel,This automotive part is a spark plug.,clean,MATCH,external_audit_v1
external_v1_spark_plug_04_52d98448c3b2__clean__mismatch,external_v1_spark_plug_04_52d98448c3b2,external_audit/images/spark_plug/external_v1_1_spark_plug_04.jpg,spark_plug,ignition_and_fuel,alternator,electrical_starting_charging,This automotive part is an alternator.,clean,MISMATCH,external_audit_v1
external_v1_spark_plug_04_52d98448c3b2__clean__partial_match,external_v1_spark_plug_04_52d98448c3b2,external_audit/images/spark_plug/external_v1_1_spark_plug_04.jpg,spark_plug,ignition_and_fuel,ignition_coil,ignition_and_fuel,This automotive part is an ignition coil.,clean,PARTIAL_MATCH,external_audit_v1
external_v1_spark_plug_04_52d98448c3b2__natural__match,external_v1_spark_plug_04_52d98448c3b2,external_audit/images/spark_plug/external_v1_1_spark_plug_04.jpg,spark_plug,ignition_and_fuel,spark_plug,ignition_and_fuel,I need spark plugs for the engine.,natural,MATCH,external_audit_v1
external_v1_spark_plug_04_52d98448c3b2__natural__mismatch,external_v1_spark_plug_04_52d98448c3b2,external_audit/images/spark_plug/external_v1_1_spark_plug_04.jpg,spark_plug,ignition_and_fuel,alternator,electrical_starting_charging,I need an alternator for the charging system.,natural,MISMATCH,external_audit_v1
external_v1_spark_plug_04_52d98448c3b2__natural__partial_match,external_v1_spark_plug_04_52d98448c3b2,external_audit/images/spark_plug/external_v1_1_spark_plug_04.jpg,spark_plug,ignition_and_fuel,ignition_coil,ignition_and_fuel,I need an ignition coil pack.,natural,PARTIAL_MATCH,external_audit_v1
external_v1_spark_plug_05_8dc1713e9b07__clean__match,external_v1_spark_plug_05_8dc1713e9b07,external_audit/images/spark_plug/external_v1_1_spark_plug_05.jpg,spark_plug,ignition_and_fuel,spark_plug,ignition_and_fuel,This automotive part is a spark plug.,clean,MATCH,external_audit_v1
external_v1_spark_plug_05_8dc1713e9b07__clean__mismatch,external_v1_spark_plug_05_8dc1713e9b07,external_audit/images/spark_plug/external_v1_1_spark_plug_05.jpg,spark_plug,ignition_and_fuel,alternator,electrical_starting_charging,This automotive part is an alternator.,clean,MISMATCH,external_audit_v1
external_v1_spark_plug_05_8dc1713e9b07__clean__partial_match,external_v1_spark_plug_05_8dc1713e9b07,external_audit/images/spark_plug/external_v1_1_spark_plug_05.jpg,spark_plug,ignition_and_fuel,ignition_coil,ignition_and_fuel,This automotive part is an ignition coil.,clean,PARTIAL_MATCH,external_audit_v1
external_v1_spark_plug_05_8dc1713e9b07__natural__match,external_v1_spark_plug_05_8dc1713e9b07,external_audit/images/spark_plug/external_v1_1_spark_plug_05.jpg,spark_plug,ignition_and_fuel,spark_plug,ignition_and_fuel,I need spark plugs for the engine.,natural,MATCH,external_audit_v1
external_v1_spark_plug_05_8dc1713e9b07__natural__mismatch,external_v1_spark_plug_05_8dc1713e9b07,external_audit/images/spark_plug/external_v1_1_spark_plug_05.jpg,spark_plug,ignition_and_fuel,alternator,electrical_starting_charging,I need an alternator for the charging system.,natural,MISMATCH,external_audit_v1
external_v1_spark_plug_05_8dc1713e9b07__natural__partial_match,external_v1_spark_plug_05_8dc1713e9b07,external_audit/images/spark_plug/external_v1_1_spark_plug_05.jpg,spark_plug,ignition_and_fuel,ignition_coil,ignition_and_fuel,I need an ignition coil pack.,natural,PARTIAL_MATCH,external_audit_v1
external_v1_spark_plug_06_ddd09e50252d__clean__match,external_v1_spark_plug_06_ddd09e50252d,external_audit/images/spark_plug/external_v1_1_spark_plug_06.jpg,spark_plug,ignition_and_fuel,spark_plug,ignition_and_fuel,This automotive part is a spark plug.,clean,MATCH,external_audit_v1
external_v1_spark_plug_06_ddd09e50252d__clean__mismatch,external_v1_spark_plug_06_ddd09e50252d,external_audit/images/spark_plug/external_v1_1_spark_plug_06.jpg,spark_plug,ignition_and_fuel,alternator,electrical_starting_charging,This automotive part is an alternator.,clean,MISMATCH,external_audit_v1
external_v1_spark_plug_06_ddd09e50252d__clean__partial_match,external_v1_spark_plug_06_ddd09e50252d,external_audit/images/spark_plug/external_v1_1_spark_plug_06.jpg,spark_plug,ignition_and_fuel,ignition_coil,ignition_and_fuel,This automotive part is an ignition coil.,clean,PARTIAL_MATCH,external_audit_v1
external_v1_spark_plug_06_ddd09e50252d__natural__match,external_v1_spark_plug_06_ddd09e50252d,external_audit/images/spark_plug/external_v1_1_spark_plug_06.jpg,spark_plug,ignition_and_fuel,spark_plug,ignition_and_fuel,I need spark plugs for the engine.,natural,MATCH,external_audit_v1
external_v1_spark_plug_06_ddd09e50252d__natural__mismatch,external_v1_spark_plug_06_ddd09e50252d,external_audit/images/spark_plug/external_v1_1_spark_plug_06.jpg,spark_plug,ignition_and_fuel,alternator,electrical_starting_charging,I need an alternator for the charging system.,natural,MISMATCH,external_audit_v1
external_v1_spark_plug_06_ddd09e50252d__natural__partial_match,external_v1_spark_plug_06_ddd09e50252d,external_audit/images/spark_plug/external_v1_1_spark_plug_06.jpg,spark_plug,ignition_and_fuel,ignition_coil,ignition_and_fuel,I need an ignition coil pack.,natural,PARTIAL_MATCH,external_audit_v1
external_v1_spark_plug_07_0a5a3ad8aa41__clean__match,external_v1_spark_plug_07_0a5a3ad8aa41,external_audit/images/spark_plug/external_v1_1_spark_plug_07.jpg,spark_plug,ignition_and_fuel,spark_plug,ignition_and_fuel,This automotive part is a spark plug.,clean,MATCH,external_audit_v1
external_v1_spark_plug_07_0a5a3ad8aa41__clean__mismatch,external_v1_spark_plug_07_0a5a3ad8aa41,external_audit/images/spark_plug/external_v1_1_spark_plug_07.jpg,spark_plug,ignition_and_fuel,alternator,electrical_starting_charging,This automotive part is an alternator.,clean,MISMATCH,external_audit_v1
external_v1_spark_plug_07_0a5a3ad8aa41__clean__partial_match,external_v1_spark_plug_07_0a5a3ad8aa41,external_audit/images/spark_plug/external_v1_1_spark_plug_07.jpg,spark_plug,ignition_and_fuel,ignition_coil,ignition_and_fuel,This automotive part is an ignition coil.,clean,PARTIAL_MATCH,external_audit_v1
external_v1_spark_plug_07_0a5a3ad8aa41__natural__match,external_v1_spark_plug_07_0a5a3ad8aa41,external_audit/images/spark_plug/external_v1_1_spark_plug_07.jpg,spark_plug,ignition_and_fuel,spark_plug,ignition_and_fuel,I need spark plugs for the engine.,natural,MATCH,external_audit_v1
external_v1_spark_plug_07_0a5a3ad8aa41__natural__mismatch,external_v1_spark_plug_07_0a5a3ad8aa41,external_audit/images/spark_plug/external_v1_1_spark_plug_07.jpg,spark_plug,ignition_and_fuel,alternator,electrical_starting_charging,I need an alternator for the charging system.,natural,MISMATCH,external_audit_v1
external_v1_spark_plug_07_0a5a3ad8aa41__natural__partial_match,external_v1_spark_plug_07_0a5a3ad8aa41,external_audit/images/spark_plug/external_v1_1_spark_plug_07.jpg,spark_plug,ignition_and_fuel,ignition_coil,ignition_and_fuel,I need an ignition coil pack.,natural,PARTIAL_MATCH,external_audit_v1
external_v1_spark_plug_08_6e9a09ceb862__clean__match,external_v1_spark_plug_08_6e9a09ceb862,external_audit/images/spark_plug/external_v1_1_spark_plug_08.jpg,spark_plug,ignition_and_fuel,spark_plug,ignition_and_fuel,This automotive part is a spark plug.,clean,MATCH,external_audit_v1
external_v1_spark_plug_08_6e9a09ceb862__clean__mismatch,external_v1_spark_plug_08_6e9a09ceb862,external_audit/images/spark_plug/external_v1_1_spark_plug_08.jpg,spark_plug,ignition_and_fuel,alternator,electrical_starting_charging,This automotive part is an alternator.,clean,MISMATCH,external_audit_v1
external_v1_spark_plug_08_6e9a09ceb862__clean__partial_match,external_v1_spark_plug_08_6e9a09ceb862,external_audit/images/spark_plug/external_v1_1_spark_plug_08.jpg,spark_plug,ignition_and_fuel,ignition_coil,ignition_and_fuel,This automotive part is an ignition coil.,clean,PARTIAL_MATCH,external_audit_v1
external_v1_spark_plug_08_6e9a09ceb862__natural__match,external_v1_spark_plug_08_6e9a09ceb862,external_audit/images/spark_plug/external_v1_1_spark_plug_08.jpg,spark_plug,ignition_and_fuel,spark_plug,ignition_and_fuel,I need spark plugs for the engine.,natural,MATCH,external_audit_v1
external_v1_spark_plug_08_6e9a09ceb862__natural__mismatch,external_v1_spark_plug_08_6e9a09ceb862,external_audit/images/spark_plug/external_v1_1_spark_plug_08.jpg,spark_plug,ignition_and_fuel,alternator,electrical_starting_charging,I need an alternator for the charging system.,natural,MISMATCH,external_audit_v1
external_v1_spark_plug_08_6e9a09ceb862__natural__partial_match,external_v1_spark_plug_08_6e9a09ceb862,external_audit/images/spark_plug/external_v1_1_spark_plug_08.jpg,spark_plug,ignition_and_fuel,ignition_coil,ignition_and_fuel,I need an ignition coil pack.,natural,PARTIAL_MATCH,external_audit_v1
external_v1_spark_plug_09_b7458f7e3ed4__clean__match,external_v1_spark_plug_09_b7458f7e3ed4,external_audit/images/spark_plug/external_v1_1_spark_plug_09.jpg,spark_plug,ignition_and_fuel,spark_plug,ignition_and_fuel,This automotive part is a spark plug.,clean,MATCH,external_audit_v1
external_v1_spark_plug_09_b7458f7e3ed4__clean__mismatch,external_v1_spark_plug_09_b7458f7e3ed4,external_audit/images/spark_plug/external_v1_1_spark_plug_09.jpg,spark_plug,ignition_and_fuel,alternator,electrical_starting_charging,This automotive part is an alternator.,clean,MISMATCH,external_audit_v1
external_v1_spark_plug_09_b7458f7e3ed4__clean__partial_match,external_v1_spark_plug_09_b7458f7e3ed4,external_audit/images/spark_plug/external_v1_1_spark_plug_09.jpg,spark_plug,ignition_and_fuel,ignition_coil,ignition_and_fuel,This automotive part is an ignition coil.,clean,PARTIAL_MATCH,external_audit_v1
external_v1_spark_plug_09_b7458f7e3ed4__natural__match,external_v1_spark_plug_09_b7458f7e3ed4,external_audit/images/spark_plug/external_v1_1_spark_plug_09.jpg,spark_plug,ignition_and_fuel,spark_plug,ignition_and_fuel,I need spark plugs for the engine.,natural,MATCH,external_audit_v1
external_v1_spark_plug_09_b7458f7e3ed4__natural__mismatch,external_v1_spark_plug_09_b7458f7e3ed4,external_audit/images/spark_plug/external_v1_1_spark_plug_09.jpg,spark_plug,ignition_and_fuel,alternator,electrical_starting_charging,I need an alternator for the charging system.,natural,MISMATCH,external_audit_v1
external_v1_spark_plug_09_b7458f7e3ed4__natural__partial_match,external_v1_spark_plug_09_b7458f7e3ed4,external_audit/images/spark_plug/external_v1_1_spark_plug_09.jpg,spark_plug,ignition_and_fuel,ignition_coil,ignition_and_fuel,I need an ignition coil pack.,natural,PARTIAL_MATCH,external_audit_v1
external_v1_spark_plug_10_34217f5022c9__clean__match,external_v1_spark_plug_10_34217f5022c9,external_audit/images/spark_plug/external_v1_1_spark_plug_10.jpg,spark_plug,ignition_and_fuel,spark_plug,ignition_and_fuel,This automotive part is a spark plug.,clean,MATCH,external_audit_v1
external_v1_spark_plug_10_34217f5022c9__clean__mismatch,external_v1_spark_plug_10_34217f5022c9,external_audit/images/spark_plug/external_v1_1_spark_plug_10.jpg,spark_plug,ignition_and_fuel,alternator,electrical_starting_charging,This automotive part is an alternator.,clean,MISMATCH,external_audit_v1
external_v1_spark_plug_10_34217f5022c9__clean__partial_match,external_v1_spark_plug_10_34217f5022c9,external_audit/images/spark_plug/external_v1_1_spark_plug_10.jpg,spark_plug,ignition_and_fuel,ignition_coil,ignition_and_fuel,This automotive part is an ignition coil.,clean,PARTIAL_MATCH,external_audit_v1
external_v1_spark_plug_10_34217f5022c9__natural__match,external_v1_spark_plug_10_34217f5022c9,external_audit/images/spark_plug/external_v1_1_spark_plug_10.jpg,spark_plug,ignition_and_fuel,spark_plug,ignition_and_fuel,I need spark plugs for the engine.,natural,MATCH,external_audit_v1
external_v1_spark_plug_10_34217f5022c9__natural__mismatch,external_v1_spark_plug_10_34217f5022c9,external_audit/images/spark_plug/external_v1_1_spark_plug_10.jpg,spark_plug,ignition_and_fuel,alternator,electrical_starting_charging,I need an alternator for the charging system.,natural,MISMATCH,external_audit_v1
external_v1_spark_plug_10_34217f5022c9__natural__partial_match,external_v1_spark_plug_10_34217f5022c9,external_audit/images/spark_plug/external_v1_1_spark_plug_10.jpg,spark_plug,ignition_and_fuel,ignition_coil,ignition_and_fuel,I need an ignition coil pack.,natural,PARTIAL_MATCH,external_audit_v1
external_v1_starter_01_37ba0bc63d94__clean__match,external_v1_starter_01_37ba0bc63d94,external_audit/images/starter/external_v1_1_starter_01.jpg,starter,electrical_starting_charging,starter,electrical_starting_charging,This automotive part is a starter.,clean,MATCH,external_audit_v1
external_v1_starter_01_37ba0bc63d94__clean__mismatch,external_v1_starter_01_37ba0bc63d94,external_audit/images/starter/external_v1_1_starter_01.jpg,starter,electrical_starting_charging,taillight,lighting,This automotive part is a taillight.,clean,MISMATCH,external_audit_v1
external_v1_starter_01_37ba0bc63d94__clean__partial_match,external_v1_starter_01_37ba0bc63d94,external_audit/images/starter/external_v1_1_starter_01.jpg,starter,electrical_starting_charging,alternator,electrical_starting_charging,This automotive part is an alternator.,clean,PARTIAL_MATCH,external_audit_v1
external_v1_starter_01_37ba0bc63d94__natural__match,external_v1_starter_01_37ba0bc63d94,external_audit/images/starter/external_v1_1_starter_01.jpg,starter,electrical_starting_charging,starter,electrical_starting_charging,I need a starter motor for the car.,natural,MATCH,external_audit_v1
external_v1_starter_01_37ba0bc63d94__natural__mismatch,external_v1_starter_01_37ba0bc63d94,external_audit/images/starter/external_v1_1_starter_01.jpg,starter,electrical_starting_charging,taillight,lighting,I need a rear tail lamp.,natural,MISMATCH,external_audit_v1
external_v1_starter_01_37ba0bc63d94__natural__partial_match,external_v1_starter_01_37ba0bc63d94,external_audit/images/starter/external_v1_1_starter_01.jpg,starter,electrical_starting_charging,alternator,electrical_starting_charging,I need an alternator for the charging system.,natural,PARTIAL_MATCH,external_audit_v1
external_v1_starter_02_420e0674b6e0__clean__match,external_v1_starter_02_420e0674b6e0,external_audit/images/starter/external_v1_1_starter_02.jpg,starter,electrical_starting_charging,starter,electrical_starting_charging,This automotive part is a starter.,clean,MATCH,external_audit_v1
external_v1_starter_02_420e0674b6e0__clean__mismatch,external_v1_starter_02_420e0674b6e0,external_audit/images/starter/external_v1_1_starter_02.jpg,starter,electrical_starting_charging,taillight,lighting,This automotive part is a taillight.,clean,MISMATCH,external_audit_v1
external_v1_starter_02_420e0674b6e0__clean__partial_match,external_v1_starter_02_420e0674b6e0,external_audit/images/starter/external_v1_1_starter_02.jpg,starter,electrical_starting_charging,alternator,electrical_starting_charging,This automotive part is an alternator.,clean,PARTIAL_MATCH,external_audit_v1
external_v1_starter_02_420e0674b6e0__natural__match,external_v1_starter_02_420e0674b6e0,external_audit/images/starter/external_v1_1_starter_02.jpg,starter,electrical_starting_charging,starter,electrical_starting_charging,I need a starter motor for the car.,natural,MATCH,external_audit_v1
external_v1_starter_02_420e0674b6e0__natural__mismatch,external_v1_starter_02_420e0674b6e0,external_audit/images/starter/external_v1_1_starter_02.jpg,starter,electrical_starting_charging,taillight,lighting,I need a rear tail lamp.,natural,MISMATCH,external_audit_v1
external_v1_starter_02_420e0674b6e0__natural__partial_match,external_v1_starter_02_420e0674b6e0,external_audit/images/starter/external_v1_1_starter_02.jpg,starter,electrical_starting_charging,alternator,electrical_starting_charging,I need an alternator for the charging system.,natural,PARTIAL_MATCH,external_audit_v1
external_v1_starter_03_166e9df9ce62__clean__match,external_v1_starter_03_166e9df9ce62,external_audit/images/starter/external_v1_1_starter_03.jpg,starter,electrical_starting_charging,starter,electrical_starting_charging,This automotive part is a starter.,clean,MATCH,external_audit_v1
external_v1_starter_03_166e9df9ce62__clean__mismatch,external_v1_starter_03_166e9df9ce62,external_audit/images/starter/external_v1_1_starter_03.jpg,starter,electrical_starting_charging,taillight,lighting,This automotive part is a taillight.,clean,MISMATCH,external_audit_v1
external_v1_starter_03_166e9df9ce62__clean__partial_match,external_v1_starter_03_166e9df9ce62,external_audit/images/starter/external_v1_1_starter_03.jpg,starter,electrical_starting_charging,alternator,electrical_starting_charging,This automotive part is an alternator.,clean,PARTIAL_MATCH,external_audit_v1
external_v1_starter_03_166e9df9ce62__natural__match,external_v1_starter_03_166e9df9ce62,external_audit/images/starter/external_v1_1_starter_03.jpg,starter,electrical_starting_charging,starter,electrical_starting_charging,I need a starter motor for the car.,natural,MATCH,external_audit_v1
external_v1_starter_03_166e9df9ce62__natural__mismatch,external_v1_starter_03_166e9df9ce62,external_audit/images/starter/external_v1_1_starter_03.jpg,starter,electrical_starting_charging,taillight,lighting,I need a rear tail lamp.,natural,MISMATCH,external_audit_v1
external_v1_starter_03_166e9df9ce62__natural__partial_match,external_v1_starter_03_166e9df9ce62,external_audit/images/starter/external_v1_1_starter_03.jpg,starter,electrical_starting_charging,alternator,electrical_starting_charging,I need an alternator for the charging system.,natural,PARTIAL_MATCH,external_audit_v1
external_v1_starter_04_70d635ebba29__clean__match,external_v1_starter_04_70d635ebba29,external_audit/images/starter/external_v1_1_starter_04.jpg,starter,electrical_starting_charging,starter,electrical_starting_charging,This automotive part is a starter.,clean,MATCH,external_audit_v1
external_v1_starter_04_70d635ebba29__clean__mismatch,external_v1_starter_04_70d635ebba29,external_audit/images/starter/external_v1_1_starter_04.jpg,starter,electrical_starting_charging,taillight,lighting,This automotive part is a taillight.,clean,MISMATCH,external_audit_v1
external_v1_starter_04_70d635ebba29__clean__partial_match,external_v1_starter_04_70d635ebba29,external_audit/images/starter/external_v1_1_starter_04.jpg,starter,electrical_starting_charging,alternator,electrical_starting_charging,This automotive part is an alternator.,clean,PARTIAL_MATCH,external_audit_v1
external_v1_starter_04_70d635ebba29__natural__match,external_v1_starter_04_70d635ebba29,external_audit/images/starter/external_v1_1_starter_04.jpg,starter,electrical_starting_charging,starter,electrical_starting_charging,I need a starter motor for the car.,natural,MATCH,external_audit_v1
external_v1_starter_04_70d635ebba29__natural__mismatch,external_v1_starter_04_70d635ebba29,external_audit/images/starter/external_v1_1_starter_04.jpg,starter,electrical_starting_charging,taillight,lighting,I need a rear tail lamp.,natural,MISMATCH,external_audit_v1
external_v1_starter_04_70d635ebba29__natural__partial_match,external_v1_starter_04_70d635ebba29,external_audit/images/starter/external_v1_1_starter_04.jpg,starter,electrical_starting_charging,alternator,electrical_starting_charging,I need an alternator for the charging system.,natural,PARTIAL_MATCH,external_audit_v1
external_v1_starter_05_8cf8078c8811__clean__match,external_v1_starter_05_8cf8078c8811,external_audit/images/starter/external_v1_1_starter_05.jpg,starter,electrical_starting_charging,starter,electrical_starting_charging,This automotive part is a starter.,clean,MATCH,external_audit_v1
external_v1_starter_05_8cf8078c8811__clean__mismatch,external_v1_starter_05_8cf8078c8811,external_audit/images/starter/external_v1_1_starter_05.jpg,starter,electrical_starting_charging,taillight,lighting,This automotive part is a taillight.,clean,MISMATCH,external_audit_v1
external_v1_starter_05_8cf8078c8811__clean__partial_match,external_v1_starter_05_8cf8078c8811,external_audit/images/starter/external_v1_1_starter_05.jpg,starter,electrical_starting_charging,alternator,electrical_starting_charging,This automotive part is an alternator.,clean,PARTIAL_MATCH,external_audit_v1
external_v1_starter_05_8cf8078c8811__natural__match,external_v1_starter_05_8cf8078c8811,external_audit/images/starter/external_v1_1_starter_05.jpg,starter,electrical_starting_charging,starter,electrical_starting_charging,I need a starter motor for the car.,natural,MATCH,external_audit_v1
external_v1_starter_05_8cf8078c8811__natural__mismatch,external_v1_starter_05_8cf8078c8811,external_audit/images/starter/external_v1_1_starter_05.jpg,starter,electrical_starting_charging,taillight,lighting,I need a rear tail lamp.,natural,MISMATCH,external_audit_v1
external_v1_starter_05_8cf8078c8811__natural__partial_match,external_v1_starter_05_8cf8078c8811,external_audit/images/starter/external_v1_1_starter_05.jpg,starter,electrical_starting_charging,alternator,electrical_starting_charging,I need an alternator for the charging system.,natural,PARTIAL_MATCH,external_audit_v1
external_v1_starter_06_191f0cde3fd4__clean__match,external_v1_starter_06_191f0cde3fd4,external_audit/images/starter/external_v1_1_starter_06.jpg,starter,electrical_starting_charging,starter,electrical_starting_charging,This automotive part is a starter.,clean,MATCH,external_audit_v1
external_v1_starter_06_191f0cde3fd4__clean__mismatch,external_v1_starter_06_191f0cde3fd4,external_audit/images/starter/external_v1_1_starter_06.jpg,starter,electrical_starting_charging,taillight,lighting,This automotive part is a taillight.,clean,MISMATCH,external_audit_v1
external_v1_starter_06_191f0cde3fd4__clean__partial_match,external_v1_starter_06_191f0cde3fd4,external_audit/images/starter/external_v1_1_starter_06.jpg,starter,electrical_starting_charging,alternator,electrical_starting_charging,This automotive part is an alternator.,clean,PARTIAL_MATCH,external_audit_v1
external_v1_starter_06_191f0cde3fd4__natural__match,external_v1_starter_06_191f0cde3fd4,external_audit/images/starter/external_v1_1_starter_06.jpg,starter,electrical_starting_charging,starter,electrical_starting_charging,I need a starter motor for the car.,natural,MATCH,external_audit_v1
external_v1_starter_06_191f0cde3fd4__natural__mismatch,external_v1_starter_06_191f0cde3fd4,external_audit/images/starter/external_v1_1_starter_06.jpg,starter,electrical_starting_charging,taillight,lighting,I need a rear tail lamp.,natural,MISMATCH,external_audit_v1
external_v1_starter_06_191f0cde3fd4__natural__partial_match,external_v1_starter_06_191f0cde3fd4,external_audit/images/starter/external_v1_1_starter_06.jpg,starter,electrical_starting_charging,alternator,electrical_starting_charging,I need an alternator for the charging system.,natural,PARTIAL_MATCH,external_audit_v1
external_v1_starter_07_3b5d382c0056__clean__match,external_v1_starter_07_3b5d382c0056,external_audit/images/starter/external_v1_1_starter_07.jpg,starter,electrical_starting_charging,starter,electrical_starting_charging,This automotive part is a starter.,clean,MATCH,external_audit_v1
external_v1_starter_07_3b5d382c0056__clean__mismatch,external_v1_starter_07_3b5d382c0056,external_audit/images/starter/external_v1_1_starter_07.jpg,starter,electrical_starting_charging,taillight,lighting,This automotive part is a taillight.,clean,MISMATCH,external_audit_v1
external_v1_starter_07_3b5d382c0056__clean__partial_match,external_v1_starter_07_3b5d382c0056,external_audit/images/starter/external_v1_1_starter_07.jpg,starter,electrical_starting_charging,alternator,electrical_starting_charging,This automotive part is an alternator.,clean,PARTIAL_MATCH,external_audit_v1
external_v1_starter_07_3b5d382c0056__natural__match,external_v1_starter_07_3b5d382c0056,external_audit/images/starter/external_v1_1_starter_07.jpg,starter,electrical_starting_charging,starter,electrical_starting_charging,I need a starter motor for the car.,natural,MATCH,external_audit_v1
external_v1_starter_07_3b5d382c0056__natural__mismatch,external_v1_starter_07_3b5d382c0056,external_audit/images/starter/external_v1_1_starter_07.jpg,starter,electrical_starting_charging,taillight,lighting,I need a rear tail lamp.,natural,MISMATCH,external_audit_v1
external_v1_starter_07_3b5d382c0056__natural__partial_match,external_v1_starter_07_3b5d382c0056,external_audit/images/starter/external_v1_1_starter_07.jpg,starter,electrical_starting_charging,alternator,electrical_starting_charging,I need an alternator for the charging system.,natural,PARTIAL_MATCH,external_audit_v1
external_v1_starter_08_cc4f6b8291ba__clean__match,external_v1_starter_08_cc4f6b8291ba,external_audit/images/starter/external_v1_1_starter_08.jpg,starter,electrical_starting_charging,starter,electrical_starting_charging,This automotive part is a starter.,clean,MATCH,external_audit_v1
external_v1_starter_08_cc4f6b8291ba__clean__mismatch,external_v1_starter_08_cc4f6b8291ba,external_audit/images/starter/external_v1_1_starter_08.jpg,starter,electrical_starting_charging,taillight,lighting,This automotive part is a taillight.,clean,MISMATCH,external_audit_v1
external_v1_starter_08_cc4f6b8291ba__clean__partial_match,external_v1_starter_08_cc4f6b8291ba,external_audit/images/starter/external_v1_1_starter_08.jpg,starter,electrical_starting_charging,alternator,electrical_starting_charging,This automotive part is an alternator.,clean,PARTIAL_MATCH,external_audit_v1
external_v1_starter_08_cc4f6b8291ba__natural__match,external_v1_starter_08_cc4f6b8291ba,external_audit/images/starter/external_v1_1_starter_08.jpg,starter,electrical_starting_charging,starter,electrical_starting_charging,I need a starter motor for the car.,natural,MATCH,external_audit_v1
external_v1_starter_08_cc4f6b8291ba__natural__mismatch,external_v1_starter_08_cc4f6b8291ba,external_audit/images/starter/external_v1_1_starter_08.jpg,starter,electrical_starting_charging,taillight,lighting,I need a rear tail lamp.,natural,MISMATCH,external_audit_v1
external_v1_starter_08_cc4f6b8291ba__natural__partial_match,external_v1_starter_08_cc4f6b8291ba,external_audit/images/starter/external_v1_1_starter_08.jpg,starter,electrical_starting_charging,alternator,electrical_starting_charging,I need an alternator for the charging system.,natural,PARTIAL_MATCH,external_audit_v1
external_v1_starter_09_2cc13a963276__clean__match,external_v1_starter_09_2cc13a963276,external_audit/images/starter/external_v1_1_starter_09.jpg,starter,electrical_starting_charging,starter,electrical_starting_charging,This automotive part is a starter.,clean,MATCH,external_audit_v1
external_v1_starter_09_2cc13a963276__clean__mismatch,external_v1_starter_09_2cc13a963276,external_audit/images/starter/external_v1_1_starter_09.jpg,starter,electrical_starting_charging,taillight,lighting,This automotive part is a taillight.,clean,MISMATCH,external_audit_v1
external_v1_starter_09_2cc13a963276__clean__partial_match,external_v1_starter_09_2cc13a963276,external_audit/images/starter/external_v1_1_starter_09.jpg,starter,electrical_starting_charging,alternator,electrical_starting_charging,This automotive part is an alternator.,clean,PARTIAL_MATCH,external_audit_v1
external_v1_starter_09_2cc13a963276__natural__match,external_v1_starter_09_2cc13a963276,external_audit/images/starter/external_v1_1_starter_09.jpg,starter,electrical_starting_charging,starter,electrical_starting_charging,I need a starter motor for the car.,natural,MATCH,external_audit_v1
external_v1_starter_09_2cc13a963276__natural__mismatch,external_v1_starter_09_2cc13a963276,external_audit/images/starter/external_v1_1_starter_09.jpg,starter,electrical_starting_charging,taillight,lighting,I need a rear tail lamp.,natural,MISMATCH,external_audit_v1
external_v1_starter_09_2cc13a963276__natural__partial_match,external_v1_starter_09_2cc13a963276,external_audit/images/starter/external_v1_1_starter_09.jpg,starter,electrical_starting_charging,alternator,electrical_starting_charging,I need an alternator for the charging system.,natural,PARTIAL_MATCH,external_audit_v1
external_v1_starter_10_f9fe47f4cb87__clean__match,external_v1_starter_10_f9fe47f4cb87,external_audit/images/starter/external_v1_1_starter_10.jpg,starter,electrical_starting_charging,starter,electrical_starting_charging,This automotive part is a starter.,clean,MATCH,external_audit_v1
external_v1_starter_10_f9fe47f4cb87__clean__mismatch,external_v1_starter_10_f9fe47f4cb87,external_audit/images/starter/external_v1_1_starter_10.jpg,starter,electrical_starting_charging,taillight,lighting,This automotive part is a taillight.,clean,MISMATCH,external_audit_v1
external_v1_starter_10_f9fe47f4cb87__clean__partial_match,external_v1_starter_10_f9fe47f4cb87,external_audit/images/starter/external_v1_1_starter_10.jpg,starter,electrical_starting_charging,alternator,electrical_starting_charging,This automotive part is an alternator.,clean,PARTIAL_MATCH,external_audit_v1
external_v1_starter_10_f9fe47f4cb87__natural__match,external_v1_starter_10_f9fe47f4cb87,external_audit/images/starter/external_v1_1_starter_10.jpg,starter,electrical_starting_charging,starter,electrical_starting_charging,I need a starter motor for the car.,natural,MATCH,external_audit_v1
external_v1_starter_10_f9fe47f4cb87__natural__mismatch,external_v1_starter_10_f9fe47f4cb87,external_audit/images/starter/external_v1_1_starter_10.jpg,starter,electrical_starting_charging,taillight,lighting,I need a rear tail lamp.,natural,MISMATCH,external_audit_v1
external_v1_starter_10_f9fe47f4cb87__natural__partial_match,external_v1_starter_10_f9fe47f4cb87,external_audit/images/starter/external_v1_1_starter_10.jpg,starter,electrical_starting_charging,alternator,electrical_starting_charging,I need an alternator for the charging system.,natural,PARTIAL_MATCH,external_audit_v1
external_v1_taillight_01_4f0e094abaa7__clean__match,external_v1_taillight_01_4f0e094abaa7,external_audit/images/taillight/external_v1_1_taillight_01.jpg,taillight,lighting,taillight,lighting,This automotive part is a taillight.,clean,MATCH,external_audit_v1
external_v1_taillight_01_4f0e094abaa7__clean__mismatch,external_v1_taillight_01_4f0e094abaa7,external_audit/images/taillight/external_v1_1_taillight_01.jpg,taillight,lighting,ignition_coil,ignition_and_fuel,This automotive part is an ignition coil.,clean,MISMATCH,external_audit_v1
external_v1_taillight_01_4f0e094abaa7__clean__partial_match,external_v1_taillight_01_4f0e094abaa7,external_audit/images/taillight/external_v1_1_taillight_01.jpg,taillight,lighting,headlight,lighting,This automotive part is a headlight.,clean,PARTIAL_MATCH,external_audit_v1
external_v1_taillight_01_4f0e094abaa7__natural__match,external_v1_taillight_01_4f0e094abaa7,external_audit/images/taillight/external_v1_1_taillight_01.jpg,taillight,lighting,taillight,lighting,I need a rear tail lamp.,natural,MATCH,external_audit_v1
external_v1_taillight_01_4f0e094abaa7__natural__mismatch,external_v1_taillight_01_4f0e094abaa7,external_audit/images/taillight/external_v1_1_taillight_01.jpg,taillight,lighting,ignition_coil,ignition_and_fuel,I need an ignition coil pack.,natural,MISMATCH,external_audit_v1
external_v1_taillight_01_4f0e094abaa7__natural__partial_match,external_v1_taillight_01_4f0e094abaa7,external_audit/images/taillight/external_v1_1_taillight_01.jpg,taillight,lighting,headlight,lighting,I need a front headlamp.,natural,PARTIAL_MATCH,external_audit_v1
external_v1_taillight_02_ba16de0efc3b__clean__match,external_v1_taillight_02_ba16de0efc3b,external_audit/images/taillight/external_v1_1_taillight_02.jpg,taillight,lighting,taillight,lighting,This automotive part is a taillight.,clean,MATCH,external_audit_v1
external_v1_taillight_02_ba16de0efc3b__clean__mismatch,external_v1_taillight_02_ba16de0efc3b,external_audit/images/taillight/external_v1_1_taillight_02.jpg,taillight,lighting,ignition_coil,ignition_and_fuel,This automotive part is an ignition coil.,clean,MISMATCH,external_audit_v1
external_v1_taillight_02_ba16de0efc3b__clean__partial_match,external_v1_taillight_02_ba16de0efc3b,external_audit/images/taillight/external_v1_1_taillight_02.jpg,taillight,lighting,headlight,lighting,This automotive part is a headlight.,clean,PARTIAL_MATCH,external_audit_v1
external_v1_taillight_02_ba16de0efc3b__natural__match,external_v1_taillight_02_ba16de0efc3b,external_audit/images/taillight/external_v1_1_taillight_02.jpg,taillight,lighting,taillight,lighting,I need a rear tail lamp.,natural,MATCH,external_audit_v1
external_v1_taillight_02_ba16de0efc3b__natural__mismatch,external_v1_taillight_02_ba16de0efc3b,external_audit/images/taillight/external_v1_1_taillight_02.jpg,taillight,lighting,ignition_coil,ignition_and_fuel,I need an ignition coil pack.,natural,MISMATCH,external_audit_v1
external_v1_taillight_02_ba16de0efc3b__natural__partial_match,external_v1_taillight_02_ba16de0efc3b,external_audit/images/taillight/external_v1_1_taillight_02.jpg,taillight,lighting,headlight,lighting,I need a front headlamp.,natural,PARTIAL_MATCH,external_audit_v1
external_v1_taillight_03_1f54c949e4da__clean__match,external_v1_taillight_03_1f54c949e4da,external_audit/images/taillight/external_v1_1_taillight_03.jpg,taillight,lighting,taillight,lighting,This automotive part is a taillight.,clean,MATCH,external_audit_v1
external_v1_taillight_03_1f54c949e4da__clean__mismatch,external_v1_taillight_03_1f54c949e4da,external_audit/images/taillight/external_v1_1_taillight_03.jpg,taillight,lighting,ignition_coil,ignition_and_fuel,This automotive part is an ignition coil.,clean,MISMATCH,external_audit_v1
external_v1_taillight_03_1f54c949e4da__clean__partial_match,external_v1_taillight_03_1f54c949e4da,external_audit/images/taillight/external_v1_1_taillight_03.jpg,taillight,lighting,headlight,lighting,This automotive part is a headlight.,clean,PARTIAL_MATCH,external_audit_v1
external_v1_taillight_03_1f54c949e4da__natural__match,external_v1_taillight_03_1f54c949e4da,external_audit/images/taillight/external_v1_1_taillight_03.jpg,taillight,lighting,taillight,lighting,I need a rear tail lamp.,natural,MATCH,external_audit_v1
external_v1_taillight_03_1f54c949e4da__natural__mismatch,external_v1_taillight_03_1f54c949e4da,external_audit/images/taillight/external_v1_1_taillight_03.jpg,taillight,lighting,ignition_coil,ignition_and_fuel,I need an ignition coil pack.,natural,MISMATCH,external_audit_v1
external_v1_taillight_03_1f54c949e4da__natural__partial_match,external_v1_taillight_03_1f54c949e4da,external_audit/images/taillight/external_v1_1_taillight_03.jpg,taillight,lighting,headlight,lighting,I need a front headlamp.,natural,PARTIAL_MATCH,external_audit_v1
external_v1_taillight_04_2cd31a6a70a8__clean__match,external_v1_taillight_04_2cd31a6a70a8,external_audit/images/taillight/external_v1_1_taillight_04.jpg,taillight,lighting,taillight,lighting,This automotive part is a taillight.,clean,MATCH,external_audit_v1
external_v1_taillight_04_2cd31a6a70a8__clean__mismatch,external_v1_taillight_04_2cd31a6a70a8,external_audit/images/taillight/external_v1_1_taillight_04.jpg,taillight,lighting,ignition_coil,ignition_and_fuel,This automotive part is an ignition coil.,clean,MISMATCH,external_audit_v1
external_v1_taillight_04_2cd31a6a70a8__clean__partial_match,external_v1_taillight_04_2cd31a6a70a8,external_audit/images/taillight/external_v1_1_taillight_04.jpg,taillight,lighting,headlight,lighting,This automotive part is a headlight.,clean,PARTIAL_MATCH,external_audit_v1
external_v1_taillight_04_2cd31a6a70a8__natural__match,external_v1_taillight_04_2cd31a6a70a8,external_audit/images/taillight/external_v1_1_taillight_04.jpg,taillight,lighting,taillight,lighting,I need a rear tail lamp.,natural,MATCH,external_audit_v1
external_v1_taillight_04_2cd31a6a70a8__natural__mismatch,external_v1_taillight_04_2cd31a6a70a8,external_audit/images/taillight/external_v1_1_taillight_04.jpg,taillight,lighting,ignition_coil,ignition_and_fuel,I need an ignition coil pack.,natural,MISMATCH,external_audit_v1
external_v1_taillight_04_2cd31a6a70a8__natural__partial_match,external_v1_taillight_04_2cd31a6a70a8,external_audit/images/taillight/external_v1_1_taillight_04.jpg,taillight,lighting,headlight,lighting,I need a front headlamp.,natural,PARTIAL_MATCH,external_audit_v1
external_v1_taillight_05_97b8ba099eec__clean__match,external_v1_taillight_05_97b8ba099eec,external_audit/images/taillight/external_v1_1_taillight_05.jpg,taillight,lighting,taillight,lighting,This automotive part is a taillight.,clean,MATCH,external_audit_v1
external_v1_taillight_05_97b8ba099eec__clean__mismatch,external_v1_taillight_05_97b8ba099eec,external_audit/images/taillight/external_v1_1_taillight_05.jpg,taillight,lighting,ignition_coil,ignition_and_fuel,This automotive part is an ignition coil.,clean,MISMATCH,external_audit_v1
external_v1_taillight_05_97b8ba099eec__clean__partial_match,external_v1_taillight_05_97b8ba099eec,external_audit/images/taillight/external_v1_1_taillight_05.jpg,taillight,lighting,headlight,lighting,This automotive part is a headlight.,clean,PARTIAL_MATCH,external_audit_v1
external_v1_taillight_05_97b8ba099eec__natural__match,external_v1_taillight_05_97b8ba099eec,external_audit/images/taillight/external_v1_1_taillight_05.jpg,taillight,lighting,taillight,lighting,I need a rear tail lamp.,natural,MATCH,external_audit_v1
external_v1_taillight_05_97b8ba099eec__natural__mismatch,external_v1_taillight_05_97b8ba099eec,external_audit/images/taillight/external_v1_1_taillight_05.jpg,taillight,lighting,ignition_coil,ignition_and_fuel,I need an ignition coil pack.,natural,MISMATCH,external_audit_v1
external_v1_taillight_05_97b8ba099eec__natural__partial_match,external_v1_taillight_05_97b8ba099eec,external_audit/images/taillight/external_v1_1_taillight_05.jpg,taillight,lighting,headlight,lighting,I need a front headlamp.,natural,PARTIAL_MATCH,external_audit_v1
external_v1_taillight_06_f36f9676225c__clean__match,external_v1_taillight_06_f36f9676225c,external_audit/images/taillight/external_v1_1_taillight_06.jpg,taillight,lighting,taillight,lighting,This automotive part is a taillight.,clean,MATCH,external_audit_v1
external_v1_taillight_06_f36f9676225c__clean__mismatch,external_v1_taillight_06_f36f9676225c,external_audit/images/taillight/external_v1_1_taillight_06.jpg,taillight,lighting,ignition_coil,ignition_and_fuel,This automotive part is an ignition coil.,clean,MISMATCH,external_audit_v1
external_v1_taillight_06_f36f9676225c__clean__partial_match,external_v1_taillight_06_f36f9676225c,external_audit/images/taillight/external_v1_1_taillight_06.jpg,taillight,lighting,headlight,lighting,This automotive part is a headlight.,clean,PARTIAL_MATCH,external_audit_v1
external_v1_taillight_06_f36f9676225c__natural__match,external_v1_taillight_06_f36f9676225c,external_audit/images/taillight/external_v1_1_taillight_06.jpg,taillight,lighting,taillight,lighting,I need a rear tail lamp.,natural,MATCH,external_audit_v1
external_v1_taillight_06_f36f9676225c__natural__mismatch,external_v1_taillight_06_f36f9676225c,external_audit/images/taillight/external_v1_1_taillight_06.jpg,taillight,lighting,ignition_coil,ignition_and_fuel,I need an ignition coil pack.,natural,MISMATCH,external_audit_v1
external_v1_taillight_06_f36f9676225c__natural__partial_match,external_v1_taillight_06_f36f9676225c,external_audit/images/taillight/external_v1_1_taillight_06.jpg,taillight,lighting,headlight,lighting,I need a front headlamp.,natural,PARTIAL_MATCH,external_audit_v1
external_v1_taillight_07_aa9e471e5f16__clean__match,external_v1_taillight_07_aa9e471e5f16,external_audit/images/taillight/external_v1_1_taillight_07.jpg,taillight,lighting,taillight,lighting,This automotive part is a taillight.,clean,MATCH,external_audit_v1
external_v1_taillight_07_aa9e471e5f16__clean__mismatch,external_v1_taillight_07_aa9e471e5f16,external_audit/images/taillight/external_v1_1_taillight_07.jpg,taillight,lighting,ignition_coil,ignition_and_fuel,This automotive part is an ignition coil.,clean,MISMATCH,external_audit_v1
external_v1_taillight_07_aa9e471e5f16__clean__partial_match,external_v1_taillight_07_aa9e471e5f16,external_audit/images/taillight/external_v1_1_taillight_07.jpg,taillight,lighting,headlight,lighting,This automotive part is a headlight.,clean,PARTIAL_MATCH,external_audit_v1
external_v1_taillight_07_aa9e471e5f16__natural__match,external_v1_taillight_07_aa9e471e5f16,external_audit/images/taillight/external_v1_1_taillight_07.jpg,taillight,lighting,taillight,lighting,I need a rear tail lamp.,natural,MATCH,external_audit_v1
external_v1_taillight_07_aa9e471e5f16__natural__mismatch,external_v1_taillight_07_aa9e471e5f16,external_audit/images/taillight/external_v1_1_taillight_07.jpg,taillight,lighting,ignition_coil,ignition_and_fuel,I need an ignition coil pack.,natural,MISMATCH,external_audit_v1
external_v1_taillight_07_aa9e471e5f16__natural__partial_match,external_v1_taillight_07_aa9e471e5f16,external_audit/images/taillight/external_v1_1_taillight_07.jpg,taillight,lighting,headlight,lighting,I need a front headlamp.,natural,PARTIAL_MATCH,external_audit_v1
external_v1_taillight_08_51c9beff9d5e__clean__match,external_v1_taillight_08_51c9beff9d5e,external_audit/images/taillight/external_v1_1_taillight_08.jpg,taillight,lighting,taillight,lighting,This automotive part is a taillight.,clean,MATCH,external_audit_v1
external_v1_taillight_08_51c9beff9d5e__clean__mismatch,external_v1_taillight_08_51c9beff9d5e,external_audit/images/taillight/external_v1_1_taillight_08.jpg,taillight,lighting,ignition_coil,ignition_and_fuel,This automotive part is an ignition coil.,clean,MISMATCH,external_audit_v1
external_v1_taillight_08_51c9beff9d5e__clean__partial_match,external_v1_taillight_08_51c9beff9d5e,external_audit/images/taillight/external_v1_1_taillight_08.jpg,taillight,lighting,headlight,lighting,This automotive part is a headlight.,clean,PARTIAL_MATCH,external_audit_v1
external_v1_taillight_08_51c9beff9d5e__natural__match,external_v1_taillight_08_51c9beff9d5e,external_audit/images/taillight/external_v1_1_taillight_08.jpg,taillight,lighting,taillight,lighting,I need a rear tail lamp.,natural,MATCH,external_audit_v1
external_v1_taillight_08_51c9beff9d5e__natural__mismatch,external_v1_taillight_08_51c9beff9d5e,external_audit/images/taillight/external_v1_1_taillight_08.jpg,taillight,lighting,ignition_coil,ignition_and_fuel,I need an ignition coil pack.,natural,MISMATCH,external_audit_v1
external_v1_taillight_08_51c9beff9d5e__natural__partial_match,external_v1_taillight_08_51c9beff9d5e,external_audit/images/taillight/external_v1_1_taillight_08.jpg,taillight,lighting,headlight,lighting,I need a front headlamp.,natural,PARTIAL_MATCH,external_audit_v1
external_v1_taillight_09_ffae12ad21ab__clean__match,external_v1_taillight_09_ffae12ad21ab,external_audit/images/taillight/external_v1_1_taillight_09.jpg,taillight,lighting,taillight,lighting,This automotive part is a taillight.,clean,MATCH,external_audit_v1
external_v1_taillight_09_ffae12ad21ab__clean__mismatch,external_v1_taillight_09_ffae12ad21ab,external_audit/images/taillight/external_v1_1_taillight_09.jpg,taillight,lighting,ignition_coil,ignition_and_fuel,This automotive part is an ignition coil.,clean,MISMATCH,external_audit_v1
external_v1_taillight_09_ffae12ad21ab__clean__partial_match,external_v1_taillight_09_ffae12ad21ab,external_audit/images/taillight/external_v1_1_taillight_09.jpg,taillight,lighting,headlight,lighting,This automotive part is a headlight.,clean,PARTIAL_MATCH,external_audit_v1
external_v1_taillight_09_ffae12ad21ab__natural__match,external_v1_taillight_09_ffae12ad21ab,external_audit/images/taillight/external_v1_1_taillight_09.jpg,taillight,lighting,taillight,lighting,I need a rear tail lamp.,natural,MATCH,external_audit_v1
external_v1_taillight_09_ffae12ad21ab__natural__mismatch,external_v1_taillight_09_ffae12ad21ab,external_audit/images/taillight/external_v1_1_taillight_09.jpg,taillight,lighting,ignition_coil,ignition_and_fuel,I need an ignition coil pack.,natural,MISMATCH,external_audit_v1
external_v1_taillight_09_ffae12ad21ab__natural__partial_match,external_v1_taillight_09_ffae12ad21ab,external_audit/images/taillight/external_v1_1_taillight_09.jpg,taillight,lighting,headlight,lighting,I need a front headlamp.,natural,PARTIAL_MATCH,external_audit_v1
external_v1_taillight_10_74786f3c9a07__clean__match,external_v1_taillight_10_74786f3c9a07,external_audit/images/taillight/external_v1_1_taillight_10.jpg,taillight,lighting,taillight,lighting,This automotive part is a taillight.,clean,MATCH,external_audit_v1
external_v1_taillight_10_74786f3c9a07__clean__mismatch,external_v1_taillight_10_74786f3c9a07,external_audit/images/taillight/external_v1_1_taillight_10.jpg,taillight,lighting,ignition_coil,ignition_and_fuel,This automotive part is an ignition coil.,clean,MISMATCH,external_audit_v1
external_v1_taillight_10_74786f3c9a07__clean__partial_match,external_v1_taillight_10_74786f3c9a07,external_audit/images/taillight/external_v1_1_taillight_10.jpg,taillight,lighting,headlight,lighting,This automotive part is a headlight.,clean,PARTIAL_MATCH,external_audit_v1
external_v1_taillight_10_74786f3c9a07__natural__match,external_v1_taillight_10_74786f3c9a07,external_audit/images/taillight/external_v1_1_taillight_10.jpg,taillight,lighting,taillight,lighting,I need a rear tail lamp.,natural,MATCH,external_audit_v1
external_v1_taillight_10_74786f3c9a07__natural__mismatch,external_v1_taillight_10_74786f3c9a07,external_audit/images/taillight/external_v1_1_taillight_10.jpg,taillight,lighting,ignition_coil,ignition_and_fuel,I need an ignition coil pack.,natural,MISMATCH,external_audit_v1
external_v1_taillight_10_74786f3c9a07__natural__partial_match,external_v1_taillight_10_74786f3c9a07,external_audit/images/taillight/external_v1_1_taillight_10.jpg,taillight,lighting,headlight,lighting,I need a front headlamp.,natural,PARTIAL_MATCH,external_audit_v1
