sample_id,image_id,image_path,part_category,part_family,text_category,text_family,description,text_mode,label,source,prediction,correct,model_score,recognized_text_features,score_match,score_mismatch,score_partial_match
external_v1_alternator_01_1119960a24b5__clean__match,external_v1_alternator_01_1119960a24b5,external_audit/images/alternator/external_v1_1_alternator_01.jpg,alternator,electrical_starting_charging,alternator,electrical_starting_charging,This automotive part is an alternator.,clean,MATCH,external_audit_v1,MATCH,True,0.862682044506073,5,0.862682044506073,0.017401868477463722,0.11991605162620544
external_v1_alternator_01_1119960a24b5__clean__mismatch,external_v1_alternator_01_1119960a24b5,external_audit/images/alternator/external_v1_1_alternator_01.jpg,alternator,electrical_starting_charging,headlight,lighting,This automotive part is a headlight.,clean,MISMATCH,external_audit_v1,MATCH,False,0.7483855485916138,5,0.7483855485916138,0.24294239282608032,0.008672060444951057
external_v1_alternator_01_1119960a24b5__clean__partial_match,external_v1_alternator_01_1119960a24b5,external_audit/images/alternator/external_v1_1_alternator_01.jpg,alternator,electrical_starting_charging,starter,electrical_starting_charging,This automotive part is a starter.,clean,PARTIAL_MATCH,external_audit_v1,MISMATCH,False,0.9542879462242126,5,0.013910472393035889,0.9542879462242126,0.03180161863565445
external_v1_alternator_01_1119960a24b5__natural__match,external_v1_alternator_01_1119960a24b5,external_audit/images/alternator/external_v1_1_alternator_01.jpg,alternator,electrical_starting_charging,alternator,electrical_starting_charging,I need an alternator for the charging system.,natural,MATCH,external_audit_v1,MATCH,True,0.8142126798629761,2,0.8142126798629761,0.013861064799129963,0.17192623019218445
external_v1_alternator_01_1119960a24b5__natural__mismatch,external_v1_alternator_01_1119960a24b5,external_audit/images/alternator/external_v1_1_alternator_01.jpg,alternator,electrical_starting_charging,headlight,lighting,I need a front headlamp.,natural,MISMATCH,external_audit_v1,MATCH,False,0.7327531576156616,0,0.7327531576156616,0.04023280739784241,0.22701406478881836
external_v1_alternator_01_1119960a24b5__natural__partial_match,external_v1_alternator_01_1119960a24b5,external_audit/images/alternator/external_v1_1_alternator_01.jpg,alternator,electrical_starting_charging,starter,electrical_starting_charging,I need a starter motor for the car.,natural,PARTIAL_MATCH,external_audit_v1,MISMATCH,False,0.9455968141555786,2,0.015617219731211662,0.9455968141555786,0.038785938173532486
external_v1_alternator_02_22fbf9d524d2__clean__match,external_v1_alternator_02_22fbf9d524d2,external_audit/images/alternator/external_v1_1_alternator_02.jpg,alternator,electrical_starting_charging,alternator,electrical_starting_charging,This automotive part is an alternator.,clean,MATCH,external_audit_v1,MATCH,True,0.9958143830299377,5,0.9958143830299377,0.0004883712390437722,0.0036971759982407093
external_v1_alternator_02_22fbf9d524d2__clean__mismatch,external_v1_alternator_02_22fbf9d524d2,external_audit/images/alternator/external_v1_1_alternator_02.jpg,alternator,electrical_starting_charging,headlight,lighting,This automotive part is a headlight.,clean,MISMATCH,external_audit_v1,MISMATCH,True,0.9815745949745178,5,0.018310299143195152,0.9815745949745178,0.00011509306204970926
external_v1_alternator_02_22fbf9d524d2__clean__partial_match,external_v1_alternator_02_22fbf9d524d2,external_audit/images/alternator/external_v1_1_alternator_02.jpg,alternator,electrical_starting_charging,starter,electrical_starting_charging,This automotive part is a starter.,clean,PARTIAL_MATCH,external_audit_v1,MATCH,False,0.5111984610557556,5,0.5111984610557556,0.00960507057607174,0.4791964888572693
external_v1_alternator_02_22fbf9d524d2__natural__match,external_v1_alternator_02_22fbf9d524d2,external_audit/images/alternator/external_v1_1_alternator_02.jpg,alternator,electrical_starting_charging,alternator,electrical_starting_charging,I need an alternator for the charging system.,natural,MATCH,external_audit_v1,MATCH,True,0.9928027987480164,2,0.9928027987480164,0.0008120432612486184,0.006385217420756817
external_v1_alternator_02_22fbf9d524d2__natural__mismatch,external_v1_alternator_02_22fbf9d524d2,external_audit/images/alternator/external_v1_1_alternator_02.jpg,alternator,electrical_starting_charging,headlight,lighting,I need a front headlamp.,natural,MISMATCH,external_audit_v1,MISMATCH,True,0.7371522188186646,0,0.15667980909347534,0.7371522188186646,0.1061679944396019
external_v1_alternator_02_22fbf9d524d2__natural__partial_match,external_v1_alternator_02_22fbf9d524d2,external_audit/images/alternator/external_v1_1_alternator_02.jpg,alternator,electrical_starting_charging,starter,electrical_starting_charging,I need a starter motor for the car.,natural,PARTIAL_MATCH,external_audit_v1,PARTIAL_MATCH,True,0.5549603700637817,2,0.43397995829582214,0.011059718206524849,0.5549603700637817
external_v1_alternator_03_3eda97ca27dd__clean__match,external_v1_alternator_03_3eda97ca27dd,external_audit/images/alternator/external_v1_1_alternator_03.jpg,alternator,electrical_starting_charging,alternator,electrical_starting_charging,This automotive part is an alternator.,clean,MATCH,external_audit_v1,MATCH,True,0.9439501166343689,5,0.9439501166343689,0.0001371878752252087,0.055912699550390244
external_v1_alternator_03_3eda97ca27dd__clean__mismatch,external_v1_alternator_03_3eda97ca27dd,external_audit/images/alternator/external_v1_1_alternator_03.jpg,alternator,electrical_starting_charging,headlight,lighting,This automotive part is a headlight.,clean,MISMATCH,external_audit_v1,MISMATCH,True,0.9834783673286438,5,0.015011606737971306,0.9834783673286438,0.0015100903110578656
external_v1_alternator_03_3eda97ca27dd__clean__partial_match,external_v1_alternator_03_3eda97ca27dd,external_audit/images/alternator/external_v1_1_alternator_03.jpg,alternator,electrical_starting_charging,starter,electrical_starting_charging,This automotive part is a starter.,clean,PARTIAL_MATCH,external_audit_v1,MATCH,False,0.823458731174469,5,0.823458731174469,0.10088662058115005,0.07565462589263916
external_v1_alternator_03_3eda97ca27dd__natural__match,external_v1_alternator_03_3eda97ca27dd,external_audit/images/alternator/external_v1_1_alternator_03.jpg,alternator,electrical_starting_charging,alternator,electrical_starting_charging,I need an alternator for the charging system.,natural,MATCH,external_audit_v1,MATCH,True,0.9510837197303772,2,0.9510837197303772,0.00013118970673531294,0.048785120248794556
external_v1_alternator_03_3eda97ca27dd__natural__mismatch,external_v1_alternator_03_3eda97ca27dd,external_audit/images/alternator/external_v1_1_alternator_03.jpg,alternator,electrical_starting_charging,headlight,lighting,I need a front headlamp.,natural,MISMATCH,external_audit_v1,MISMATCH,True,0.5043245553970337,0,0.2848358452320099,0.5043245553970337,0.21083959937095642
external_v1_alternator_03_3eda97ca27dd__natural__partial_match,external_v1_alternator_03_3eda97ca27dd,external_audit/images/alternator/external_v1_1_alternator_03.jpg,alternator,electrical_starting_charging,starter,electrical_starting_charging,I need a starter motor for the car.,natural,PARTIAL_MATCH,external_audit_v1,MATCH,False,0.8000624179840088,2,0.8000624179840088,0.12726078927516937,0.07267677783966064
external_v1_alternator_04_5db03cfa561b__clean__match,external_v1_alternator_04_5db03cfa561b,external_audit/images/alternator/external_v1_1_alternator_04.jpg,alternator,electrical_starting_charging,alternator,electrical_starting_charging,This automotive part is an alternator.,clean,MATCH,external_audit_v1,MATCH,True,0.9092603921890259,5,0.9092603921890259,0.00021544296760112047,0.0905240997672081
external_v1_alternator_04_5db03cfa561b__clean__mismatch,external_v1_alternator_04_5db03cfa561b,external_audit/images/alternator/external_v1_1_alternator_04.jpg,alternator,electrical_starting_charging,headlight,lighting,This automotive part is a headlight.,clean,MISMATCH,external_audit_v1,MISMATCH,True,0.9699884057044983,5,0.02938954159617424,0.9699884057044983,0.0006220966461114585
external_v1_alternator_04_5db03cfa561b__clean__partial_match,external_v1_alternator_04_5db03cfa561b,external_audit/images/alternator/external_v1_1_alternator_04.jpg,alternator,electrical_starting_charging,starter,electrical_starting_charging,This automotive part is a starter.,clean,PARTIAL_MATCH,external_audit_v1,MATCH,False,0.9752532839775085,5,0.9752532839775085,0.024090461432933807,0.0006563228671438992
external_v1_alternator_04_5db03cfa561b__natural__match,external_v1_alternator_04_5db03cfa561b,external_audit/images/alternator/external_v1_1_alternator_04.jpg,alternator,electrical_starting_charging,alternator,electrical_starting_charging,I need an alternator for the charging system.,natural,MATCH,external_audit_v1,MATCH,True,0.9296478629112244,2,0.9296478629112244,0.0002292675490025431,0.07012283802032471
external_v1_alternator_04_5db03cfa561b__natural__mismatch,external_v1_alternator_04_5db03cfa561b,external_audit/images/alternator/external_v1_1_alternator_04.jpg,alternator,electrical_starting_charging,headlight,lighting,I need a front headlamp.,natural,MISMATCH,external_audit_v1,MISMATCH,True,0.6620289087295532,0,0.3100675344467163,0.6620289087295532,0.027903614565730095
external_v1_alternator_04_5db03cfa561b__natural__partial_match,external_v1_alternator_04_5db03cfa561b,external_audit/images/alternator/external_v1_1_alternator_04.jpg,alternator,electrical_starting_charging,starter,electrical_starting_charging,I need a starter motor for the car.,natural,PARTIAL_MATCH,external_audit_v1,MATCH,False,0.9667320847511292,2,0.9667320847511292,0.03270651772618294,0.0005613898974843323
external_v1_alternator_05_1580f7bb67e9__clean__match,external_v1_alternator_05_1580f7bb67e9,external_audit/images/alternator/external_v1_1_alternator_05.jpg,alternator,electrical_starting_charging,alternator,electrical_starting_charging,This automotive part is an alternator.,clean,MATCH,external_audit_v1,MATCH,True,0.9316820502281189,5,0.9316820502281189,0.0014790862333029509,0.06683892011642456
external_v1_alternator_05_1580f7bb67e9__clean__mismatch,external_v1_alternator_05_1580f7bb67e9,external_audit/images/alternator/external_v1_1_alternator_05.jpg,alternator,electrical_starting_charging,headlight,lighting,This automotive part is a headlight.,clean,MISMATCH,external_audit_v1,MISMATCH,True,0.9001488089561462,5,0.04767241328954697,0.9001488089561462,0.05217878147959709
external_v1_alternator_05_1580f7bb67e9__clean__partial_match,external_v1_alternator_05_1580f7bb67e9,external_audit/images/alternator/external_v1_1_alternator_05.jpg,alternator,electrical_starting_charging,starter,electrical_starting_charging,This automotive part is a starter.,clean,PARTIAL_MATCH,external_audit_v1,MATCH,False,0.975303053855896,5,0.975303053855896,0.02324817143380642,0.001448791939765215
external_v1_alternator_05_1580f7bb67e9__natural__match,external_v1_alternator_05_1580f7bb67e9,external_audit/images/alternator/external_v1_1_alternator_05.jpg,alternator,electrical_starting_charging,alternator,electrical_starting_charging,I need an alternator for the charging system.,natural,MATCH,external_audit_v1,MATCH,True,0.949493944644928,2,0.949493944644928,0.0012344886781647801,0.04927157983183861
external_v1_alternator_05_1580f7bb67e9__natural__mismatch,external_v1_alternator_05_1580f7bb67e9,external_audit/images/alternator/external_v1_1_alternator_05.jpg,alternator,electrical_starting_charging,headlight,lighting,I need a front headlamp.,natural,MISMATCH,external_audit_v1,MISMATCH,True,0.45091086626052856,0,0.4225948452949524,0.45091086626052856,0.12649421393871307
external_v1_alternator_05_1580f7bb67e9__natural__partial_match,external_v1_alternator_05_1580f7bb67e9,external_audit/images/alternator/external_v1_1_alternator_05.jpg,alternator,electrical_starting_charging,starter,electrical_starting_charging,I need a starter motor for the car.,natural,PARTIAL_MATCH,external_audit_v1,MATCH,False,0.9686549305915833,2,0.9686549305915833,0.03003442846238613,0.0013106055557727814
external_v1_alternator_06_2763d44ba675__clean__match,external_v1_alternator_06_2763d44ba675,external_audit/images/alternator/external_v1_1_alternator_06.jpg,alternator,electrical_starting_charging,alternator,electrical_starting_charging,This automotive part is an alternator.,clean,MATCH,external_audit_v1,MISMATCH,False,0.6656283140182495,5,0.2664814591407776,0.6656283140182495,0.0678902268409729
external_v1_alternator_06_2763d44ba675__clean__mismatch,external_v1_alternator_06_2763d44ba675,external_audit/images/alternator/external_v1_1_alternator_06.jpg,alternator,electrical_starting_charging,headlight,lighting,This automotive part is a headlight.,clean,MISMATCH,external_audit_v1,MISMATCH,True,0.6722052097320557,5,0.3130440413951874,0.6722052097320557,0.014750754460692406
external_v1_alternator_06_2763d44ba675__clean__partial_match,external_v1_alternator_06_2763d44ba675,external_audit/images/alternator/external_v1_1_alternator_06.jpg,alternator,electrical_starting_charging,starter,electrical_starting_charging,This automotive part is a starter.,clean,PARTIAL_MATCH,external_audit_v1,MISMATCH,False,0.7650426030158997,5,0.080523781478405,0.7650426030158997,0.1544336974620819
external_v1_alternator_06_2763d44ba675__natural__match,external_v1_alternator_06_2763d44ba675,external_audit/images/alternator/external_v1_1_alternator_06.jpg,alternator,electrical_starting_charging,alternator,electrical_starting_charging,I need an alternator for the charging system.,natural,MATCH,external_audit_v1,MISMATCH,False,0.604290246963501,2,0.28598082065582275,0.604290246963501,0.10972891747951508
external_v1_alternator_06_2763d44ba675__natural__mismatch,external_v1_alternator_06_2763d44ba675,external_audit/images/alternator/external_v1_1_alternator_06.jpg,alternator,electrical_starting_charging,headlight,lighting,I need a front headlamp.,natural,MISMATCH,external_audit_v1,MISMATCH,True,0.5156517624855042,0,0.4014798700809479,0.5156517624855042,0.08286835253238678
external_v1_alternator_06_2763d44ba675__natural__partial_match,external_v1_alternator_06_2763d44ba675,external_audit/images/alternator/external_v1_1_alternator_06.jpg,alternator,electrical_starting_charging,starter,electrical_starting_charging,I need a starter motor for the car.,natural,PARTIAL_MATCH,external_audit_v1,MISMATCH,False,0.8094477653503418,2,0.06852462142705917,0.8094477653503418,0.12202771008014679
external_v1_alternator_07_273fe98d6874__clean__match,external_v1_alternator_07_273fe98d6874,external_audit/images/alternator/external_v1_1_alternator_07.jpg,alternator,electrical_starting_charging,alternator,electrical_starting_charging,This automotive part is an alternator.,clean,MATCH,external_audit_v1,MATCH,True,0.9747329354286194,5,0.9747329354286194,0.00020923500414937735,0.025057829916477203
external_v1_alternator_07_273fe98d6874__clean__mismatch,external_v1_alternator_07_273fe98d6874,external_audit/images/alternator/external_v1_1_alternator_07.jpg,alternator,electrical_starting_charging,headlight,lighting,This automotive part is a headlight.,clean,MISMATCH,external_audit_v1,MISMATCH,True,0.8681197166442871,5,0.13112226128578186,0.8681197166442871,0.0007578993681818247
external_v1_alternator_07_273fe98d6874__clean__partial_match,external_v1_alternator_07_273fe98d6874,external_audit/images/alternator/external_v1_1_alternator_07.jpg,alternator,electrical_starting_charging,starter,electrical_starting_charging,This automotive part is a starter.,clean,PARTIAL_MATCH,external_audit_v1,PARTIAL_MATCH,True,0.4206455647945404,5,0.31559324264526367,0.2637612521648407,0.4206455647945404
external_v1_alternator_07_273fe98d6874__natural__match,external_v1_alternator_07_273fe98d6874,external_audit/images/alternator/external_v1_1_alternator_07.jpg,alternator,electrical_starting_charging,alternator,electrical_starting_charging,I need an alternator for the charging system.,natural,MATCH,external_audit_v1,MATCH,True,0.9647099375724792,2,0.9647099375724792,0.00023782439529895782,0.03505226597189903
external_v1_alternator_07_273fe98d6874__natural__mismatch,external_v1_alternator_07_273fe98d6874,external_audit/images/alternator/external_v1_1_alternator_07.jpg,alternator,electrical_starting_charging,headlight,lighting,I need a front headlamp.,natural,MISMATCH,external_audit_v1,MATCH,False,0.7000241279602051,0,0.7000241279602051,0.21540610492229462,0.08456975966691971
external_v1_alternator_07_273fe98d6874__natural__partial_match,external_v1_alternator_07_273fe98d6874,external_audit/images/alternator/external_v1_1_alternator_07.jpg,alternator,electrical_starting_charging,starter,electrical_starting_charging,I need a starter motor for the car.,natural,PARTIAL_MATCH,external_audit_v1,PARTIAL_MATCH,True,0.43870458006858826,2,0.29592782258987427,0.2653675973415375,0.43870458006858826
external_v1_alternator_08_c2429694e4c0__clean__match,external_v1_alternator_08_c2429694e4c0,external_audit/images/alternator/external_v1_1_alternator_08.jpg,alternator,electrical_starting_charging,alternator,electrical_starting_charging,This automotive part is an alternator.,clean,MATCH,external_audit_v1,MATCH,True,0.9819514751434326,5,0.9819514751434326,0.016325693577528,0.0017228368669748306
external_v1_alternator_08_c2429694e4c0__clean__mismatch,external_v1_alternator_08_c2429694e4c0,external_audit/images/alternator/external_v1_1_alternator_08.jpg,alternator,electrical_starting_charging,headlight,lighting,This automotive part is a headlight.,clean,MISMATCH,external_audit_v1,MISMATCH,True,0.8696295022964478,5,0.12847323715686798,0.8696295022964478,0.001897230395115912
external_v1_alternator_08_c2429694e4c0__clean__partial_match,external_v1_alternator_08_c2429694e4c0,external_audit/images/alternator/external_v1_1_alternator_08.jpg,alternator,electrical_starting_charging,starter,electrical_starting_charging,This automotive part is a starter.,clean,PARTIAL_MATCH,external_audit_v1,PARTIAL_MATCH,True,0.5124346613883972,5,0.3285215198993683,0.1590438038110733,0.5124346613883972
external_v1_alternator_08_c2429694e4c0__natural__match,external_v1_alternator_08_c2429694e4c0,external_audit/images/alternator/external_v1_1_alternator_08.jpg,alternator,electrical_starting_charging,alternator,electrical_starting_charging,I need an alternator for the charging system.,natural,MATCH,external_audit_v1,MATCH,True,0.9773188233375549,2,0.9773188233375549,0.019766155630350113,0.0029149798210710287
external_v1_alternator_08_c2429694e4c0__natural__mismatch,external_v1_alternator_08_c2429694e4c0,external_audit/images/alternator/external_v1_1_alternator_08.jpg,alternator,electrical_starting_charging,headlight,lighting,I need a front headlamp.,natural,MISMATCH,external_audit_v1,MISMATCH,True,0.6423874497413635,0,0.30280232429504395,0.6423874497413635,0.05481022223830223
external_v1_alternator_08_c2429694e4c0__natural__partial_match,external_v1_alternator_08_c2429694e4c0,external_audit/images/alternator/external_v1_1_alternator_08.jpg,alternator,electrical_starting_charging,starter,electrical_starting_charging,I need a starter motor for the car.,natural,PARTIAL_MATCH,external_audit_v1,PARTIAL_MATCH,True,0.5892707109451294,2,0.27597060799598694,0.13475871086120605,0.5892707109451294
external_v1_alternator_09_8717db8608f5__clean__match,external_v1_alternator_09_8717db8608f5,external_audit/images/alternator/external_v1_1_alternator_09.jpg,alternator,electrical_starting_charging,alternator,electrical_starting_charging,This automotive part is an alternator.,clean,MATCH,external_audit_v1,PARTIAL_MATCH,False,0.7962227463722229,5,0.19087134301662445,0.01290589477866888,0.7962227463722229
external_v1_alternator_09_8717db8608f5__clean__mismatch,external_v1_alternator_09_8717db8608f5,external_audit/images/alternator/external_v1_1_alternator_09.jpg,alternator,electrical_starting_charging,headlight,lighting,This automotive part is a headlight.,clean,MISMATCH,external_audit_v1,MISMATCH,True,0.8046773672103882,5,0.13552628457546234,0.8046773672103882,0.05979626253247261
external_v1_alternator_09_8717db8608f5__clean__partial_match,external_v1_alternator_09_8717db8608f5,external_audit/images/alternator/external_v1_1_alternator_09.jpg,alternator,electrical_starting_charging,starter,electrical_starting_charging,This automotive part is a starter.,clean,PARTIAL_MATCH,external_audit_v1,MATCH,False,0.6844645738601685,5,0.6844645738601685,0.04649931937456131,0.26903608441352844
external_v1_alternator_09_8717db8608f5__natural__match,external_v1_alternator_09_8717db8608f5,external_audit/images/alternator/external_v1_1_alternator_09.jpg,alternator,electrical_starting_charging,alternator,electrical_starting_charging,I need an alternator for the charging system.,natural,MATCH,external_audit_v1,PARTIAL_MATCH,False,0.8216080069541931,2,0.16433271765708923,0.014059305191040039,0.8216080069541931
external_v1_alternator_09_8717db8608f5__natural__mismatch,external_v1_alternator_09_8717db8608f5,external_audit/images/alternator/external_v1_1_alternator_09.jpg,alternator,electrical_starting_charging,headlight,lighting,I need a front headlamp.,natural,MISMATCH,external_audit_v1,MISMATCH,True,0.44335731863975525,0,0.2116285264492035,0.44335731863975525,0.3450140655040741
external_v1_alternator_09_8717db8608f5__natural__partial_match,external_v1_alternator_09_8717db8608f5,external_audit/images/alternator/external_v1_1_alternator_09.jpg,alternator,electrical_starting_charging,starter,electrical_starting_charging,I need a starter motor for the car.,natural,PARTIAL_MATCH,external_audit_v1,MATCH,False,0.6512870192527771,2,0.6512870192527771,0.05905536562204361,0.2896576523780823
external_v1_alternator_10_9fb8a04100ee__clean__match,external_v1_alternator_10_9fb8a04100ee,external_audit/images/alternator/external_v1_1_alternator_10.png,alternator,electrical_starting_charging,alternator,electrical_starting_charging,This automotive part is an alternator.,clean,MATCH,external_audit_v1,MATCH,True,0.9854913949966431,5,0.9854913949966431,4.536773485597223e-05,0.014463263563811779
external_v1_alternator_10_9fb8a04100ee__clean__mismatch,external_v1_alternator_10_9fb8a04100ee,external_audit/images/alternator/external_v1_1_alternator_10.png,alternator,electrical_starting_charging,headlight,lighting,This automotive part is a headlight.,clean,MISMATCH,external_audit_v1,MISMATCH,True,0.989203155040741,5,0.0103108249604702,0.989203155040741,0.0004859031760133803
external_v1_alternator_10_9fb8a04100ee__clean__partial_match,external_v1_alternator_10_9fb8a04100ee,external_audit/images/alternator/external_v1_1_alternator_10.png,alternator,electrical_starting_charging,starter,electrical_starting_charging,This automotive part is a starter.,clean,PARTIAL_MATCH,external_audit_v1,MATCH,False,0.7780227661132812,5,0.7780227661132812,0.02849372662603855,0.19348354637622833
external_v1_alternator_10_9fb8a04100ee__natural__match,external_v1_alternator_10_9fb8a04100ee,external_audit/images/alternator/external_v1_1_alternator_10.png,alternator,electrical_starting_charging,alternator,electrical_starting_charging,I need an alternator for the charging system.,natural,MATCH,external_audit_v1,MATCH,True,0.985664963722229,2,0.985664963722229,5.243470150162466e-05,0.014282690361142159
external_v1_alternator_10_9fb8a04100ee__natural__mismatch,external_v1_alternator_10_9fb8a04100ee,external_audit/images/alternator/external_v1_1_alternator_10.png,alternator,electrical_starting_charging,headlight,lighting,I need a front headlamp.,natural,MISMATCH,external_audit_v1,MISMATCH,True,0.5668760538101196,0,0.35947516560554504,0.5668760538101196,0.07364881783723831
external_v1_alternator_10_9fb8a04100ee__natural__partial_match,external_v1_alternator_10_9fb8a04100ee,external_audit/images/alternator/external_v1_1_alternator_10.png,alternator,electrical_starting_charging,starter,electrical_starting_charging,I need a starter motor for the car.,natural,PARTIAL_MATCH,external_audit_v1,MATCH,False,0.7806743383407593,2,0.7806743383407593,0.03845380246639252,0.18087182939052582
external_v1_headlight_01_ebb53b0664ff__clean__match,external_v1_headlight_01_ebb53b0664ff,external_audit/images/headlight/external_v1_1_headlight_01.jpg,headlight,lighting,headlight,lighting,This automotive part is a headlight.,clean,MATCH,external_audit_v1,MATCH,True,0.9726456999778748,5,0.9726456999778748,0.005543104372918606,0.02181120589375496
external_v1_headlight_01_ebb53b0664ff__clean__mismatch,external_v1_headlight_01_ebb53b0664ff,external_audit/images/headlight/external_v1_1_headlight_01.jpg,headlight,lighting,spark_plug,ignition_and_fuel,This automotive part is a spark plug.,clean,MISMATCH,external_audit_v1,MISMATCH,True,0.6518985033035278,7,0.012891233898699284,0.6518985033035278,0.33521026372909546
external_v1_headlight_01_ebb53b0664ff__clean__partial_match,external_v1_headlight_01_ebb53b0664ff,external_audit/images/headlight/external_v1_1_headlight_01.jpg,headlight,lighting,taillight,lighting,This automotive part is a taillight.,clean,PARTIAL_MATCH,external_audit_v1,PARTIAL_MATCH,True,0.9094016551971436,5,0.0857810378074646,0.004817361012101173,0.9094016551971436
external_v1_headlight_01_ebb53b0664ff__natural__match,external_v1_headlight_01_ebb53b0664ff,external_audit/images/headlight/external_v1_1_headlight_01.jpg,headlight,lighting,headlight,lighting,I need a front headlamp.,natural,MATCH,external_audit_v1,MATCH,True,0.4308302402496338,0,0.4308302402496338,0.2313762754201889,0.3377934396266937
external_v1_headlight_01_ebb53b0664ff__natural__mismatch,external_v1_headlight_01_ebb53b0664ff,external_audit/images/headlight/external_v1_1_headlight_01.jpg,headlight,lighting,spark_plug,ignition_and_fuel,I need spark plugs for the engine.,natural,MISMATCH,external_audit_v1,PARTIAL_MATCH,False,0.839455246925354,3,0.04039835184812546,0.12014645338058472,0.839455246925354
external_v1_headlight_01_ebb53b0664ff__natural__partial_match,external_v1_headlight_01_ebb53b0664ff,external_audit/images/headlight/external_v1_1_headlight_01.jpg,headlight,lighting,taillight,lighting,I need a rear tail lamp.,natural,PARTIAL_MATCH,external_audit_v1,MATCH,False,0.4308302402496338,0,0.4308302402496338,0.2313762754201889,0.3377934396266937
external_v1_headlight_02_8f6f5e258146__clean__match,external_v1_headlight_02_8f6f5e258146,external_audit/images/headlight/external_v1_1_headlight_02.jpg,headlight,lighting,headlight,lighting,This automotive part is a headlight.,clean,MATCH,external_audit_v1,MATCH,True,0.9724693298339844,5,0.9724693298339844,0.02685035951435566,0.0006802166462875903
external_v1_headlight_02_8f6f5e258146__clean__mismatch,external_v1_headlight_02_8f6f5e258146,external_audit/images/headlight/external_v1_1_headlight_02.jpg,headlight,lighting,spark_plug,ignition_and_fuel,This automotive part is a spark plug.,clean,MISMATCH,external_audit_v1,MISMATCH,True,0.9985437393188477,7,0.0008133981027640402,0.9985437393188477,0.0006428553024306893
external_v1_headlight_02_8f6f5e258146__clean__partial_match,external_v1_headlight_02_8f6f5e258146,external_audit/images/headlight/external_v1_1_headlight_02.jpg,headlight,lighting,taillight,lighting,This automotive part is a taillight.,clean,PARTIAL_MATCH,external_audit_v1,PARTIAL_MATCH,True,0.950230062007904,5,0.04154526814818382,0.008224723860621452,0.950230062007904
external_v1_headlight_02_8f6f5e258146__natural__match,external_v1_headlight_02_8f6f5e258146,external_audit/images/headlight/external_v1_1_headlight_02.jpg,headlight,lighting,headlight,lighting,I need a front headlamp.,natural,MATCH,external_audit_v1,MATCH,True,0.6830545663833618,0,0.6830545663833618,0.2797226011753082,0.03722289949655533
external_v1_headlight_02_8f6f5e258146__natural__mismatch,external_v1_headlight_02_8f6f5e258146,external_audit/images/headlight/external_v1_1_headlight_02.jpg,headlight,lighting,spark_plug,ignition_and_fuel,I need spark plugs for the engine.,natural,MISMATCH,external_audit_v1,MISMATCH,True,0.888667106628418,3,0.09343268722295761,0.888667106628418,0.017900170758366585
external_v1_headlight_02_8f6f5e258146__natural__partial_match,external_v1_headlight_02_8f6f5e258146,external_audit/images/headlight/external_v1_1_headlight_02.jpg,headlight,lighting,taillight,lighting,I need a rear tail lamp.,natural,PARTIAL_MATCH,external_audit_v1,MATCH,False,0.6830545663833618,0,0.6830545663833618,0.2797226011753082,0.03722289949655533
external_v1_headlight_03_349988cab9ad__clean__match,external_v1_headlight_03_349988cab9ad,external_audit/images/headlight/external_v1_1_headlight_03.jpg,headlight,lighting,headlight,lighting,This automotive part is a headlight.,clean,MATCH,external_audit_v1,PARTIAL_MATCH,False,0.9267915487289429,5,0.042098190635442734,0.031110230833292007,0.9267915487289429
external_v1_headlight_03_349988cab9ad__clean__mismatch,external_v1_headlight_03_349988cab9ad,external_audit/images/headlight/external_v1_1_headlight_03.jpg,headlight,lighting,spark_plug,ignition_and_fuel,This automotive part is a spark plug.,clean,MISMATCH,external_audit_v1,PARTIAL_MATCH,False,0.8775630593299866,7,0.0008797521004453301,0.12155716121196747,0.8775630593299866
external_v1_headlight_03_349988cab9ad__clean__partial_match,external_v1_headlight_03_349988cab9ad,external_audit/images/headlight/external_v1_1_headlight_03.jpg,headlight,lighting,taillight,lighting,This automotive part is a taillight.,clean,PARTIAL_MATCH,external_audit_v1,MATCH,False,0.8595170378684998,5,0.8595170378684998,0.10506099462509155,0.035422008484601974
external_v1_headlight_03_349988cab9ad__natural__match,external_v1_headlight_03_349988cab9ad,external_audit/images/headlight/external_v1_1_headlight_03.jpg,headlight,lighting,headlight,lighting,I need a front headlamp.,natural,MATCH,external_audit_v1,MISMATCH,False,0.47403255105018616,0,0.217060849070549,0.47403255105018616,0.30890658497810364
external_v1_headlight_03_349988cab9ad__natural__mismatch,external_v1_headlight_03_349988cab9ad,external_audit/images/headlight/external_v1_1_headlight_03.jpg,headlight,lighting,spark_plug,ignition_and_fuel,I need spark plugs for the engine.,natural,MISMATCH,external_audit_v1,PARTIAL_MATCH,False,0.5051044821739197,3,0.011243409477174282,0.4836520552635193,0.5051044821739197
external_v1_headlight_03_349988cab9ad__natural__partial_match,external_v1_headlight_03_349988cab9ad,external_audit/images/headlight/external_v1_1_headlight_03.jpg,headlight,lighting,taillight,lighting,I need a rear tail lamp.,natural,PARTIAL_MATCH,external_audit_v1,MISMATCH,False,0.47403261065483093,0,0.21706081926822662,0.47403261065483093,0.30890655517578125
external_v1_headlight_04_5ff8bf0f5126__clean__match,external_v1_headlight_04_5ff8bf0f5126,external_audit/images/headlight/external_v1_1_headlight_04.jpg,headlight,lighting,headlight,lighting,This automotive part is a headlight.,clean,MATCH,external_audit_v1,MATCH,True,0.9850127696990967,5,0.9850127696990967,0.008325554430484772,0.006661745719611645
external_v1_headlight_04_5ff8bf0f5126__clean__mismatch,external_v1_headlight_04_5ff8bf0f5126,external_audit/images/headlight/external_v1_1_headlight_04.jpg,headlight,lighting,spark_plug,ignition_and_fuel,This automotive part is a spark plug.,clean,MISMATCH,external_audit_v1,MISMATCH,True,0.9896991848945618,7,0.0002042007981799543,0.9896991848945618,0.010096563026309013
external_v1_headlight_04_5ff8bf0f5126__clean__partial_match,external_v1_headlight_04_5ff8bf0f5126,external_audit/images/headlight/external_v1_1_headlight_04.jpg,headlight,lighting,taillight,lighting,This automotive part is a taillight.,clean,PARTIAL_MATCH,external_audit_v1,PARTIAL_MATCH,True,0.9506217837333679,5,0.028798559680581093,0.02057969570159912,0.9506217837333679
external_v1_headlight_04_5ff8bf0f5126__natural__match,external_v1_headlight_04_5ff8bf0f5126,external_audit/images/headlight/external_v1_1_headlight_04.jpg,headlight,lighting,headlight,lighting,I need a front headlamp.,natural,MATCH,external_audit_v1,MISMATCH,False,0.5238916873931885,0,0.2998218536376953,0.5238916873931885,0.17628654837608337
external_v1_headlight_04_5ff8bf0f5126__natural__mismatch,external_v1_headlight_04_5ff8bf0f5126,external_audit/images/headlight/external_v1_1_headlight_04.jpg,headlight,lighting,spark_plug,ignition_and_fuel,I need spark plugs for the engine.,natural,MISMATCH,external_audit_v1,MISMATCH,True,0.8995450735092163,3,0.014238924719393253,0.8995450735092163,0.08621589839458466
external_v1_headlight_04_5ff8bf0f5126__natural__partial_match,external_v1_headlight_04_5ff8bf0f5126,external_audit/images/headlight/external_v1_1_headlight_04.jpg,headlight,lighting,taillight,lighting,I need a rear tail lamp.,natural,PARTIAL_MATCH,external_audit_v1,MISMATCH,False,0.5238916873931885,0,0.2998218536376953,0.5238916873931885,0.17628654837608337
external_v1_headlight_05_67e354db9f44__clean__match,external_v1_headlight_05_67e354db9f44,external_audit/images/headlight/external_v1_1_headlight_05.jpg,headlight,lighting,headlight,lighting,This automotive part is a headlight.,clean,MATCH,external_audit_v1,MATCH,True,0.8222996592521667,5,0.8222996592521667,0.11110778898000717,0.06659248471260071
external_v1_headlight_05_67e354db9f44__clean__mismatch,external_v1_headlight_05_67e354db9f44,external_audit/images/headlight/external_v1_1_headlight_05.jpg,headlight,lighting,spark_plug,ignition_and_fuel,This automotive part is a spark plug.,clean,MISMATCH,external_audit_v1,PARTIAL_MATCH,False,0.851621150970459,7,0.006537540815770626,0.14184126257896423,0.851621150970459
external_v1_headlight_05_67e354db9f44__clean__partial_match,external_v1_headlight_05_67e354db9f44,external_audit/images/headlight/external_v1_1_headlight_05.jpg,headlight,lighting,taillight,lighting,This automotive part is a taillight.,clean,PARTIAL_MATCH,external_audit_v1,PARTIAL_MATCH,True,0.5647751092910767,5,0.13347679376602173,0.3017480671405792,0.5647751092910767
external_v1_headlight_05_67e354db9f44__natural__match,external_v1_headlight_05_67e354db9f44,external_audit/images/headlight/external_v1_1_headlight_05.jpg,headlight,lighting,headlight,lighting,I need a front headlamp.,natural,MATCH,external_audit_v1,MATCH,True,0.3578806221485138,0,0.3578806221485138,0.2935040295124054,0.3486153483390808
external_v1_headlight_05_67e354db9f44__natural__mismatch,external_v1_headlight_05_67e354db9f44,external_audit/images/headlight/external_v1_1_headlight_05.jpg,headlight,lighting,spark_plug,ignition_and_fuel,I need spark plugs for the engine.,natural,MISMATCH,external_audit_v1,PARTIAL_MATCH,False,0.6756064891815186,3,0.057285208255052567,0.267108291387558,0.6756064891815186
external_v1_headlight_05_67e354db9f44__natural__partial_match,external_v1_headlight_05_67e354db9f44,external_audit/images/headlight/external_v1_1_headlight_05.jpg,headlight,lighting,taillight,lighting,I need a rear tail lamp.,natural,PARTIAL_MATCH,external_audit_v1,MATCH,False,0.3578806221485138,0,0.3578806221485138,0.2935040295124054,0.3486153483390808
external_v1_headlight_06_25c92851d2f2__clean__match,external_v1_headlight_06_25c92851d2f2,external_audit/images/headlight/external_v1_1_headlight_06.jpg,headlight,lighting,headlight,lighting,This automotive part is a headlight.,clean,MATCH,external_audit_v1,MATCH,True,0.9527960419654846,5,0.9527960419654846,0.04093615338206291,0.0062678540125489235
external_v1_headlight_06_25c92851d2f2__clean__mismatch,external_v1_headlight_06_25c92851d2f2,external_audit/images/headlight/external_v1_1_headlight_06.jpg,headlight,lighting,spark_plug,ignition_and_fuel,This automotive part is a spark plug.,clean,MISMATCH,external_audit_v1,MISMATCH,True,0.990595817565918,7,0.0009201918728649616,0.990595817565918,0.008484075777232647
external_v1_headlight_06_25c92851d2f2__clean__partial_match,external_v1_headlight_06_25c92851d2f2,external_audit/images/headlight/external_v1_1_headlight_06.jpg,headlight,lighting,taillight,lighting,This automotive part is a taillight.,clean,PARTIAL_MATCH,external_audit_v1,PARTIAL_MATCH,True,0.7706688046455383,5,0.17624258995056152,0.053088609129190445,0.7706688046455383
external_v1_headlight_06_25c92851d2f2__natural__match,external_v1_headlight_06_25c92851d2f2,external_audit/images/headlight/external_v1_1_headlight_06.jpg,headlight,lighting,headlight,lighting,I need a front headlamp.,natural,MATCH,external_audit_v1,MISMATCH,False,0.463176965713501,0,0.41135087609291077,0.463176965713501,0.12547221779823303
external_v1_headlight_06_25c92851d2f2__natural__mismatch,external_v1_headlight_06_25c92851d2f2,external_audit/images/headlight/external_v1_1_headlight_06.jpg,headlight,lighting,spark_plug,ignition_and_fuel,I need spark plugs for the engine.,natural,MISMATCH,external_audit_v1,MISMATCH,True,0.7294830679893494,3,0.061854682862758636,0.7294830679893494,0.2086622565984726
external_v1_headlight_06_25c92851d2f2__natural__partial_match,external_v1_headlight_06_25c92851d2f2,external_audit/images/headlight/external_v1_1_headlight_06.jpg,headlight,lighting,taillight,lighting,I need a rear tail lamp.,natural,PARTIAL_MATCH,external_audit_v1,MISMATCH,False,0.463176965713501,0,0.41135087609291077,0.463176965713501,0.12547221779823303
external_v1_headlight_07_77adc5fcb3da__clean__match,external_v1_headlight_07_77adc5fcb3da,external_audit/images/headlight/external_v1_1_headlight_07.jpg,headlight,lighting,headlight,lighting,This automotive part is a headlight.,clean,MATCH,external_audit_v1,MISMATCH,False,0.894681990146637,5,0.09400369971990585,0.894681990146637,0.01131434366106987
external_v1_headlight_07_77adc5fcb3da__clean__mismatch,external_v1_headlight_07_77adc5fcb3da,external_audit/images/headlight/external_v1_1_headlight_07.jpg,headlight,lighting,spark_plug,ignition_and_fuel,This automotive part is a spark plug.,clean,MISMATCH,external_audit_v1,MISMATCH,True,0.931081235408783,7,0.0013223300920799375,0.931081235408783,0.06759635359048843
external_v1_headlight_07_77adc5fcb3da__clean__partial_match,external_v1_headlight_07_77adc5fcb3da,external_audit/images/headlight/external_v1_1_headlight_07.jpg,headlight,lighting,taillight,lighting,This automotive part is a taillight.,clean,PARTIAL_MATCH,external_audit_v1,PARTIAL_MATCH,True,0.5766343474388123,5,0.030939631164073944,0.3924260139465332,0.5766343474388123
external_v1_headlight_07_77adc5fcb3da__natural__match,external_v1_headlight_07_77adc5fcb3da,external_audit/images/headlight/external_v1_1_headlight_07.jpg,headlight,lighting,headlight,lighting,I need a front headlamp.,natural,MATCH,external_audit_v1,MISMATCH,False,0.4978213310241699,0,0.21536590158939362,0.4978213310241699,0.28681281208992004
external_v1_headlight_07_77adc5fcb3da__natural__mismatch,external_v1_headlight_07_77adc5fcb3da,external_audit/images/headlight/external_v1_1_headlight_07.jpg,headlight,lighting,spark_plug,ignition_and_fuel,I need spark plugs for the engine.,natural,MISMATCH,external_audit_v1,MISMATCH,True,0.4822460412979126,3,0.051147185266017914,0.4822460412979126,0.4666067361831665
external_v1_headlight_07_77adc5fcb3da__natural__partial_match,external_v1_headlight_07_77adc5fcb3da,external_audit/images/headlight/external_v1_1_headlight_07.jpg,headlight,lighting,taillight,lighting,I need a rear tail lamp.,natural,PARTIAL_MATCH,external_audit_v1,MISMATCH,False,0.4978213310241699,0,0.21536590158939362,0.4978213310241699,0.28681281208992004
external_v1_headlight_08_4590298480bf__clean__match,external_v1_headlight_08_4590298480bf,external_audit/images/headlight/external_v1_1_headlight_08.jpg,headlight,lighting,headlight,lighting,This automotive part is a headlight.,clean,MATCH,external_audit_v1,PARTIAL_MATCH,False,0.7886854410171509,5,0.1981315016746521,0.013183072209358215,0.7886854410171509
external_v1_headlight_08_4590298480bf__clean__mismatch,external_v1_headlight_08_4590298480bf,external_audit/images/headlight/external_v1_1_headlight_08.jpg,headlight,lighting,spark_plug,ignition_and_fuel,This automotive part is a spark plug.,clean,MISMATCH,external_audit_v1,MISMATCH,True,0.8615332245826721,7,0.007752023637294769,0.8615332245826721,0.13071469962596893
external_v1_headlight_08_4590298480bf__clean__partial_match,external_v1_headlight_08_4590298480bf,external_audit/images/headlight/external_v1_1_headlight_08.jpg,headlight,lighting,taillight,lighting,This automotive part is a taillight.,clean,PARTIAL_MATCH,external_audit_v1,MATCH,False,0.9142725467681885,5,0.9142725467681885,0.05710041522979736,0.0286270659416914
external_v1_headlight_08_4590298480bf__natural__match,external_v1_headlight_08_4590298480bf,external_audit/images/headlight/external_v1_1_headlight_08.jpg,headlight,lighting,headlight,lighting,I need a front headlamp.,natural,MATCH,external_audit_v1,MISMATCH,False,0.7027488350868225,0,0.0986158549785614,0.7027488350868225,0.1986353099346161
external_v1_headlight_08_4590298480bf__natural__mismatch,external_v1_headlight_08_4590298480bf,external_audit/images/headlight/external_v1_1_headlight_08.jpg,headlight,lighting,spark_plug,ignition_and_fuel,I need spark plugs for the engine.,natural,MISMATCH,external_audit_v1,MISMATCH,True,0.7725644111633301,3,0.027281051501631737,0.7725644111633301,0.20015451312065125
external_v1_headlight_08_4590298480bf__natural__partial_match,external_v1_headlight_08_4590298480bf,external_audit/images/headlight/external_v1_1_headlight_08.jpg,headlight,lighting,taillight,lighting,I need a rear tail lamp.,natural,PARTIAL_MATCH,external_audit_v1,MISMATCH,False,0.7027488350868225,0,0.0986158549785614,0.7027488350868225,0.1986353099346161
external_v1_headlight_09_04592ce2345d__clean__match,external_v1_headlight_09_04592ce2345d,external_audit/images/headlight/external_v1_1_headlight_09.jpg,headlight,lighting,headlight,lighting,This automotive part is a headlight.,clean,MATCH,external_audit_v1,MATCH,True,0.9936630725860596,5,0.9936630725860596,0.003728507785126567,0.0026084554847329855
external_v1_headlight_09_04592ce2345d__clean__mismatch,external_v1_headlight_09_04592ce2345d,external_audit/images/headlight/external_v1_1_headlight_09.jpg,headlight,lighting,spark_plug,ignition_and_fuel,This automotive part is a spark plug.,clean,MISMATCH,external_audit_v1,MISMATCH,True,0.993766188621521,7,0.0032088111620396376,0.993766188621521,0.0030250544659793377
external_v1_headlight_09_04592ce2345d__clean__partial_match,external_v1_headlight_09_04592ce2345d,external_audit/images/headlight/external_v1_1_headlight_09.jpg,headlight,lighting,taillight,lighting,This automotive part is a taillight.,clean,PARTIAL_MATCH,external_audit_v1,PARTIAL_MATCH,True,0.9409316778182983,5,0.035473596304655075,0.023594705387949944,0.9409316778182983
external_v1_headlight_09_04592ce2345d__natural__match,external_v1_headlight_09_04592ce2345d,external_audit/images/headlight/external_v1_1_headlight_09.jpg,headlight,lighting,headlight,lighting,I need a front headlamp.,natural,MATCH,external_audit_v1,MISMATCH,False,0.631450355052948,0,0.24369412660598755,0.631450355052948,0.1248554140329361
external_v1_headlight_09_04592ce2345d__natural__mismatch,external_v1_headlight_09_04592ce2345d,external_audit/images/headlight/external_v1_1_headlight_09.jpg,headlight,lighting,spark_plug,ignition_and_fuel,I need spark plugs for the engine.,natural,MISMATCH,external_audit_v1,MISMATCH,True,0.9287706017494202,3,0.025231845676898956,0.9287706017494202,0.045997489243745804
external_v1_headlight_09_04592ce2345d__natural__partial_match,external_v1_headlight_09_04592ce2345d,external_audit/images/headlight/external_v1_1_headlight_09.jpg,headlight,lighting,taillight,lighting,I need a rear tail lamp.,natural,PARTIAL_MATCH,external_audit_v1,MISMATCH,False,0.631450355052948,0,0.24369412660598755,0.631450355052948,0.1248554140329361
external_v1_headlight_10_60746ae766f1__clean__match,external_v1_headlight_10_60746ae766f1,external_audit/images/headlight/external_v1_1_headlight_10.jpg,headlight,lighting,headlight,lighting,This automotive part is a headlight.,clean,MATCH,external_audit_v1,MATCH,True,0.8273085951805115,5,0.8273085951805115,0.009702593088150024,0.1629887968301773
external_v1_headlight_10_60746ae766f1__clean__mismatch,external_v1_headlight_10_60746ae766f1,external_audit/images/headlight/external_v1_1_headlight_10.jpg,headlight,lighting,spark_plug,ignition_and_fuel,This automotive part is a spark plug.,clean,MISMATCH,external_audit_v1,MISMATCH,True,0.9890916347503662,7,0.0005877061630599201,0.9890916347503662,0.010320720262825489
external_v1_headlight_10_60746ae766f1__clean__partial_match,external_v1_headlight_10_60746ae766f1,external_audit/images/headlight/external_v1_1_headlight_10.jpg,headlight,lighting,taillight,lighting,This automotive part is a taillight.,clean,PARTIAL_MATCH,external_audit_v1,PARTIAL_MATCH,True,0.5772367715835571,5,0.4188595116138458,0.003903667675331235,0.5772367715835571
external_v1_headlight_10_60746ae766f1__natural__match,external_v1_headlight_10_60746ae766f1,external_audit/images/headlight/external_v1_1_headlight_10.jpg,headlight,lighting,headlight,lighting,I need a front headlamp.,natural,MATCH,external_audit_v1,PARTIAL_MATCH,False,0.5598803162574768,0,0.24691429734230042,0.19320543110370636,0.5598803162574768
external_v1_headlight_10_60746ae766f1__natural__mismatch,external_v1_headlight_10_60746ae766f1,external_audit/images/headlight/external_v1_1_headlight_10.jpg,headlight,lighting,spark_plug,ignition_and_fuel,I need spark plugs for the engine.,natural,MISMATCH,external_audit_v1,MISMATCH,True,0.6795184016227722,3,0.045960087329149246,0.6795184016227722,0.27452152967453003
external_v1_headlight_10_60746ae766f1__natural__partial_match,external_v1_headlight_10_60746ae766f1,external_audit/images/headlight/external_v1_1_headlight_10.jpg,headlight,lighting,taillight,lighting,I need a rear tail lamp.,natural,PARTIAL_MATCH,external_audit_v1,PARTIAL_MATCH,True,0.5598803162574768,0,0.24691429734230042,0.19320543110370636,0.5598803162574768
external_v1_ignition_coil_01_d464ad2a67f4__clean__match,external_v1_ignition_coil_01_d464ad2a67f4,external_audit/images/ignition_coil/external_v1_1_ignition_coil_01.jpg,ignition_coil,ignition_and_fuel,ignition_coil,ignition_and_fuel,This automotive part is an ignition coil.,clean,MATCH,external_audit_v1,PARTIAL_MATCH,False,0.5342844128608704,7,0.4608970880508423,0.004818486515432596,0.5342844128608704
external_v1_ignition_coil_01_d464ad2a67f4__clean__mismatch,external_v1_ignition_coil_01_d464ad2a67f4,external_audit/images/ignition_coil/external_v1_1_ignition_coil_01.jpg,ignition_coil,ignition_and_fuel,starter,electrical_starting_charging,This automotive part is a starter.,clean,MISMATCH,external_audit_v1,MATCH,False,0.9970166683197021,5,0.9970166683197021,0.001664253999479115,0.0013190755853429437
external_v1_ignition_coil_01_d464ad2a67f4__clean__partial_match,external_v1_ignition_coil_01_d464ad2a67f4,external_audit/images/ignition_coil/external_v1_1_ignition_coil_01.jpg,ignition_coil,ignition_and_fuel,spark_plug,ignition_and_fuel,This automotive part is a spark plug.,clean,PARTIAL_MATCH,external_audit_v1,PARTIAL_MATCH,True,0.9995817542076111,7,0.0003616469621192664,5.6592874898342416e-05,0.9995817542076111
external_v1_ignition_coil_01_d464ad2a67f4__natural__match,external_v1_ignition_coil_01_d464ad2a67f4,external_audit/images/ignition_coil/external_v1_1_ignition_coil_01.jpg,ignition_coil,ignition_and_fuel,ignition_coil,ignition_and_fuel,I need an ignition coil pack.,natural,MATCH,external_audit_v1,PARTIAL_MATCH,False,0.5643292665481567,3,0.4277631938457489,0.007907587103545666,0.5643292665481567
external_v1_ignition_coil_01_d464ad2a67f4__natural__mismatch,external_v1_ignition_coil_01_d464ad2a67f4,external_audit/images/ignition_coil/external_v1_1_ignition_coil_01.jpg,ignition_coil,ignition_and_fuel,starter,electrical_starting_charging,I need a starter motor for the car.,natural,MISMATCH,external_audit_v1,MATCH,False,0.9959807395935059,2,0.9959807395935059,0.002855295082554221,0.0011639619478955865
external_v1_ignition_coil_01_d464ad2a67f4__natural__partial_match,external_v1_ignition_coil_01_d464ad2a67f4,external_audit/images/ignition_coil/external_v1_1_ignition_coil_01.jpg,ignition_coil,ignition_and_fuel,spark_plug,ignition_and_fuel,I need spark plugs for the engine.,natural,PARTIAL_MATCH,external_audit_v1,PARTIAL_MATCH,True,0.9548057317733765,3,0.014787071384489536,0.030407175421714783,0.9548057317733765
external_v1_ignition_coil_02_cdfe98289633__clean__match,external_v1_ignition_coil_02_cdfe98289633,external_audit/images/ignition_coil/external_v1_1_ignition_coil_02.jpg,ignition_coil,ignition_and_fuel,ignition_coil,ignition_and_fuel,This automotive part is an ignition coil.,clean,MATCH,external_audit_v1,MATCH,True,0.9648199677467346,7,0.9648199677467346,0.004833433777093887,0.030346667394042015
external_v1_ignition_coil_02_cdfe98289633__clean__mismatch,external_v1_ignition_coil_02_cdfe98289633,external_audit/images/ignition_coil/external_v1_1_ignition_coil_02.jpg,ignition_coil,ignition_and_fuel,starter,electrical_starting_charging,This automotive part is a starter.,clean,MISMATCH,external_audit_v1,MATCH,False,0.9928969740867615,5,0.9928969740867615,0.005970679223537445,0.0011323612416163087
external_v1_ignition_coil_02_cdfe98289633__clean__partial_match,external_v1_ignition_coil_02_cdfe98289633,external_audit/images/ignition_coil/external_v1_1_ignition_coil_02.jpg,ignition_coil,ignition_and_fuel,spark_plug,ignition_and_fuel,This automotive part is a spark plug.,clean,PARTIAL_MATCH,external_audit_v1,PARTIAL_MATCH,True,0.8689097762107849,7,0.02098355069756508,0.11010663956403732,0.8689097762107849
external_v1_ignition_coil_02_cdfe98289633__natural__match,external_v1_ignition_coil_02_cdfe98289633,external_audit/images/ignition_coil/external_v1_1_ignition_coil_02.jpg,ignition_coil,ignition_and_fuel,ignition_coil,ignition_and_fuel,I need an ignition coil pack.,natural,MATCH,external_audit_v1,MATCH,True,0.9533870816230774,3,0.9533870816230774,0.008174002170562744,0.038438934832811356
external_v1_ignition_coil_02_cdfe98289633__natural__mismatch,external_v1_ignition_coil_02_cdfe98289633,external_audit/images/ignition_coil/external_v1_1_ignition_coil_02.jpg,ignition_coil,ignition_and_fuel,starter,electrical_starting_charging,I need a starter motor for the car.,natural,MISMATCH,external_audit_v1,MATCH,False,0.9906032681465149,2,0.9906032681465149,0.008268030360341072,0.001128651201725006
external_v1_ignition_coil_02_cdfe98289633__natural__partial_match,external_v1_ignition_coil_02_cdfe98289633,external_audit/images/ignition_coil/external_v1_1_ignition_coil_02.jpg,ignition_coil,ignition_and_fuel,spark_plug,ignition_and_fuel,I need spark plugs for the engine.,natural,PARTIAL_MATCH,external_audit_v1,MISMATCH,False,0.6261497139930725,3,0.22444675862789154,0.6261497139930725,0.14940352737903595
external_v1_ignition_coil_03_2d8fdc30af6c__clean__match,external_v1_ignition_coil_03_2d8fdc30af6c,external_audit/images/ignition_coil/external_v1_1_ignition_coil_03.jpg,ignition_coil,ignition_and_fuel,ignition_coil,ignition_and_fuel,This automotive part is an ignition coil.,clean,MATCH,external_audit_v1,MATCH,True,0.9733614325523376,7,0.9733614325523376,0.006838441360741854,0.019800158217549324
external_v1_ignition_coil_03_2d8fdc30af6c__clean__mismatch,external_v1_ignition_coil_03_2d8fdc30af6c,external_audit/images/ignition_coil/external_v1_1_ignition_coil_03.jpg,ignition_coil,ignition_and_fuel,starter,electrical_starting_charging,This automotive part is a starter.,clean,MISMATCH,external_audit_v1,MATCH,False,0.9636396169662476,5,0.9636396169662476,0.005125382449477911,0.031235041096806526
external_v1_ignition_coil_03_2d8fdc30af6c__clean__partial_match,external_v1_ignition_coil_03_2d8fdc30af6c,external_audit/images/ignition_coil/external_v1_1_ignition_coil_03.jpg,ignition_coil,ignition_and_fuel,spark_plug,ignition_and_fuel,This automotive part is a spark plug.,clean,PARTIAL_MATCH,external_audit_v1,PARTIAL_MATCH,True,0.9448005557060242,7,0.010928159579634666,0.0442713126540184,0.9448005557060242
external_v1_ignition_coil_03_2d8fdc30af6c__natural__match,external_v1_ignition_coil_03_2d8fdc30af6c,external_audit/images/ignition_coil/external_v1_1_ignition_coil_03.jpg,ignition_coil,ignition_and_fuel,ignition_coil,ignition_and_fuel,I need an ignition coil pack.,natural,MATCH,external_audit_v1,MATCH,True,0.9660404920578003,3,0.9660404920578003,0.009379521943628788,0.02457999624311924
external_v1_ignition_coil_03_2d8fdc30af6c__natural__mismatch,external_v1_ignition_coil_03_2d8fdc30af6c,external_audit/images/ignition_coil/external_v1_1_ignition_coil_03.jpg,ignition_coil,ignition_and_fuel,starter,electrical_starting_charging,I need a starter motor for the car.,natural,MISMATCH,external_audit_v1,MATCH,False,0.9647398591041565,2,0.9647398591041565,0.007031099405139685,0.028229059651494026
external_v1_ignition_coil_03_2d8fdc30af6c__natural__partial_match,external_v1_ignition_coil_03_2d8fdc30af6c,external_audit/images/ignition_coil/external_v1_1_ignition_coil_03.jpg,ignition_coil,ignition_and_fuel,spark_plug,ignition_and_fuel,I need spark plugs for the engine.,natural,PARTIAL_MATCH,external_audit_v1,PARTIAL_MATCH,True,0.5511956214904785,3,0.19949078559875488,0.24931353330612183,0.5511956214904785
external_v1_ignition_coil_04_b905b49c0793__clean__match,external_v1_ignition_coil_04_b905b49c0793,external_audit/images/ignition_coil/external_v1_1_ignition_coil_04.jpg,ignition_coil,ignition_and_fuel,ignition_coil,ignition_and_fuel,This automotive part is an ignition coil.,clean,MATCH,external_audit_v1,MATCH,True,0.9875473976135254,7,0.9875473976135254,0.0033648491371423006,0.009087800979614258
external_v1_ignition_coil_04_b905b49c0793__clean__mismatch,external_v1_ignition_coil_04_b905b49c0793,external_audit/images/ignition_coil/external_v1_1_ignition_coil_04.jpg,ignition_coil,ignition_and_fuel,starter,electrical_starting_charging,This automotive part is a starter.,clean,MISMATCH,external_audit_v1,MISMATCH,True,0.5183072090148926,5,0.4142749011516571,0.5183072090148926,0.0674179345369339
external_v1_ignition_coil_04_b905b49c0793__clean__partial_match,external_v1_ignition_coil_04_b905b49c0793,external_audit/images/ignition_coil/external_v1_1_ignition_coil_04.jpg,ignition_coil,ignition_and_fuel,spark_plug,ignition_and_fuel,This automotive part is a spark plug.,clean,PARTIAL_MATCH,external_audit_v1,PARTIAL_MATCH,True,0.9888049364089966,7,0.008976717479526997,0.002218262292444706,0.9888049364089966
external_v1_ignition_coil_04_b905b49c0793__natural__match,external_v1_ignition_coil_04_b905b49c0793,external_audit/images/ignition_coil/external_v1_1_ignition_coil_04.jpg,ignition_coil,ignition_and_fuel,ignition_coil,ignition_and_fuel,I need an ignition coil pack.,natural,MATCH,external_audit_v1,MATCH,True,0.9828633666038513,3,0.9828633666038513,0.00474566500633955,0.012390968389809132
external_v1_ignition_coil_04_b905b49c0793__natural__mismatch,external_v1_ignition_coil_04_b905b49c0793,external_audit/images/ignition_coil/external_v1_1_ignition_coil_04.jpg,ignition_coil,ignition_and_fuel,starter,electrical_starting_charging,I need a starter motor for the car.,natural,MISMATCH,external_audit_v1,MISMATCH,True,0.5932616591453552,2,0.3504678010940552,0.5932616591453552,0.05627061799168587
external_v1_ignition_coil_04_b905b49c0793__natural__partial_match,external_v1_ignition_coil_04_b905b49c0793,external_audit/images/ignition_coil/external_v1_1_ignition_coil_04.jpg,ignition_coil,ignition_and_fuel,spark_plug,ignition_and_fuel,I need spark plugs for the engine.,natural,PARTIAL_MATCH,external_audit_v1,PARTIAL_MATCH,True,0.6948660016059875,3,0.030731843784451485,0.2744021713733673,0.6948660016059875
external_v1_ignition_coil_05_a2e07d1727a5__clean__match,external_v1_ignition_coil_05_a2e07d1727a5,external_audit/images/ignition_coil/external_v1_1_ignition_coil_05.jpg,ignition_coil,ignition_and_fuel,ignition_coil,ignition_and_fuel,This automotive part is an ignition coil.,clean,MATCH,external_audit_v1,MATCH,True,0.9664098024368286,7,0.9664098024368286,0.015248971059918404,0.018341170623898506
external_v1_ignition_coil_05_a2e07d1727a5__clean__mismatch,external_v1_ignition_coil_05_a2e07d1727a5,external_audit/images/ignition_coil/external_v1_1_ignition_coil_05.jpg,ignition_coil,ignition_and_fuel,starter,electrical_starting_charging,This automotive part is a starter.,clean,MISMATCH,external_audit_v1,MATCH,False,0.9470598101615906,5,0.9470598101615906,0.009439701214432716,0.043500542640686035
external_v1_ignition_coil_05_a2e07d1727a5__clean__partial_match,external_v1_ignition_coil_05_a2e07d1727a5,external_audit/images/ignition_coil/external_v1_1_ignition_coil_05.jpg,ignition_coil,ignition_and_fuel,spark_plug,ignition_and_fuel,This automotive part is a spark plug.,clean,PARTIAL_MATCH,external_audit_v1,PARTIAL_MATCH,True,0.9326038956642151,7,0.008400550112128258,0.05899551883339882,0.9326038956642151
external_v1_ignition_coil_05_a2e07d1727a5__natural__match,external_v1_ignition_coil_05_a2e07d1727a5,external_audit/images/ignition_coil/external_v1_1_ignition_coil_05.jpg,ignition_coil,ignition_and_fuel,ignition_coil,ignition_and_fuel,I need an ignition coil pack.,natural,MATCH,external_audit_v1,MATCH,True,0.9535840153694153,3,0.9535840153694153,0.02169737033545971,0.024718627333641052
external_v1_ignition_coil_05_a2e07d1727a5__natural__mismatch,external_v1_ignition_coil_05_a2e07d1727a5,external_audit/images/ignition_coil/external_v1_1_ignition_coil_05.jpg,ignition_coil,ignition_and_fuel,starter,electrical_starting_charging,I need a starter motor for the car.,natural,MISMATCH,external_audit_v1,MATCH,False,0.9477118849754333,2,0.9477118849754333,0.012238649651408195,0.04004945605993271
external_v1_ignition_coil_05_a2e07d1727a5__natural__partial_match,external_v1_ignition_coil_05_a2e07d1727a5,external_audit/images/ignition_coil/external_v1_1_ignition_coil_05.jpg,ignition_coil,ignition_and_fuel,spark_plug,ignition_and_fuel,I need spark plugs for the engine.,natural,PARTIAL_MATCH,external_audit_v1,PARTIAL_MATCH,True,0.5881684422492981,3,0.17232738435268402,0.23950417339801788,0.5881684422492981
external_v1_ignition_coil_06_9f53a4209f9f__clean__match,external_v1_ignition_coil_06_9f53a4209f9f,external_audit/images/ignition_coil/external_v1_1_ignition_coil_06.jpg,ignition_coil,ignition_and_fuel,ignition_coil,ignition_and_fuel,This automotive part is an ignition coil.,clean,MATCH,external_audit_v1,MATCH,True,0.9611829519271851,7,0.9611829519271851,0.006551898084580898,0.032265111804008484
external_v1_ignition_coil_06_9f53a4209f9f__clean__mismatch,external_v1_ignition_coil_06_9f53a4209f9f,external_audit/images/ignition_coil/external_v1_1_ignition_coil_06.jpg,ignition_coil,ignition_and_fuel,starter,electrical_starting_charging,This automotive part is a starter.,clean,MISMATCH,external_audit_v1,PARTIAL_MATCH,False,0.5258307456970215,5,0.4685010313987732,0.005668288096785545,0.5258307456970215
external_v1_ignition_coil_06_9f53a4209f9f__clean__partial_match,external_v1_ignition_coil_06_9f53a4209f9f,external_audit/images/ignition_coil/external_v1_1_ignition_coil_06.jpg,ignition_coil,ignition_and_fuel,spark_plug,ignition_and_fuel,This automotive part is a spark plug.,clean,PARTIAL_MATCH,external_audit_v1,PARTIAL_MATCH,True,0.9963346719741821,7,0.002825158881023526,0.0008401424274779856,0.9963346719741821
external_v1_ignition_coil_06_9f53a4209f9f__natural__match,external_v1_ignition_coil_06_9f53a4209f9f,external_audit/images/ignition_coil/external_v1_1_ignition_coil_06.jpg,ignition_coil,ignition_and_fuel,ignition_coil,ignition_and_fuel,I need an ignition coil pack.,natural,MATCH,external_audit_v1,MATCH,True,0.9346798658370972,3,0.9346798658370972,0.012764999642968178,0.05255506560206413
external_v1_ignition_coil_06_9f53a4209f9f__natural__mismatch,external_v1_ignition_coil_06_9f53a4209f9f,external_audit/images/ignition_coil/external_v1_1_ignition_coil_06.jpg,ignition_coil,ignition_and_fuel,starter,electrical_starting_charging,I need a starter motor for the car.,natural,MISMATCH,external_audit_v1,PARTIAL_MATCH,False,0.5454795360565186,2,0.4450649321079254,0.009455484338104725,0.5454795360565186
external_v1_ignition_coil_06_9f53a4209f9f__natural__partial_match,external_v1_ignition_coil_06_9f53a4209f9f,external_audit/images/ignition_coil/external_v1_1_ignition_coil_06.jpg,ignition_coil,ignition_and_fuel,spark_plug,ignition_and_fuel,I need spark plugs for the engine.,natural,PARTIAL_MATCH,external_audit_v1,PARTIAL_MATCH,True,0.9252161979675293,3,0.04031206667423248,0.034471746534109116,0.9252161979675293
external_v1_ignition_coil_07_08001491e58d__clean__match,external_v1_ignition_coil_07_08001491e58d,external_audit/images/ignition_coil/external_v1_1_ignition_coil_07.jpg,ignition_coil,ignition_and_fuel,ignition_coil,ignition_and_fuel,This automotive part is an ignition coil.,clean,MATCH,external_audit_v1,MATCH,True,0.9759257435798645,7,0.9759257435798645,0.0054593742825090885,0.0186148751527071
external_v1_ignition_coil_07_08001491e58d__clean__mismatch,external_v1_ignition_coil_07_08001491e58d,external_audit/images/ignition_coil/external_v1_1_ignition_coil_07.jpg,ignition_coil,ignition_and_fuel,starter,electrical_starting_charging,This automotive part is a starter.,clean,MISMATCH,external_audit_v1,MISMATCH,True,0.5876149535179138,5,0.13693951070308685,0.5876149535179138,0.2754455506801605
external_v1_ignition_coil_07_08001491e58d__clean__partial_match,external_v1_ignition_coil_07_08001491e58d,external_audit/images/ignition_coil/external_v1_1_ignition_coil_07.jpg,ignition_coil,ignition_and_fuel,spark_plug,ignition_and_fuel,This automotive part is a spark plug.,clean,PARTIAL_MATCH,external_audit_v1,PARTIAL_MATCH,True,0.9953879714012146,7,0.0008102890569716692,0.003801716724410653,0.9953879714012146
external_v1_ignition_coil_07_08001491e58d__natural__match,external_v1_ignition_coil_07_08001491e58d,external_audit/images/ignition_coil/external_v1_1_ignition_coil_07.jpg,ignition_coil,ignition_and_fuel,ignition_coil,ignition_and_fuel,I need an ignition coil pack.,natural,MATCH,external_audit_v1,MATCH,True,0.9606701135635376,3,0.9606701135635376,0.008238672278821468,0.03109123185276985
external_v1_ignition_coil_07_08001491e58d__natural__mismatch,external_v1_ignition_coil_07_08001491e58d,external_audit/images/ignition_coil/external_v1_1_ignition_coil_07.jpg,ignition_coil,ignition_and_fuel,starter,electrical_starting_charging,I need a starter motor for the car.,natural,MISMATCH,external_audit_v1,MISMATCH,True,0.6462523937225342,2,0.11337177455425262,0.6462523937225342,0.24037587642669678
external_v1_ignition_coil_07_08001491e58d__natural__partial_match,external_v1_ignition_coil_07_08001491e58d,external_audit/images/ignition_coil/external_v1_1_ignition_coil_07.jpg,ignition_coil,ignition_and_fuel,spark_plug,ignition_and_fuel,I need spark plugs for the engine.,natural,PARTIAL_MATCH,external_audit_v1,PARTIAL_MATCH,True,0.9045363664627075,3,0.00671842135488987,0.08874516189098358,0.9045363664627075
external_v1_ignition_coil_08_60aa92b5c831__clean__match,external_v1_ignition_coil_08_60aa92b5c831,external_audit/images/ignition_coil/external_v1_1_ignition_coil_08.png,ignition_coil,ignition_and_fuel,ignition_coil,ignition_and_fuel,This automotive part is an ignition coil.,clean,MATCH,external_audit_v1,MISMATCH,False,0.9991027116775513,7,0.0008967739413492382,0.9991027116775513,6.534894509968581e-07
external_v1_ignition_coil_08_60aa92b5c831__clean__mismatch,external_v1_ignition_coil_08_60aa92b5c831,external_audit/images/ignition_coil/external_v1_1_ignition_coil_08.png,ignition_coil,ignition_and_fuel,starter,electrical_starting_charging,This automotive part is a starter.,clean,MISMATCH,external_audit_v1,PARTIAL_MATCH,False,0.9400783777236938,5,0.05116193741559982,0.00875971931964159,0.9400783777236938
external_v1_ignition_coil_08_60aa92b5c831__clean__partial_match,external_v1_ignition_coil_08_60aa92b5c831,external_audit/images/ignition_coil/external_v1_1_ignition_coil_08.png,ignition_coil,ignition_and_fuel,spark_plug,ignition_and_fuel,This automotive part is a spark plug.,clean,PARTIAL_MATCH,external_audit_v1,MISMATCH,False,0.9981880784034729,7,7.226206798804924e-05,0.9981880784034729,0.0017396865878254175
external_v1_ignition_coil_08_60aa92b5c831__natural__match,external_v1_ignition_coil_08_60aa92b5c831,external_audit/images/ignition_coil/external_v1_1_ignition_coil_08.png,ignition_coil,ignition_and_fuel,ignition_coil,ignition_and_fuel,I need an ignition coil pack.,natural,MATCH,external_audit_v1,MISMATCH,False,0.9993032217025757,3,0.0006958121084608138,0.9993032217025757,9.148152457782999e-07
external_v1_ignition_coil_08_60aa92b5c831__natural__mismatch,external_v1_ignition_coil_08_60aa92b5c831,external_audit/images/ignition_coil/external_v1_1_ignition_coil_08.png,ignition_coil,ignition_and_fuel,starter,electrical_starting_charging,I need a starter motor for the car.,natural,MISMATCH,external_audit_v1,PARTIAL_MATCH,False,0.9427423477172852,2,0.04637356102466583,0.01088411919772625,0.9427423477172852
external_v1_ignition_coil_08_60aa92b5c831__natural__partial_match,external_v1_ignition_coil_08_60aa92b5c831,external_audit/images/ignition_coil/external_v1_1_ignition_coil_08.png,ignition_coil,ignition_and_fuel,spark_plug,ignition_and_fuel,I need spark plugs for the engine.,natural,PARTIAL_MATCH,external_audit_v1,MISMATCH,False,0.678165078163147,3,0.017462871968746185,0.678165078163147,0.30437201261520386
external_v1_ignition_coil_09_86315949986b__clean__match,external_v1_ignition_coil_09_86315949986b,external_audit/images/ignition_coil/external_v1_1_ignition_coil_09.jpg,ignition_coil,ignition_and_fuel,ignition_coil,ignition_and_fuel,This automotive part is an ignition coil.,clean,MATCH,external_audit_v1,MATCH,True,0.916118323802948,7,0.916118323802948,0.013572956435382366,0.07030874490737915
external_v1_ignition_coil_09_86315949986b__clean__mismatch,external_v1_ignition_coil_09_86315949986b,external_audit/images/ignition_coil/external_v1_1_ignition_coil_09.jpg,ignition_coil,ignition_and_fuel,starter,electrical_starting_charging,This automotive part is a starter.,clean,MISMATCH,external_audit_v1,MATCH,False,0.684099555015564,5,0.684099555015564,0.023893501609563828,0.2920069694519043
external_v1_ignition_coil_09_86315949986b__clean__partial_match,external_v1_ignition_coil_09_86315949986b,external_audit/images/ignition_coil/external_v1_1_ignition_coil_09.jpg,ignition_coil,ignition_and_fuel,spark_plug,ignition_and_fuel,This automotive part is a spark plug.,clean,PARTIAL_MATCH,external_audit_v1,PARTIAL_MATCH,True,0.9056888818740845,7,0.07489092648029327,0.019420189782977104,0.9056888818740845
external_v1_ignition_coil_09_86315949986b__natural__match,external_v1_ignition_coil_09_86315949986b,external_audit/images/ignition_coil/external_v1_1_ignition_coil_09.jpg,ignition_coil,ignition_and_fuel,ignition_coil,ignition_and_fuel,I need an ignition coil pack.,natural,MATCH,external_audit_v1,MATCH,True,0.8931326270103455,3,0.8931326270103455,0.020071648061275482,0.08679565787315369
external_v1_ignition_coil_09_86315949986b__natural__mismatch,external_v1_ignition_coil_09_86315949986b,external_audit/images/ignition_coil/external_v1_1_ignition_coil_09.jpg,ignition_coil,ignition_and_fuel,starter,electrical_starting_charging,I need a starter motor for the car.,natural,MISMATCH,external_audit_v1,MATCH,False,0.687484085559845,2,0.687484085559845,0.034126583486795425,0.2783893346786499
external_v1_ignition_coil_09_86315949986b__natural__partial_match,external_v1_ignition_coil_09_86315949986b,external_audit/images/ignition_coil/external_v1_1_ignition_coil_09.jpg,ignition_coil,ignition_and_fuel,spark_plug,ignition_and_fuel,I need spark plugs for the engine.,natural,PARTIAL_MATCH,external_audit_v1,PARTIAL_MATCH,True,0.5816972851753235,3,0.23315079510211945,0.1851518750190735,0.5816972851753235
external_v1_ignition_coil_10_4b88418cb46e__clean__match,external_v1_ignition_coil_10_4b88418cb46e,external_audit/images/ignition_coil/external_v1_1_ignition_coil_10.jpg,ignition_coil,ignition_and_fuel,ignition_coil,ignition_and_fuel,This automotive part is an ignition coil.,clean,MATCH,external_audit_v1,MISMATCH,False,0.9334561228752136,7,0.06602542847394943,0.9334561228752136,0.0005184336332604289
external_v1_ignition_coil_10_4b88418cb46e__clean__mismatch,external_v1_ignition_coil_10_4b88418cb46e,external_audit/images/ignition_coil/external_v1_1_ignition_coil_10.jpg,ignition_coil,ignition_and_fuel,starter,electrical_starting_charging,This automotive part is a starter.,clean,MISMATCH,external_audit_v1,MATCH,False,0.4560161530971527,5,0.4560161530971527,0.17366866767406464,0.3703151345252991
external_v1_ignition_coil_10_4b88418cb46e__clean__partial_match,external_v1_ignition_coil_10_4b88418cb46e,external_audit/images/ignition_coil/external_v1_1_ignition_coil_10.jpg,ignition_coil,ignition_and_fuel,spark_plug,ignition_and_fuel,This automotive part is a spark plug.,clean,PARTIAL_MATCH,external_audit_v1,PARTIAL_MATCH,True,0.7536198496818542,7,7.692755025345832e-05,0.2463032603263855,0.7536198496818542
external_v1_ignition_coil_10_4b88418cb46e__natural__match,external_v1_ignition_coil_10_4b88418cb46e,external_audit/images/ignition_coil/external_v1_1_ignition_coil_10.jpg,ignition_coil,ignition_and_fuel,ignition_coil,ignition_and_fuel,I need an ignition coil pack.,natural,MATCH,external_audit_v1,MISMATCH,False,0.9472455978393555,3,0.05196578428149223,0.9472455978393555,0.0007885989034548402
external_v1_ignition_coil_10_4b88418cb46e__natural__mismatch,external_v1_ignition_coil_10_4b88418cb46e,external_audit/images/ignition_coil/external_v1_1_ignition_coil_10.jpg,ignition_coil,ignition_and_fuel,starter,electrical_starting_charging,I need a starter motor for the car.,natural,MISMATCH,external_audit_v1,MATCH,False,0.39049747586250305,2,0.39049747586250305,0.22880874574184418,0.38069379329681396
external_v1_ignition_coil_10_4b88418cb46e__natural__partial_match,external_v1_ignition_coil_10_4b88418cb46e,external_audit/images/ignition_coil/external_v1_1_ignition_coil_10.jpg,ignition_coil,ignition_and_fuel,spark_plug,ignition_and_fuel,I need spark plugs for the engine.,natural,PARTIAL_MATCH,external_audit_v1,PARTIAL_MATCH,True,0.8850290775299072,3,0.0005983019946143031,0.114372618496418,0.8850290775299072
external_v1_spark_plug_01_157e16ee22ae__clean__match,external_v1_spark_plug_01_157e16ee22ae,external_audit/images/spark_plug/external_v1_1_spark_plug_01.jpg,spark_plug,ignition_and_fuel,spark_plug,ignition_and_fuel,This automotive part is a spark plug.,clean,MATCH,external_audit_v1,MATCH,True,0.99937903881073,7,0.99937903881073,0.00013970494910608977,0.0004812346014659852
external_v1_spark_plug_01_157e16ee22ae__clean__mismatch,external_v1_spark_plug_01_157e16ee22ae,external_audit/images/spark_plug/external_v1_1_spark_plug_01.jpg,spark_plug,ignition_and_fuel,alternator,electrical_starting_charging,This automotive part is an alternator.,clean,MISMATCH,external_audit_v1,MISMATCH,True,0.9930428266525269,5,0.003945569042116404,0.9930428266525269,0.0030115616973489523
external_v1_spark_plug_01_157e16ee22ae__clean__partial_match,external_v1_spark_plug_01_157e16ee22ae,external_audit/images/spark_plug/external_v1_1_spark_plug_01.jpg,spark_plug,ignition_and_fuel,ignition_coil,ignition_and_fuel,This automotive part is an ignition coil.,clean,PARTIAL_MATCH,external_audit_v1,PARTIAL_MATCH,True,0.9938215017318726,7,0.005456916056573391,0.0007215649238787591,0.9938215017318726
external_v1_spark_plug_01_157e16ee22ae__natural__match,external_v1_spark_plug_01_157e16ee22ae,external_audit/images/spark_plug/external_v1_1_spark_plug_01.jpg,spark_plug,ignition_and_fuel,spark_plug,ignition_and_fuel,I need spark plugs for the engine.,natural,MATCH,external_audit_v1,MATCH,True,0.9490271806716919,3,0.9490271806716919,0.04580776393413544,0.005165050737559795
external_v1_spark_plug_01_157e16ee22ae__natural__mismatch,external_v1_spark_plug_01_157e16ee22ae,external_audit/images/spark_plug/external_v1_1_spark_plug_01.jpg,spark_plug,ignition_and_fuel,alternator,electrical_starting_charging,I need an alternator for the charging system.,natural,MISMATCH,external_audit_v1,MISMATCH,True,0.9916132688522339,2,0.006085308268666267,0.9916132688522339,0.002301393775269389
external_v1_spark_plug_01_157e16ee22ae__natural__partial_match,external_v1_spark_plug_01_157e16ee22ae,external_audit/images/spark_plug/external_v1_1_spark_plug_01.jpg,spark_plug,ignition_and_fuel,ignition_coil,ignition_and_fuel,I need an ignition coil pack.,natural,PARTIAL_MATCH,external_audit_v1,PARTIAL_MATCH,True,0.9923105239868164,3,0.0064779007807374,0.001211544149555266,0.9923105239868164
external_v1_spark_plug_02_c98f0d1f3a74__clean__match,external_v1_spark_plug_02_c98f0d1f3a74,external_audit/images/spark_plug/external_v1_1_spark_plug_02.jpg,spark_plug,ignition_and_fuel,spark_plug,ignition_and_fuel,This automotive part is a spark plug.,clean,MATCH,external_audit_v1,MISMATCH,False,0.9990090131759644,7,0.0008986450848169625,0.9990090131759644,9.225885150954127e-05
external_v1_spark_plug_02_c98f0d1f3a74__clean__mismatch,external_v1_spark_plug_02_c98f0d1f3a74,external_audit/images/spark_plug/external_v1_1_spark_plug_02.jpg,spark_plug,ignition_and_fuel,alternator,electrical_starting_charging,This automotive part is an alternator.,clean,MISMATCH,external_audit_v1,MATCH,False,0.5109886527061462,5,0.5109886527061462,0.48327526450157166,0.005736073013395071
external_v1_spark_plug_02_c98f0d1f3a74__clean__partial_match,external_v1_spark_plug_02_c98f0d1f3a74,external_audit/images/spark_plug/external_v1_1_spark_plug_02.jpg,spark_plug,ignition_and_fuel,ignition_coil,ignition_and_fuel,This automotive part is an ignition coil.,clean,PARTIAL_MATCH,external_audit_v1,MISMATCH,False,0.997803270816803,7,0.0021945685148239136,0.997803270816803,2.180961701014894e-06
external_v1_spark_plug_02_c98f0d1f3a74__natural__match,external_v1_spark_plug_02_c98f0d1f3a74,external_audit/images/spark_plug/external_v1_1_spark_plug_02.jpg,spark_plug,ignition_and_fuel,spark_plug,ignition_and_fuel,I need spark plugs for the engine.,natural,MATCH,external_audit_v1,PARTIAL_MATCH,False,0.46877622604370117,3,0.2973720133304596,0.23385174572467804,0.46877622604370117
external_v1_spark_plug_02_c98f0d1f3a74__natural__mismatch,external_v1_spark_plug_02_c98f0d1f3a74,external_audit/images/spark_plug/external_v1_1_spark_plug_02.jpg,spark_plug,ignition_and_fuel,alternator,electrical_starting_charging,I need an alternator for the charging system.,natural,MISMATCH,external_audit_v1,MISMATCH,True,0.521600067615509,2,0.4707224667072296,0.521600067615509,0.0076773883774876595
external_v1_spark_plug_02_c98f0d1f3a74__natural__partial_match,external_v1_spark_plug_02_c98f0d1f3a74,external_audit/images/spark_plug/external_v1_1_spark_plug_02.jpg,spark_plug,ignition_and_fuel,ignition_coil,ignition_and_fuel,I need an ignition coil pack.,natural,PARTIAL_MATCH,external_audit_v1,MISMATCH,False,0.9975615739822388,3,0.0024335875641554594,0.9975615739822388,4.9313339332002215e-06
external_v1_spark_plug_03_1d9631b0cff2__clean__match,external_v1_spark_plug_03_1d9631b0cff2,external_audit/images/spark_plug/external_v1_1_spark_plug_03.jpg,spark_plug,ignition_and_fuel,spark_plug,ignition_and_fuel,This automotive part is a spark plug.,clean,MATCH,external_audit_v1,MATCH,True,0.9912843704223633,7,0.9912843704223633,0.002174247754737735,0.006541456561535597
external_v1_spark_plug_03_1d9631b0cff2__clean__mismatch,external_v1_spark_plug_03_1d9631b0cff2,external_audit/images/spark_plug/external_v1_1_spark_plug_03.jpg,spark_plug,ignition_and_fuel,alternator,electrical_starting_charging,This automotive part is an alternator.,clean,MISMATCH,external_audit_v1,MISMATCH,True,0.9993509650230408,5,0.0005194777040742338,0.9993509650230408,0.0001294496178161353
external_v1_spark_plug_03_1d9631b0cff2__clean__partial_match,external_v1_spark_plug_03_1d9631b0cff2,external_audit/images/spark_plug/external_v1_1_spark_plug_03.jpg,spark_plug,ignition_and_fuel,ignition_coil,ignition_and_fuel,This automotive part is an ignition coil.,clean,PARTIAL_MATCH,external_audit_v1,PARTIAL_MATCH,True,0.8803735971450806,7,0.11243857443332672,0.007187873125076294,0.8803735971450806
external_v1_spark_plug_03_1d9631b0cff2__natural__match,external_v1_spark_plug_03_1d9631b0cff2,external_audit/images/spark_plug/external_v1_1_spark_plug_03.jpg,spark_plug,ignition_and_fuel,spark_plug,ignition_and_fuel,I need spark plugs for the engine.,natural,MATCH,external_audit_v1,MATCH,True,0.8414317965507507,3,0.8414317965507507,0.14889714121818542,0.009671054780483246
external_v1_spark_plug_03_1d9631b0cff2__natural__mismatch,external_v1_spark_plug_03_1d9631b0cff2,external_audit/images/spark_plug/external_v1_1_spark_plug_03.jpg,spark_plug,ignition_and_fuel,alternator,electrical_starting_charging,I need an alternator for the charging system.,natural,MISMATCH,external_audit_v1,MISMATCH,True,0.9990129470825195,2,0.0008643517503514886,0.9990129470825195,0.00012270326260477304
external_v1_spark_plug_03_1d9631b0cff2__natural__partial_match,external_v1_spark_plug_03_1d9631b0cff2,external_audit/images/spark_plug/external_v1_1_spark_plug_03.jpg,spark_plug,ignition_and_fuel,ignition_coil,ignition_and_fuel,I need an ignition coil pack.,natural,PARTIAL_MATCH,external_audit_v1,PARTIAL_MATCH,True,0.8626143336296082,3,0.12595342099666595,0.011432202532887459,0.8626143336296082
external_v1_spark_plug_04_52d98448c3b2__clean__match,external_v1_spark_plug_04_52d98448c3b2,external_audit/images/spark_plug/external_v1_1_spark_plug_04.jpg,spark_plug,ignition_and_fuel,spark_plug,ignition_and_fuel,This automotive part is a spark plug.,clean,MATCH,external_audit_v1,MATCH,True,0.9997908473014832,7,0.9997908473014832,8.919892570702359e-05,0.00011999720300082117
external_v1_spark_plug_04_52d98448c3b2__clean__mismatch,external_v1_spark_plug_04_52d98448c3b2,external_audit/images/spark_plug/external_v1_1_spark_plug_04.jpg,spark_plug,ignition_and_fuel,alternator,electrical_starting_charging,This automotive part is an alternator.,clean,MISMATCH,external_audit_v1,MISMATCH,True,0.9989338517189026,5,0.0009731021709740162,0.9989338517189026,9.296570351580158e-05
external_v1_spark_plug_04_52d98448c3b2__clean__partial_match,external_v1_spark_plug_04_52d98448c3b2,external_audit/images/spark_plug/external_v1_1_spark_plug_04.jpg,spark_plug,ignition_and_fuel,ignition_coil,ignition_and_fuel,This automotive part is an ignition coil.,clean,PARTIAL_MATCH,external_audit_v1,PARTIAL_MATCH,True,0.9779792428016663,7,0.018990524113178253,0.0030302926898002625,0.9779792428016663
external_v1_spark_plug_04_52d98448c3b2__natural__match,external_v1_spark_plug_04_52d98448c3b2,external_audit/images/spark_plug/external_v1_1_spark_plug_04.jpg,spark_plug,ignition_and_fuel,spark_plug,ignition_and_fuel,I need spark plugs for the engine.,natural,MATCH,external_audit_v1,MATCH,True,0.9427598118782043,3,0.9427598118782043,0.0541960746049881,0.003044100245460868
external_v1_spark_plug_04_52d98448c3b2__natural__mismatch,external_v1_spark_plug_04_52d98448c3b2,external_audit/images/spark_plug/external_v1_1_spark_plug_04.jpg,spark_plug,ignition_and_fuel,alternator,electrical_starting_charging,I need an alternator for the charging system.,natural,MISMATCH,external_audit_v1,MISMATCH,True,0.9985842704772949,2,0.0013385452330112457,0.9985842704772949,7.723785529378802e-05
external_v1_spark_plug_04_52d98448c3b2__natural__partial_match,external_v1_spark_plug_04_52d98448c3b2,external_audit/images/spark_plug/external_v1_1_spark_plug_04.jpg,spark_plug,ignition_and_fuel,ignition_coil,ignition_and_fuel,I need an ignition coil pack.,natural,PARTIAL_MATCH,external_audit_v1,PARTIAL_MATCH,True,0.9686679244041443,3,0.02535073645412922,0.005981321446597576,0.9686679244041443
external_v1_spark_plug_05_8dc1713e9b07__clean__match,external_v1_spark_plug_05_8dc1713e9b07,external_audit/images/spark_plug/external_v1_1_spark_plug_05.jpg,spark_plug,ignition_and_fuel,spark_plug,ignition_and_fuel,This automotive part is a spark plug.,clean,MATCH,external_audit_v1,MATCH,True,0.9988803267478943,7,0.9988803267478943,0.0003911137755494565,0.0007284753955900669
external_v1_spark_plug_05_8dc1713e9b07__clean__mismatch,external_v1_spark_plug_05_8dc1713e9b07,external_audit/images/spark_plug/external_v1_1_spark_plug_05.jpg,spark_plug,ignition_and_fuel,alternator,electrical_starting_charging,This automotive part is an alternator.,clean,MISMATCH,external_audit_v1,MISMATCH,True,0.9979368448257446,5,0.0013081608340144157,0.9979368448257446,0.0007550518494099379
external_v1_spark_plug_05_8dc1713e9b07__clean__partial_match,external_v1_spark_plug_05_8dc1713e9b07,external_audit/images/spark_plug/external_v1_1_spark_plug_05.jpg,spark_plug,ignition_and_fuel,ignition_coil,ignition_and_fuel,This automotive part is an ignition coil.,clean,PARTIAL_MATCH,external_audit_v1,PARTIAL_MATCH,True,0.7686609625816345,7,0.22479912638664246,0.006539863999933004,0.7686609625816345
external_v1_spark_plug_05_8dc1713e9b07__natural__match,external_v1_spark_plug_05_8dc1713e9b07,external_audit/images/spark_plug/external_v1_1_spark_plug_05.jpg,spark_plug,ignition_and_fuel,spark_plug,ignition_and_fuel,I need spark plugs for the engine.,natural,MATCH,external_audit_v1,MATCH,True,0.8695647120475769,3,0.8695647120475769,0.11461037397384644,0.01582493633031845
external_v1_spark_plug_05_8dc1713e9b07__natural__mismatch,external_v1_spark_plug_05_8dc1713e9b07,external_audit/images/spark_plug/external_v1_1_spark_plug_05.jpg,spark_plug,ignition_and_fuel,alternator,electrical_starting_charging,I need an alternator for the charging system.,natural,MISMATCH,external_audit_v1,MISMATCH,True,0.9972175359725952,2,0.0019055093871429563,0.9972175359725952,0.0008769251871854067
external_v1_spark_plug_05_8dc1713e9b07__natural__partial_match,external_v1_spark_plug_05_8dc1713e9b07,external_audit/images/spark_plug/external_v1_1_spark_plug_05.jpg,spark_plug,ignition_and_fuel,ignition_coil,ignition_and_fuel,I need an ignition coil pack.,natural,PARTIAL_MATCH,external_audit_v1,PARTIAL_MATCH,True,0.7692127227783203,3,0.22200772166252136,0.008779547177255154,0.7692127227783203
external_v1_spark_plug_06_ddd09e50252d__clean__match,external_v1_spark_plug_06_ddd09e50252d,external_audit/images/spark_plug/external_v1_1_spark_plug_06.jpg,spark_plug,ignition_and_fuel,spark_plug,ignition_and_fuel,This automotive part is a spark plug.,clean,MATCH,external_audit_v1,MATCH,True,0.9989436268806458,7,0.9989436268806458,0.0006292142788879573,0.00042720657074823976
external_v1_spark_plug_06_ddd09e50252d__clean__mismatch,external_v1_spark_plug_06_ddd09e50252d,external_audit/images/spark_plug/external_v1_1_spark_plug_06.jpg,spark_plug,ignition_and_fuel,alternator,electrical_starting_charging,This automotive part is an alternator.,clean,MISMATCH,external_audit_v1,MISMATCH,True,0.9999728202819824,5,1.613761742191855e-05,0.9999728202819824,1.1086621270806063e-05
external_v1_spark_plug_06_ddd09e50252d__clean__partial_match,external_v1_spark_plug_06_ddd09e50252d,external_audit/images/spark_plug/external_v1_1_spark_plug_06.jpg,spark_plug,ignition_and_fuel,ignition_coil,ignition_and_fuel,This automotive part is an ignition coil.,clean,PARTIAL_MATCH,external_audit_v1,PARTIAL_MATCH,True,0.5619010925292969,7,0.4136079251766205,0.02449091710150242,0.5619010925292969
external_v1_spark_plug_06_ddd09e50252d__natural__match,external_v1_spark_plug_06_ddd09e50252d,external_audit/images/spark_plug/external_v1_1_spark_plug_06.jpg,spark_plug,ignition_and_fuel,spark_plug,ignition_and_fuel,I need spark plugs for the engine.,natural,MATCH,external_audit_v1,MATCH,True,0.7362602353096008,3,0.7362602353096008,0.2541773021221161,0.009562520310282707
external_v1_spark_plug_06_ddd09e50252d__natural__mismatch,external_v1_spark_plug_06_ddd09e50252d,external_audit/images/spark_plug/external_v1_1_spark_plug_06.jpg,spark_plug,ignition_and_fuel,alternator,electrical_starting_charging,I need an alternator for the charging system.,natural,MISMATCH,external_audit_v1,MISMATCH,True,0.9999616146087646,2,2.5992827431764454e-05,0.9999616146087646,1.2361620065348689e-05
external_v1_spark_plug_06_ddd09e50252d__natural__partial_match,external_v1_spark_plug_06_ddd09e50252d,external_audit/images/spark_plug/external_v1_1_spark_plug_06.jpg,spark_plug,ignition_and_fuel,ignition_coil,ignition_and_fuel,I need an ignition coil pack.,natural,PARTIAL_MATCH,external_audit_v1,PARTIAL_MATCH,True,0.5807476043701172,3,0.3842683732509613,0.03498392924666405,0.5807476043701172
external_v1_spark_plug_07_0a5a3ad8aa41__clean__match,external_v1_spark_plug_07_0a5a3ad8aa41,external_audit/images/spark_plug/external_v1_1_spark_plug_07.jpg,spark_plug,ignition_and_fuel,spark_plug,ignition_and_fuel,This automotive part is a spark plug.,clean,MATCH,external_audit_v1,MATCH,True,0.9125603437423706,7,0.9125603437423706,0.07463721930980682,0.012802460230886936
external_v1_spark_plug_07_0a5a3ad8aa41__clean__mismatch,external_v1_spark_plug_07_0a5a3ad8aa41,external_audit/images/spark_plug/external_v1_1_spark_plug_07.jpg,spark_plug,ignition_and_fuel,alternator,electrical_starting_charging,This automotive part is an alternator.,clean,MISMATCH,external_audit_v1,MISMATCH,True,0.6462077498435974,5,0.34812381863594055,0.6462077498435974,0.005668440368026495
external_v1_spark_plug_07_0a5a3ad8aa41__clean__partial_match,external_v1_spark_plug_07_0a5a3ad8aa41,external_audit/images/spark_plug/external_v1_1_spark_plug_07.jpg,spark_plug,ignition_and_fuel,ignition_coil,ignition_and_fuel,This automotive part is an ignition coil.,clean,PARTIAL_MATCH,external_audit_v1,PARTIAL_MATCH,True,0.9394202828407288,7,0.03484256938099861,0.025737181305885315,0.9394202828407288
external_v1_spark_plug_07_0a5a3ad8aa41__natural__match,external_v1_spark_plug_07_0a5a3ad8aa41,external_audit/images/spark_plug/external_v1_1_spark_plug_07.jpg,spark_plug,ignition_and_fuel,spark_plug,ignition_and_fuel,I need spark plugs for the engine.,natural,MATCH,external_audit_v1,MATCH,True,0.566301167011261,3,0.566301167011261,0.42050471901893616,0.01319411676377058
external_v1_spark_plug_07_0a5a3ad8aa41__natural__mismatch,external_v1_spark_plug_07_0a5a3ad8aa41,external_audit/images/spark_plug/external_v1_1_spark_plug_07.jpg,spark_plug,ignition_and_fuel,alternator,electrical_starting_charging,I need an alternator for the charging system.,natural,MISMATCH,external_audit_v1,MISMATCH,True,0.564708948135376,2,0.4301457107067108,0.564708948135376,0.00514528201892972
external_v1_spark_plug_07_0a5a3ad8aa41__natural__partial_match,external_v1_spark_plug_07_0a5a3ad8aa41,external_audit/images/spark_plug/external_v1_1_spark_plug_07.jpg,spark_plug,ignition_and_fuel,ignition_coil,ignition_and_fuel,I need an ignition coil pack.,natural,PARTIAL_MATCH,external_audit_v1,PARTIAL_MATCH,True,0.9344936013221741,3,0.036502525210380554,0.029003825038671494,0.9344936013221741
external_v1_spark_plug_08_6e9a09ceb862__clean__match,external_v1_spark_plug_08_6e9a09ceb862,external_audit/images/spark_plug/external_v1_1_spark_plug_08.jpg,spark_plug,ignition_and_fuel,spark_plug,ignition_and_fuel,This automotive part is a spark plug.,clean,MATCH,external_audit_v1,MATCH,True,0.6618586182594299,7,0.6618586182594299,0.022562522441148758,0.315578818321228
external_v1_spark_plug_08_6e9a09ceb862__clean__mismatch,external_v1_spark_plug_08_6e9a09ceb862,external_audit/images/spark_plug/external_v1_1_spark_plug_08.jpg,spark_plug,ignition_and_fuel,alternator,electrical_starting_charging,This automotive part is an alternator.,clean,MISMATCH,external_audit_v1,MISMATCH,True,0.9952476620674133,5,0.0023158667609095573,0.9952476620674133,0.0024365042336285114
external_v1_spark_plug_08_6e9a09ceb862__clean__partial_match,external_v1_spark_plug_08_6e9a09ceb862,external_audit/images/spark_plug/external_v1_1_spark_plug_08.jpg,spark_plug,ignition_and_fuel,ignition_coil,ignition_and_fuel,This automotive part is an ignition coil.,clean,PARTIAL_MATCH,external_audit_v1,MATCH,False,0.5610537528991699,7,0.5610537528991699,0.05171568691730499,0.3872305750846863
external_v1_spark_plug_08_6e9a09ceb862__natural__match,external_v1_spark_plug_08_6e9a09ceb862,external_audit/images/spark_plug/external_v1_1_spark_plug_08.jpg,spark_plug,ignition_and_fuel,spark_plug,ignition_and_fuel,I need spark plugs for the engine.,natural,MATCH,external_audit_v1,MATCH,True,0.662264883518219,3,0.662264883518219,0.1105857715010643,0.22714929282665253
external_v1_spark_plug_08_6e9a09ceb862__natural__mismatch,external_v1_spark_plug_08_6e9a09ceb862,external_audit/images/spark_plug/external_v1_1_spark_plug_08.jpg,spark_plug,ignition_and_fuel,alternator,electrical_starting_charging,I need an alternator for the charging system.,natural,MISMATCH,external_audit_v1,MISMATCH,True,0.9936443567276001,2,0.003672419348731637,0.9936443567276001,0.00268314266577363
external_v1_spark_plug_08_6e9a09ceb862__natural__partial_match,external_v1_spark_plug_08_6e9a09ceb862,external_audit/images/spark_plug/external_v1_1_spark_plug_08.jpg,spark_plug,ignition_and_fuel,ignition_coil,ignition_and_fuel,I need an ignition coil pack.,natural,PARTIAL_MATCH,external_audit_v1,MATCH,False,0.5130968689918518,3,0.5130968689918518,0.06339146196842194,0.4235117733478546
external_v1_spark_plug_09_b7458f7e3ed4__clean__match,external_v1_spark_plug_09_b7458f7e3ed4,external_audit/images/spark_plug/external_v1_1_spark_plug_09.jpg,spark_plug,ignition_and_fuel,spark_plug,ignition_and_fuel,This automotive part is a spark plug.,clean,MATCH,external_audit_v1,MATCH,True,0.9998372793197632,7,0.9998372793197632,4.8322319344151765e-05,0.00011447654105722904
external_v1_spark_plug_09_b7458f7e3ed4__clean__mismatch,external_v1_spark_plug_09_b7458f7e3ed4,external_audit/images/spark_plug/external_v1_1_spark_plug_09.jpg,spark_plug,ignition_and_fuel,alternator,electrical_starting_charging,This automotive part is an alternator.,clean,MISMATCH,external_audit_v1,MISMATCH,True,0.9999121427536011,5,3.503252810332924e-05,0.9999121427536011,5.285023871692829e-05
external_v1_spark_plug_09_b7458f7e3ed4__clean__partial_match,external_v1_spark_plug_09_b7458f7e3ed4,external_audit/images/spark_plug/external_v1_1_spark_plug_09.jpg,spark_plug,ignition_and_fuel,ignition_coil,ignition_and_fuel,This automotive part is an ignition coil.,clean,PARTIAL_MATCH,external_audit_v1,PARTIAL_MATCH,True,0.9949730634689331,7,0.0036947112530469894,0.001332182320766151,0.9949730634689331
external_v1_spark_plug_09_b7458f7e3ed4__natural__match,external_v1_spark_plug_09_b7458f7e3ed4,external_audit/images/spark_plug/external_v1_1_spark_plug_09.jpg,spark_plug,ignition_and_fuel,spark_plug,ignition_and_fuel,I need spark plugs for the engine.,natural,MATCH,external_audit_v1,MATCH,True,0.7466002106666565,3,0.7466002106666565,0.24451622366905212,0.008883523754775524
external_v1_spark_plug_09_b7458f7e3ed4__natural__mismatch,external_v1_spark_plug_09_b7458f7e3ed4,external_audit/images/spark_plug/external_v1_1_spark_plug_09.jpg,spark_plug,ignition_and_fuel,alternator,electrical_starting_charging,I need an alternator for the charging system.,natural,MISMATCH,external_audit_v1,MISMATCH,True,0.9998863935470581,2,5.9733898524427786e-05,0.9998863935470581,5.388721911003813e-05
external_v1_spark_plug_09_b7458f7e3ed4__natural__partial_match,external_v1_spark_plug_09_b7458f7e3ed4,external_audit/images/spark_plug/external_v1_1_spark_plug_09.jpg,spark_plug,ignition_and_fuel,ignition_coil,ignition_and_fuel,I need an ignition coil pack.,natural,PARTIAL_MATCH,external_audit_v1,PARTIAL_MATCH,True,0.9930148124694824,3,0.0045413002371788025,0.0024438737891614437,0.9930148124694824
external_v1_spark_plug_10_34217f5022c9__clean__match,external_v1_spark_plug_10_34217f5022c9,external_audit/images/spark_plug/external_v1_1_spark_plug_10.jpg,spark_plug,ignition_and_fuel,spark_plug,ignition_and_fuel,This automotive part is a spark plug.,clean,MATCH,external_audit_v1,MATCH,True,0.9046710729598999,7,0.9046710729598999,0.009446394629776478,0.08588253706693649
external_v1_spark_plug_10_34217f5022c9__clean__mismatch,external_v1_spark_plug_10_34217f5022c9,external_audit/images/spark_plug/external_v1_1_spark_plug_10.jpg,spark_plug,ignition_and_fuel,alternator,electrical_starting_charging,This automotive part is an alternator.,clean,MISMATCH,external_audit_v1,MISMATCH,True,0.999848484992981,5,7.454565638909116e-05,0.999848484992981,7.700527203269303e-05
external_v1_spark_plug_10_34217f5022c9__clean__partial_match,external_v1_spark_plug_10_34217f5022c9,external_audit/images/spark_plug/external_v1_1_spark_plug_10.jpg,spark_plug,ignition_and_fuel,ignition_coil,ignition_and_fuel,This automotive part is an ignition coil.,clean,PARTIAL_MATCH,external_audit_v1,PARTIAL_MATCH,True,0.9509657621383667,7,0.04678043723106384,0.0022537345066666603,0.9509657621383667
external_v1_spark_plug_10_34217f5022c9__natural__match,external_v1_spark_plug_10_34217f5022c9,external_audit/images/spark_plug/external_v1_1_spark_plug_10.jpg,spark_plug,ignition_and_fuel,spark_plug,ignition_and_fuel,I need spark plugs for the engine.,natural,MATCH,external_audit_v1,MATCH,True,0.5452824831008911,3,0.5452824831008911,0.40099480748176575,0.05372273549437523
external_v1_spark_plug_10_34217f5022c9__natural__mismatch,external_v1_spark_plug_10_34217f5022c9,external_audit/images/spark_plug/external_v1_1_spark_plug_10.jpg,spark_plug,ignition_and_fuel,alternator,electrical_starting_charging,I need an alternator for the charging system.,natural,MISMATCH,external_audit_v1,MISMATCH,True,0.9997649788856506,2,0.00014419354556594044,0.9997649788856506,9.085321653401479e-05
external_v1_spark_plug_10_34217f5022c9__natural__partial_match,external_v1_spark_plug_10_34217f5022c9,external_audit/images/spark_plug/external_v1_1_spark_plug_10.jpg,spark_plug,ignition_and_fuel,ignition_coil,ignition_and_fuel,I need an ignition coil pack.,natural,PARTIAL_MATCH,external_audit_v1,PARTIAL_MATCH,True,0.9500342607498169,3,0.04615391045808792,0.003811802249401808,0.9500342607498169
external_v1_starter_01_37ba0bc63d94__clean__match,external_v1_starter_01_37ba0bc63d94,external_audit/images/starter/external_v1_1_starter_01.jpg,starter,electrical_starting_charging,starter,electrical_starting_charging,This automotive part is a starter.,clean,MATCH,external_audit_v1,MATCH,True,0.9677010774612427,5,0.9677010774612427,0.006143741775304079,0.026155076920986176
external_v1_starter_01_37ba0bc63d94__clean__mismatch,external_v1_starter_01_37ba0bc63d94,external_audit/images/starter/external_v1_1_starter_01.jpg,starter,electrical_starting_charging,taillight,lighting,This automotive part is a taillight.,clean,MISMATCH,external_audit_v1,MISMATCH,True,0.7939417958259583,5,0.14304833114147186,0.7939417958259583,0.06300991028547287
external_v1_starter_01_37ba0bc63d94__clean__partial_match,external_v1_starter_01_37ba0bc63d94,external_audit/images/starter/external_v1_1_starter_01.jpg,starter,electrical_starting_charging,alternator,electrical_starting_charging,This automotive part is an alternator.,clean,PARTIAL_MATCH,external_audit_v1,PARTIAL_MATCH,True,0.9328188896179199,5,0.06669960916042328,0.00048151370720006526,0.9328188896179199
external_v1_starter_01_37ba0bc63d94__natural__match,external_v1_starter_01_37ba0bc63d94,external_audit/images/starter/external_v1_1_starter_01.jpg,starter,electrical_starting_charging,starter,electrical_starting_charging,I need a starter motor for the car.,natural,MATCH,external_audit_v1,MATCH,True,0.9648910164833069,2,0.9648910164833069,0.00980249885469675,0.02530653215944767
external_v1_starter_01_37ba0bc63d94__natural__mismatch,external_v1_starter_01_37ba0bc63d94,external_audit/images/starter/external_v1_1_starter_01.jpg,starter,electrical_starting_charging,taillight,lighting,I need a rear tail lamp.,natural,MISMATCH,external_audit_v1,PARTIAL_MATCH,False,0.4174495041370392,0,0.3476616144180298,0.23488879203796387,0.4174495041370392
external_v1_starter_01_37ba0bc63d94__natural__partial_match,external_v1_starter_01_37ba0bc63d94,external_audit/images/starter/external_v1_1_starter_01.jpg,starter,electrical_starting_charging,alternator,electrical_starting_charging,I need an alternator for the charging system.,natural,PARTIAL_MATCH,external_audit_v1,PARTIAL_MATCH,True,0.9188257455825806,2,0.08056844025850296,0.0006058255094103515,0.9188257455825806
external_v1_starter_02_420e0674b6e0__clean__match,external_v1_starter_02_420e0674b6e0,external_audit/images/starter/external_v1_1_starter_02.jpg,starter,electrical_starting_charging,starter,electrical_starting_charging,This automotive part is a starter.,clean,MATCH,external_audit_v1,MATCH,True,0.9980929493904114,5,0.9980929493904114,0.0007708071498200297,0.0011362767545506358
external_v1_starter_02_420e0674b6e0__clean__mismatch,external_v1_starter_02_420e0674b6e0,external_audit/images/starter/external_v1_1_starter_02.jpg,starter,electrical_starting_charging,taillight,lighting,This automotive part is a taillight.,clean,MISMATCH,external_audit_v1,MISMATCH,True,0.958074688911438,5,0.0009819079423323274,0.958074688911438,0.0409434549510479
external_v1_starter_02_420e0674b6e0__clean__partial_match,external_v1_starter_02_420e0674b6e0,external_audit/images/starter/external_v1_1_starter_02.jpg,starter,electrical_starting_charging,alternator,electrical_starting_charging,This automotive part is an alternator.,clean,PARTIAL_MATCH,external_audit_v1,PARTIAL_MATCH,True,0.9972007274627686,5,0.00011715096479747444,0.0026821510400623083,0.9972007274627686
external_v1_starter_02_420e0674b6e0__natural__match,external_v1_starter_02_420e0674b6e0,external_audit/images/starter/external_v1_1_starter_02.jpg,starter,electrical_starting_charging,starter,electrical_starting_charging,I need a starter motor for the car.,natural,MATCH,external_audit_v1,MATCH,True,0.9972188472747803,2,0.9972188472747803,0.0015769762685522437,0.0012041718000546098
external_v1_starter_02_420e0674b6e0__natural__mismatch,external_v1_starter_02_420e0674b6e0,external_audit/images/starter/external_v1_1_starter_02.jpg,starter,electrical_starting_charging,taillight,lighting,I need a rear tail lamp.,natural,MISMATCH,external_audit_v1,PARTIAL_MATCH,False,0.5519988536834717,0,0.0632614865899086,0.3847397565841675,0.5519988536834717
external_v1_starter_02_420e0674b6e0__natural__partial_match,external_v1_starter_02_420e0674b6e0,external_audit/images/starter/external_v1_1_starter_02.jpg,starter,electrical_starting_charging,alternator,electrical_starting_charging,I need an alternator for the charging system.,natural,PARTIAL_MATCH,external_audit_v1,PARTIAL_MATCH,True,0.9961088299751282,2,0.0001771155366441235,0.003714013146236539,0.9961088299751282
external_v1_starter_03_166e9df9ce62__clean__match,external_v1_starter_03_166e9df9ce62,external_audit/images/starter/external_v1_1_starter_03.jpg,starter,electrical_starting_charging,starter,electrical_starting_charging,This automotive part is a starter.,clean,MATCH,external_audit_v1,MATCH,True,0.984429121017456,5,0.984429121017456,0.009537110105156898,0.006033824756741524
external_v1_starter_03_166e9df9ce62__clean__mismatch,external_v1_starter_03_166e9df9ce62,external_audit/images/starter/external_v1_1_starter_03.jpg,starter,electrical_starting_charging,taillight,lighting,This automotive part is a taillight.,clean,MISMATCH,external_audit_v1,MISMATCH,True,0.9102604389190674,5,0.0864420160651207,0.9102604389190674,0.0032975543290376663
external_v1_starter_03_166e9df9ce62__clean__partial_match,external_v1_starter_03_166e9df9ce62,external_audit/images/starter/external_v1_1_starter_03.jpg,starter,electrical_starting_charging,alternator,electrical_starting_charging,This automotive part is an alternator.,clean,PARTIAL_MATCH,external_audit_v1,PARTIAL_MATCH,True,0.7262388467788696,5,0.2700967788696289,0.003664329182356596,0.7262388467788696
external_v1_starter_03_166e9df9ce62__natural__match,external_v1_starter_03_166e9df9ce62,external_audit/images/starter/external_v1_1_starter_03.jpg,starter,electrical_starting_charging,starter,electrical_starting_charging,I need a starter motor for the car.,natural,MATCH,external_audit_v1,MATCH,True,0.977745532989502,2,0.977745532989502,0.016536632552742958,0.00571773387491703
external_v1_starter_03_166e9df9ce62__natural__mismatch,external_v1_starter_03_166e9df9ce62,external_audit/images/starter/external_v1_1_starter_03.jpg,starter,electrical_starting_charging,taillight,lighting,I need a rear tail lamp.,natural,MISMATCH,external_audit_v1,MISMATCH,True,0.5388864278793335,0,0.36555129289627075,0.5388864278793335,0.09556236118078232
external_v1_starter_03_166e9df9ce62__natural__partial_match,external_v1_starter_03_166e9df9ce62,external_audit/images/starter/external_v1_1_starter_03.jpg,starter,electrical_starting_charging,alternator,electrical_starting_charging,I need an alternator for the charging system.,natural,PARTIAL_MATCH,external_audit_v1,PARTIAL_MATCH,True,0.6945428848266602,2,0.30082765221595764,0.004629460163414478,0.6945428848266602
external_v1_starter_04_70d635ebba29__clean__match,external_v1_starter_04_70d635ebba29,external_audit/images/starter/external_v1_1_starter_04.jpg,starter,electrical_starting_charging,starter,electrical_starting_charging,This automotive part is a starter.,clean,MATCH,external_audit_v1,MATCH,True,0.9761208891868591,5,0.9761208891868591,0.002803273731842637,0.021075816825032234
external_v1_starter_04_70d635ebba29__clean__mismatch,external_v1_starter_04_70d635ebba29,external_audit/images/starter/external_v1_1_starter_04.jpg,starter,electrical_starting_charging,taillight,lighting,This automotive part is a taillight.,clean,MISMATCH,external_audit_v1,MISMATCH,True,0.8466567397117615,5,0.009820378385484219,0.8466567397117615,0.14352284371852875
external_v1_starter_04_70d635ebba29__clean__partial_match,external_v1_starter_04_70d635ebba29,external_audit/images/starter/external_v1_1_starter_04.jpg,starter,electrical_starting_charging,alternator,electrical_starting_charging,This automotive part is an alternator.,clean,PARTIAL_MATCH,external_audit_v1,PARTIAL_MATCH,True,0.9970819354057312,5,0.0011352443834766746,0.0017827677074819803,0.9970819354057312
external_v1_starter_04_70d635ebba29__natural__match,external_v1_starter_04_70d635ebba29,external_audit/images/starter/external_v1_1_starter_04.jpg,starter,electrical_starting_charging,starter,electrical_starting_charging,I need a starter motor for the car.,natural,MATCH,external_audit_v1,MATCH,True,0.9704511761665344,2,0.9704511761665344,0.005036936607211828,0.024512004107236862
external_v1_starter_04_70d635ebba29__natural__mismatch,external_v1_starter_04_70d635ebba29,external_audit/images/starter/external_v1_1_starter_04.jpg,starter,electrical_starting_charging,taillight,lighting,I need a rear tail lamp.,natural,MISMATCH,external_audit_v1,PARTIAL_MATCH,False,0.47349298000335693,0,0.06332956999540329,0.4631773829460144,0.47349298000335693
external_v1_starter_04_70d635ebba29__natural__partial_match,external_v1_starter_04_70d635ebba29,external_audit/images/starter/external_v1_1_starter_04.jpg,starter,electrical_starting_charging,alternator,electrical_starting_charging,I need an alternator for the charging system.,natural,PARTIAL_MATCH,external_audit_v1,PARTIAL_MATCH,True,0.9971176385879517,2,0.0008997169206850231,0.001982699614018202,0.9971176385879517
external_v1_starter_05_8cf8078c8811__clean__match,external_v1_starter_05_8cf8078c8811,external_audit/images/starter/external_v1_1_starter_05.jpg,starter,electrical_starting_charging,starter,electrical_starting_charging,This automotive part is a starter.,clean,MATCH,external_audit_v1,MATCH,True,0.9867662191390991,5,0.9867662191390991,0.007308852858841419,0.005925022531300783
external_v1_starter_05_8cf8078c8811__clean__mismatch,external_v1_starter_05_8cf8078c8811,external_audit/images/starter/external_v1_1_starter_05.jpg,starter,electrical_starting_charging,taillight,lighting,This automotive part is a taillight.,clean,MISMATCH,external_audit_v1,MISMATCH,True,0.9854236245155334,5,0.0056577944196760654,0.9854236245155334,0.008918603882193565
external_v1_starter_05_8cf8078c8811__clean__partial_match,external_v1_starter_05_8cf8078c8811,external_audit/images/starter/external_v1_1_starter_05.jpg,starter,electrical_starting_charging,alternator,electrical_starting_charging,This automotive part is an alternator.,clean,PARTIAL_MATCH,external_audit_v1,PARTIAL_MATCH,True,0.9899479150772095,5,0.008195841684937477,0.0018561973702162504,0.9899479150772095
external_v1_starter_05_8cf8078c8811__natural__match,external_v1_starter_05_8cf8078c8811,external_audit/images/starter/external_v1_1_starter_05.jpg,starter,electrical_starting_charging,starter,electrical_starting_charging,I need a starter motor for the car.,natural,MATCH,external_audit_v1,MATCH,True,0.9824569821357727,2,0.9824569821357727,0.011741857044398785,0.005801097024232149
external_v1_starter_05_8cf8078c8811__natural__mismatch,external_v1_starter_05_8cf8078c8811,external_audit/images/starter/external_v1_1_starter_05.jpg,starter,electrical_starting_charging,taillight,lighting,I need a rear tail lamp.,natural,MISMATCH,external_audit_v1,MISMATCH,True,0.7649522423744202,0,0.13450758159160614,0.7649522423744202,0.10054013878107071
external_v1_starter_05_8cf8078c8811__natural__partial_match,external_v1_starter_05_8cf8078c8811,external_audit/images/starter/external_v1_1_starter_05.jpg,starter,electrical_starting_charging,alternator,electrical_starting_charging,I need an alternator for the charging system.,natural,PARTIAL_MATCH,external_audit_v1,PARTIAL_MATCH,True,0.9885489344596863,2,0.009262393228709698,0.0021886532194912434,0.9885489344596863
external_v1_starter_06_191f0cde3fd4__clean__match,external_v1_starter_06_191f0cde3fd4,external_audit/images/starter/external_v1_1_starter_06.jpg,starter,electrical_starting_charging,starter,electrical_starting_charging,This automotive part is a starter.,clean,MATCH,external_audit_v1,MATCH,True,0.9932336211204529,5,0.9932336211204529,0.004561921115964651,0.0022043741773813963
external_v1_starter_06_191f0cde3fd4__clean__mismatch,external_v1_starter_06_191f0cde3fd4,external_audit/images/starter/external_v1_1_starter_06.jpg,starter,electrical_starting_charging,taillight,lighting,This automotive part is a taillight.,clean,MISMATCH,external_audit_v1,MISMATCH,True,0.9686891436576843,5,0.026724372059106827,0.9686891436576843,0.004586541559547186
external_v1_starter_06_191f0cde3fd4__clean__partial_match,external_v1_starter_06_191f0cde3fd4,external_audit/images/starter/external_v1_1_starter_06.jpg,starter,electrical_starting_charging,alternator,electrical_starting_charging,This automotive part is an alternator.,clean,PARTIAL_MATCH,external_audit_v1,PARTIAL_MATCH,True,0.9210062623023987,5,0.0006344908033497632,0.07835928350687027,0.9210062623023987
external_v1_starter_06_191f0cde3fd4__natural__match,external_v1_starter_06_191f0cde3fd4,external_audit/images/starter/external_v1_1_starter_06.jpg,starter,electrical_starting_charging,starter,electrical_starting_charging,I need a starter motor for the car.,natural,MATCH,external_audit_v1,MATCH,True,0.990156888961792,2,0.990156888961792,0.007622948382049799,0.0022201440297067165
external_v1_starter_06_191f0cde3fd4__natural__mismatch,external_v1_starter_06_191f0cde3fd4,external_audit/images/starter/external_v1_1_starter_06.jpg,starter,electrical_starting_charging,taillight,lighting,I need a rear tail lamp.,natural,MISMATCH,external_audit_v1,MISMATCH,True,0.4479869604110718,0,0.3389752209186554,0.4479869604110718,0.21303780376911163
external_v1_starter_06_191f0cde3fd4__natural__partial_match,external_v1_starter_06_191f0cde3fd4,external_audit/images/starter/external_v1_1_starter_06.jpg,starter,electrical_starting_charging,alternator,electrical_starting_charging,I need an alternator for the charging system.,natural,PARTIAL_MATCH,external_audit_v1,PARTIAL_MATCH,True,0.9006195068359375,2,0.0007919935160316527,0.09858851134777069,0.9006195068359375
external_v1_starter_07_3b5d382c0056__clean__match,external_v1_starter_07_3b5d382c0056,external_audit/images/starter/external_v1_1_starter_07.jpg,starter,electrical_starting_charging,starter,electrical_starting_charging,This automotive part is a starter.,clean,MATCH,external_audit_v1,MATCH,True,0.9803724884986877,5,0.9803724884986877,0.015288677997887135,0.00433892197906971
external_v1_starter_07_3b5d382c0056__clean__mismatch,external_v1_starter_07_3b5d382c0056,external_audit/images/starter/external_v1_1_starter_07.jpg,starter,electrical_starting_charging,taillight,lighting,This automotive part is a taillight.,clean,MISMATCH,external_audit_v1,MISMATCH,True,0.8972637057304382,5,0.009776902385056019,0.8972637057304382,0.09295938909053802
external_v1_starter_07_3b5d382c0056__clean__partial_match,external_v1_starter_07_3b5d382c0056,external_audit/images/starter/external_v1_1_starter_07.jpg,starter,electrical_starting_charging,alternator,electrical_starting_charging,This automotive part is an alternator.,clean,PARTIAL_MATCH,external_audit_v1,PARTIAL_MATCH,True,0.8399626612663269,5,0.0004919617203995585,0.1595453917980194,0.8399626612663269
external_v1_starter_07_3b5d382c0056__natural__match,external_v1_starter_07_3b5d382c0056,external_audit/images/starter/external_v1_1_starter_07.jpg,starter,electrical_starting_charging,starter,electrical_starting_charging,I need a starter motor for the car.,natural,MATCH,external_audit_v1,MATCH,True,0.9694122076034546,2,0.9694122076034546,0.02616969123482704,0.0044180406257510185
external_v1_starter_07_3b5d382c0056__natural__mismatch,external_v1_starter_07_3b5d382c0056,external_audit/images/starter/external_v1_1_starter_07.jpg,starter,electrical_starting_charging,taillight,lighting,I need a rear tail lamp.,natural,MISMATCH,external_audit_v1,MISMATCH,True,0.47004666924476624,0,0.15499167144298553,0.47004666924476624,0.37496164441108704
external_v1_starter_07_3b5d382c0056__natural__partial_match,external_v1_starter_07_3b5d382c0056,external_audit/images/starter/external_v1_1_starter_07.jpg,starter,electrical_starting_charging,alternator,electrical_starting_charging,I need an alternator for the charging system.,natural,PARTIAL_MATCH,external_audit_v1,PARTIAL_MATCH,True,0.8120859861373901,2,0.0004891303833574057,0.18742482364177704,0.8120859861373901
external_v1_starter_08_cc4f6b8291ba__clean__match,external_v1_starter_08_cc4f6b8291ba,external_audit/images/starter/external_v1_1_starter_08.jpg,starter,electrical_starting_charging,starter,electrical_starting_charging,This automotive part is a starter.,clean,MATCH,external_audit_v1,MATCH,True,0.6378021240234375,5,0.6378021240234375,0.004188904073089361,0.35800901055336
external_v1_starter_08_cc4f6b8291ba__clean__mismatch,external_v1_starter_08_cc4f6b8291ba,external_audit/images/starter/external_v1_1_starter_08.jpg,starter,electrical_starting_charging,taillight,lighting,This automotive part is a taillight.,clean,MISMATCH,external_audit_v1,MISMATCH,True,0.7785101532936096,5,0.05747305974364281,0.7785101532936096,0.16401676833629608
external_v1_starter_08_cc4f6b8291ba__clean__partial_match,external_v1_starter_08_cc4f6b8291ba,external_audit/images/starter/external_v1_1_starter_08.jpg,starter,electrical_starting_charging,alternator,electrical_starting_charging,This automotive part is an alternator.,clean,PARTIAL_MATCH,external_audit_v1,PARTIAL_MATCH,True,0.5134565830230713,5,0.34945064783096313,0.13709281384944916,0.5134565830230713
external_v1_starter_08_cc4f6b8291ba__natural__match,external_v1_starter_08_cc4f6b8291ba,external_audit/images/starter/external_v1_1_starter_08.jpg,starter,electrical_starting_charging,starter,electrical_starting_charging,I need a starter motor for the car.,natural,MATCH,external_audit_v1,MATCH,True,0.6064267754554749,2,0.6064267754554749,0.0051176161505281925,0.38845565915107727
external_v1_starter_08_cc4f6b8291ba__natural__mismatch,external_v1_starter_08_cc4f6b8291ba,external_audit/images/starter/external_v1_1_starter_08.jpg,starter,electrical_starting_charging,taillight,lighting,I need a rear tail lamp.,natural,MISMATCH,external_audit_v1,MISMATCH,True,0.428046852350235,0,0.21745482087135315,0.428046852350235,0.35449835658073425
external_v1_starter_08_cc4f6b8291ba__natural__partial_match,external_v1_starter_08_cc4f6b8291ba,external_audit/images/starter/external_v1_1_starter_08.jpg,starter,electrical_starting_charging,alternator,electrical_starting_charging,I need an alternator for the charging system.,natural,PARTIAL_MATCH,external_audit_v1,PARTIAL_MATCH,True,0.5679284334182739,2,0.29363614320755005,0.13843542337417603,0.5679284334182739
external_v1_starter_09_2cc13a963276__clean__match,external_v1_starter_09_2cc13a963276,external_audit/images/starter/external_v1_1_starter_09.jpg,starter,electrical_starting_charging,starter,electrical_starting_charging,This automotive part is a starter.,clean,MATCH,external_audit_v1,MATCH,True,0.9638671278953552,5,0.9638671278953552,0.007171522360295057,0.02896139770746231
external_v1_starter_09_2cc13a963276__clean__mismatch,external_v1_starter_09_2cc13a963276,external_audit/images/starter/external_v1_1_starter_09.jpg,starter,electrical_starting_charging,taillight,lighting,This automotive part is a taillight.,clean,MISMATCH,external_audit_v1,MISMATCH,True,0.8985677361488342,5,0.014122803695499897,0.8985677361488342,0.08730940520763397
external_v1_starter_09_2cc13a963276__clean__partial_match,external_v1_starter_09_2cc13a963276,external_audit/images/starter/external_v1_1_starter_09.jpg,starter,electrical_starting_charging,alternator,electrical_starting_charging,This automotive part is an alternator.,clean,PARTIAL_MATCH,external_audit_v1,PARTIAL_MATCH,True,0.9976891279220581,5,0.00010170038876822218,0.0022091625723987818,0.9976891279220581
external_v1_starter_09_2cc13a963276__natural__match,external_v1_starter_09_2cc13a963276,external_audit/images/starter/external_v1_1_starter_09.jpg,starter,electrical_starting_charging,starter,electrical_starting_charging,I need a starter motor for the car.,natural,MATCH,external_audit_v1,MATCH,True,0.9546112418174744,2,0.9546112418174744,0.013141573406755924,0.0322471559047699
external_v1_starter_09_2cc13a963276__natural__mismatch,external_v1_starter_09_2cc13a963276,external_audit/images/starter/external_v1_1_starter_09.jpg,starter,electrical_starting_charging,taillight,lighting,I need a rear tail lamp.,natural,MISMATCH,external_audit_v1,MISMATCH,True,0.495760053396225,0,0.03643006086349487,0.495760053396225,0.4678099453449249
external_v1_starter_09_2cc13a963276__natural__partial_match,external_v1_starter_09_2cc13a963276,external_audit/images/starter/external_v1_1_starter_09.jpg,starter,electrical_starting_charging,alternator,electrical_starting_charging,I need an alternator for the charging system.,natural,PARTIAL_MATCH,external_audit_v1,PARTIAL_MATCH,True,0.9969630837440491,2,9.214061719831079e-05,0.002944748383015394,0.9969630837440491
external_v1_starter_10_f9fe47f4cb87__clean__match,external_v1_starter_10_f9fe47f4cb87,external_audit/images/starter/external_v1_1_starter_10.jpg,starter,electrical_starting_charging,starter,electrical_starting_charging,This automotive part is a starter.,clean,MATCH,external_audit_v1,MATCH,True,0.9961806535720825,5,0.9961806535720825,0.0005692363483831286,0.0032502044923603535
external_v1_starter_10_f9fe47f4cb87__clean__mismatch,external_v1_starter_10_f9fe47f4cb87,external_audit/images/starter/external_v1_1_starter_10.jpg,starter,electrical_starting_charging,taillight,lighting,This automotive part is a taillight.,clean,MISMATCH,external_audit_v1,MISMATCH,True,0.9515823125839233,5,0.03392552211880684,0.9515823125839233,0.014492146670818329
external_v1_starter_10_f9fe47f4cb87__clean__partial_match,external_v1_starter_10_f9fe47f4cb87,external_audit/images/starter/external_v1_1_starter_10.jpg,starter,electrical_starting_charging,alternator,electrical_starting_charging,This automotive part is an alternator.,clean,PARTIAL_MATCH,external_audit_v1,PARTIAL_MATCH,True,0.9745338559150696,5,0.021987171843647957,0.0034789287019521,0.9745338559150696
external_v1_starter_10_f9fe47f4cb87__natural__match,external_v1_starter_10_f9fe47f4cb87,external_audit/images/starter/external_v1_1_starter_10.jpg,starter,electrical_starting_charging,starter,electrical_starting_charging,I need a starter motor for the car.,natural,MATCH,external_audit_v1,MATCH,True,0.9960348010063171,2,0.9960348010063171,0.0009871291695162654,0.0029780047480016947
external_v1_starter_10_f9fe47f4cb87__natural__mismatch,external_v1_starter_10_f9fe47f4cb87,external_audit/images/starter/external_v1_1_starter_10.jpg,starter,electrical_starting_charging,taillight,lighting,I need a rear tail lamp.,natural,MISMATCH,external_audit_v1,MISMATCH,True,0.46575573086738586,0,0.3351112902164459,0.46575573086738586,0.1991330087184906
external_v1_starter_10_f9fe47f4cb87__natural__partial_match,external_v1_starter_10_f9fe47f4cb87,external_audit/images/starter/external_v1_1_starter_10.jpg,starter,electrical_starting_charging,alternator,electrical_starting_charging,I need an alternator for the charging system.,natural,PARTIAL_MATCH,external_audit_v1,PARTIAL_MATCH,True,0.9677315950393677,2,0.028128184378147125,0.004140288103371859,0.9677315950393677
external_v1_taillight_01_4f0e094abaa7__clean__match,external_v1_taillight_01_4f0e094abaa7,external_audit/images/taillight/external_v1_1_taillight_01.jpg,taillight,lighting,taillight,lighting,This automotive part is a taillight.,clean,MATCH,external_audit_v1,MATCH,True,0.9329201579093933,5,0.9329201579093933,0.001345667289569974,0.06573422253131866
external_v1_taillight_01_4f0e094abaa7__clean__mismatch,external_v1_taillight_01_4f0e094abaa7,external_audit/images/taillight/external_v1_1_taillight_01.jpg,taillight,lighting,ignition_coil,ignition_and_fuel,This automotive part is an ignition coil.,clean,MISMATCH,external_audit_v1,MATCH,False,0.938933253288269,7,0.938933253288269,0.05794506520032883,0.003121706424281001
external_v1_taillight_01_4f0e094abaa7__clean__partial_match,external_v1_taillight_01_4f0e094abaa7,external_audit/images/taillight/external_v1_1_taillight_01.jpg,taillight,lighting,headlight,lighting,This automotive part is a headlight.,clean,PARTIAL_MATCH,external_audit_v1,PARTIAL_MATCH,True,0.53510582447052,5,0.46364694833755493,0.0012472731759771705,0.53510582447052
external_v1_taillight_01_4f0e094abaa7__natural__match,external_v1_taillight_01_4f0e094abaa7,external_audit/images/taillight/external_v1_1_taillight_01.jpg,taillight,lighting,taillight,lighting,I need a rear tail lamp.,natural,MATCH,external_audit_v1,PARTIAL_MATCH,False,0.5396645069122314,0,0.40692847967147827,0.05340702459216118,0.5396645069122314
external_v1_taillight_01_4f0e094abaa7__natural__mismatch,external_v1_taillight_01_4f0e094abaa7,external_audit/images/taillight/external_v1_1_taillight_01.jpg,taillight,lighting,ignition_coil,ignition_and_fuel,I need an ignition coil pack.,natural,MISMATCH,external_audit_v1,MATCH,False,0.9254518151283264,3,0.9254518151283264,0.0691823735833168,0.005365858785808086
external_v1_taillight_01_4f0e094abaa7__natural__partial_match,external_v1_taillight_01_4f0e094abaa7,external_audit/images/taillight/external_v1_1_taillight_01.jpg,taillight,lighting,headlight,lighting,I need a front headlamp.,natural,PARTIAL_MATCH,external_audit_v1,PARTIAL_MATCH,True,0.5396645069122314,0,0.40692847967147827,0.05340702459216118,0.5396645069122314
external_v1_taillight_02_ba16de0efc3b__clean__match,external_v1_taillight_02_ba16de0efc3b,external_audit/images/taillight/external_v1_1_taillight_02.jpg,taillight,lighting,taillight,lighting,This automotive part is a taillight.,clean,MATCH,external_audit_v1,MATCH,True,0.7302208542823792,5,0.7302208542823792,0.0261651910841465,0.24361394345760345
external_v1_taillight_02_ba16de0efc3b__clean__mismatch,external_v1_taillight_02_ba16de0efc3b,external_audit/images/taillight/external_v1_1_taillight_02.jpg,taillight,lighting,ignition_coil,ignition_and_fuel,This automotive part is an ignition coil.,clean,MISMATCH,external_audit_v1,MISMATCH,True,0.8468214869499207,7,0.15238161385059357,0.8468214869499207,0.0007968791760504246
external_v1_taillight_02_ba16de0efc3b__clean__partial_match,external_v1_taillight_02_ba16de0efc3b,external_audit/images/taillight/external_v1_1_taillight_02.jpg,taillight,lighting,headlight,lighting,This automotive part is a headlight.,clean,PARTIAL_MATCH,external_audit_v1,PARTIAL_MATCH,True,0.83030766248703,5,0.14218080043792725,0.027511630207300186,0.83030766248703
external_v1_taillight_02_ba16de0efc3b__natural__match,external_v1_taillight_02_ba16de0efc3b,external_audit/images/taillight/external_v1_1_taillight_02.jpg,taillight,lighting,taillight,lighting,I need a rear tail lamp.,natural,MATCH,external_audit_v1,MISMATCH,False,0.5120747685432434,0,0.11497023701667786,0.5120747685432434,0.3729550242424011
external_v1_taillight_02_ba16de0efc3b__natural__mismatch,external_v1_taillight_02_ba16de0efc3b,external_audit/images/taillight/external_v1_1_taillight_02.jpg,taillight,lighting,ignition_coil,ignition_and_fuel,I need an ignition coil pack.,natural,MISMATCH,external_audit_v1,MISMATCH,True,0.8868388533592224,3,0.1121274009346962,0.8868388533592224,0.0010337751591578126
external_v1_taillight_02_ba16de0efc3b__natural__partial_match,external_v1_taillight_02_ba16de0efc3b,external_audit/images/taillight/external_v1_1_taillight_02.jpg,taillight,lighting,headlight,lighting,I need a front headlamp.,natural,PARTIAL_MATCH,external_audit_v1,MISMATCH,False,0.5120747685432434,0,0.11497023701667786,0.5120747685432434,0.3729550242424011
external_v1_taillight_03_1f54c949e4da__clean__match,external_v1_taillight_03_1f54c949e4da,external_audit/images/taillight/external_v1_1_taillight_03.jpg,taillight,lighting,taillight,lighting,This automotive part is a taillight.,clean,MATCH,external_audit_v1,MATCH,True,0.8230029940605164,5,0.8230029940605164,0.004540373105555773,0.1724565625190735
external_v1_taillight_03_1f54c949e4da__clean__mismatch,external_v1_taillight_03_1f54c949e4da,external_audit/images/taillight/external_v1_1_taillight_03.jpg,taillight,lighting,ignition_coil,ignition_and_fuel,This automotive part is an ignition coil.,clean,MISMATCH,external_audit_v1,MATCH,False,0.8919114470481873,7,0.8919114470481873,0.10525159537792206,0.0028369182255119085
external_v1_taillight_03_1f54c949e4da__clean__partial_match,external_v1_taillight_03_1f54c949e4da,external_audit/images/taillight/external_v1_1_taillight_03.jpg,taillight,lighting,headlight,lighting,This automotive part is a headlight.,clean,PARTIAL_MATCH,external_audit_v1,PARTIAL_MATCH,True,0.8308647274971008,5,0.167827308177948,0.0013079752679914236,0.8308647274971008
external_v1_taillight_03_1f54c949e4da__natural__match,external_v1_taillight_03_1f54c949e4da,external_audit/images/taillight/external_v1_1_taillight_03.jpg,taillight,lighting,taillight,lighting,I need a rear tail lamp.,natural,MATCH,external_audit_v1,PARTIAL_MATCH,False,0.7605036497116089,0,0.10611925274133682,0.1333770751953125,0.7605036497116089
external_v1_taillight_03_1f54c949e4da__natural__mismatch,external_v1_taillight_03_1f54c949e4da,external_audit/images/taillight/external_v1_1_taillight_03.jpg,taillight,lighting,ignition_coil,ignition_and_fuel,I need an ignition coil pack.,natural,MISMATCH,external_audit_v1,MATCH,False,0.8513224720954895,3,0.8513224720954895,0.14374440908432007,0.004933077841997147
external_v1_taillight_03_1f54c949e4da__natural__partial_match,external_v1_taillight_03_1f54c949e4da,external_audit/images/taillight/external_v1_1_taillight_03.jpg,taillight,lighting,headlight,lighting,I need a front headlamp.,natural,PARTIAL_MATCH,external_audit_v1,PARTIAL_MATCH,True,0.7605036497116089,0,0.10611933469772339,0.13337698578834534,0.7605036497116089
external_v1_taillight_04_2cd31a6a70a8__clean__match,external_v1_taillight_04_2cd31a6a70a8,external_audit/images/taillight/external_v1_1_taillight_04.jpg,taillight,lighting,taillight,lighting,This automotive part is a taillight.,clean,MATCH,external_audit_v1,MATCH,True,0.5612956285476685,5,0.5612956285476685,0.05092213675379753,0.3877822756767273
external_v1_taillight_04_2cd31a6a70a8__clean__mismatch,external_v1_taillight_04_2cd31a6a70a8,external_audit/images/taillight/external_v1_1_taillight_04.jpg,taillight,lighting,ignition_coil,ignition_and_fuel,This automotive part is an ignition coil.,clean,MISMATCH,external_audit_v1,MATCH,False,0.572206437587738,7,0.572206437587738,0.4277181327342987,7.537653436884284e-05
external_v1_taillight_04_2cd31a6a70a8__clean__partial_match,external_v1_taillight_04_2cd31a6a70a8,external_audit/images/taillight/external_v1_1_taillight_04.jpg,taillight,lighting,headlight,lighting,This automotive part is a headlight.,clean,PARTIAL_MATCH,external_audit_v1,MATCH,False,0.6898142695426941,5,0.6898142695426941,0.03445926681160927,0.2757264971733093
external_v1_taillight_04_2cd31a6a70a8__natural__match,external_v1_taillight_04_2cd31a6a70a8,external_audit/images/taillight/external_v1_1_taillight_04.jpg,taillight,lighting,taillight,lighting,I need a rear tail lamp.,natural,MATCH,external_audit_v1,MISMATCH,False,0.4920041561126709,0,0.16415563225746155,0.4920041561126709,0.34384024143218994
external_v1_taillight_04_2cd31a6a70a8__natural__mismatch,external_v1_taillight_04_2cd31a6a70a8,external_audit/images/taillight/external_v1_1_taillight_04.jpg,taillight,lighting,ignition_coil,ignition_and_fuel,I need an ignition coil pack.,natural,MISMATCH,external_audit_v1,MATCH,False,0.5122499465942383,3,0.5122499465942383,0.487621009349823,0.00012907912605442107
external_v1_taillight_04_2cd31a6a70a8__natural__partial_match,external_v1_taillight_04_2cd31a6a70a8,external_audit/images/taillight/external_v1_1_taillight_04.jpg,taillight,lighting,headlight,lighting,I need a front headlamp.,natural,PARTIAL_MATCH,external_audit_v1,MISMATCH,False,0.4920041561126709,0,0.16415563225746155,0.4920041561126709,0.34384024143218994
external_v1_taillight_05_97b8ba099eec__clean__match,external_v1_taillight_05_97b8ba099eec,external_audit/images/taillight/external_v1_1_taillight_05.jpg,taillight,lighting,taillight,lighting,This automotive part is a taillight.,clean,MATCH,external_audit_v1,PARTIAL_MATCH,False,0.8079879283905029,5,0.1859607845544815,0.006051269359886646,0.8079879283905029
external_v1_taillight_05_97b8ba099eec__clean__mismatch,external_v1_taillight_05_97b8ba099eec,external_audit/images/taillight/external_v1_1_taillight_05.jpg,taillight,lighting,ignition_coil,ignition_and_fuel,This automotive part is an ignition coil.,clean,MISMATCH,external_audit_v1,MATCH,False,0.645371675491333,7,0.645371675491333,0.3539658486843109,0.0006624780944548547
external_v1_taillight_05_97b8ba099eec__clean__partial_match,external_v1_taillight_05_97b8ba099eec,external_audit/images/taillight/external_v1_1_taillight_05.jpg,taillight,lighting,headlight,lighting,This automotive part is a headlight.,clean,PARTIAL_MATCH,external_audit_v1,MATCH,False,0.9551032781600952,5,0.9551032781600952,0.0022312947548925877,0.04266546666622162
external_v1_taillight_05_97b8ba099eec__natural__match,external_v1_taillight_05_97b8ba099eec,external_audit/images/taillight/external_v1_1_taillight_05.jpg,taillight,lighting,taillight,lighting,I need a rear tail lamp.,natural,MATCH,external_audit_v1,MATCH,True,0.5179128646850586,0,0.5179128646850586,0.11766520887613297,0.36442190408706665
external_v1_taillight_05_97b8ba099eec__natural__mismatch,external_v1_taillight_05_97b8ba099eec,external_audit/images/taillight/external_v1_1_taillight_05.jpg,taillight,lighting,ignition_coil,ignition_and_fuel,I need an ignition coil pack.,natural,MISMATCH,external_audit_v1,MATCH,False,0.6140010356903076,3,0.6140010356903076,0.3849039077758789,0.0010950469877570868
external_v1_taillight_05_97b8ba099eec__natural__partial_match,external_v1_taillight_05_97b8ba099eec,external_audit/images/taillight/external_v1_1_taillight_05.jpg,taillight,lighting,headlight,lighting,I need a front headlamp.,natural,PARTIAL_MATCH,external_audit_v1,MATCH,False,0.5179128646850586,0,0.5179128646850586,0.11766520887613297,0.36442190408706665
external_v1_taillight_06_f36f9676225c__clean__match,external_v1_taillight_06_f36f9676225c,external_audit/images/taillight/external_v1_1_taillight_06.jpg,taillight,lighting,taillight,lighting,This automotive part is a taillight.,clean,MATCH,external_audit_v1,MATCH,True,0.9296532273292542,5,0.9296532273292542,0.05450689420104027,0.015839841216802597
external_v1_taillight_06_f36f9676225c__clean__mismatch,external_v1_taillight_06_f36f9676225c,external_audit/images/taillight/external_v1_1_taillight_06.jpg,taillight,lighting,ignition_coil,ignition_and_fuel,This automotive part is an ignition coil.,clean,MISMATCH,external_audit_v1,MATCH,False,0.8040039539337158,7,0.8040039539337158,0.194540873169899,0.0014552334323525429
external_v1_taillight_06_f36f9676225c__clean__partial_match,external_v1_taillight_06_f36f9676225c,external_audit/images/taillight/external_v1_1_taillight_06.jpg,taillight,lighting,headlight,lighting,This automotive part is a headlight.,clean,PARTIAL_MATCH,external_audit_v1,PARTIAL_MATCH,True,0.883590817451477,5,0.10703778266906738,0.00937136635184288,0.883590817451477
external_v1_taillight_06_f36f9676225c__natural__match,external_v1_taillight_06_f36f9676225c,external_audit/images/taillight/external_v1_1_taillight_06.jpg,taillight,lighting,taillight,lighting,I need a rear tail lamp.,natural,MATCH,external_audit_v1,MISMATCH,False,0.5911489129066467,0,0.13262060284614563,0.5911489129066467,0.27623045444488525
external_v1_taillight_06_f36f9676225c__natural__mismatch,external_v1_taillight_06_f36f9676225c,external_audit/images/taillight/external_v1_1_taillight_06.jpg,taillight,lighting,ignition_coil,ignition_and_fuel,I need an ignition coil pack.,natural,MISMATCH,external_audit_v1,MATCH,False,0.7685674428939819,3,0.7685674428939819,0.2290208488702774,0.0024115885607898235
external_v1_taillight_06_f36f9676225c__natural__partial_match,external_v1_taillight_06_f36f9676225c,external_audit/images/taillight/external_v1_1_taillight_06.jpg,taillight,lighting,headlight,lighting,I need a front headlamp.,natural,PARTIAL_MATCH,external_audit_v1,MISMATCH,False,0.5911489129066467,0,0.13262060284614563,0.5911489129066467,0.27623045444488525
external_v1_taillight_07_aa9e471e5f16__clean__match,external_v1_taillight_07_aa9e471e5f16,external_audit/images/taillight/external_v1_1_taillight_07.jpg,taillight,lighting,taillight,lighting,This automotive part is a taillight.,clean,MATCH,external_audit_v1,MATCH,True,0.9828345775604248,5,0.9828345775604248,0.007916877046227455,0.009248584508895874
external_v1_taillight_07_aa9e471e5f16__clean__mismatch,external_v1_taillight_07_aa9e471e5f16,external_audit/images/taillight/external_v1_1_taillight_07.jpg,taillight,lighting,ignition_coil,ignition_and_fuel,This automotive part is an ignition coil.,clean,MISMATCH,external_audit_v1,MATCH,False,0.9613654017448425,7,0.9613654017448425,0.03509046137332916,0.0035441643558442593
external_v1_taillight_07_aa9e471e5f16__clean__partial_match,external_v1_taillight_07_aa9e471e5f16,external_audit/images/taillight/external_v1_1_taillight_07.jpg,taillight,lighting,headlight,lighting,This automotive part is a headlight.,clean,PARTIAL_MATCH,external_audit_v1,PARTIAL_MATCH,True,0.6391633152961731,5,0.35191428661346436,0.008922459557652473,0.6391633152961731
external_v1_taillight_07_aa9e471e5f16__natural__match,external_v1_taillight_07_aa9e471e5f16,external_audit/images/taillight/external_v1_1_taillight_07.jpg,taillight,lighting,taillight,lighting,I need a rear tail lamp.,natural,MATCH,external_audit_v1,MATCH,True,0.5073151588439941,0,0.5073151588439941,0.21054738759994507,0.2821374833583832
external_v1_taillight_07_aa9e471e5f16__natural__mismatch,external_v1_taillight_07_aa9e471e5f16,external_audit/images/taillight/external_v1_1_taillight_07.jpg,taillight,lighting,ignition_coil,ignition_and_fuel,I need an ignition coil pack.,natural,MISMATCH,external_audit_v1,MATCH,False,0.9514645338058472,3,0.9514645338058472,0.04291951656341553,0.005615935195237398
external_v1_taillight_07_aa9e471e5f16__natural__partial_match,external_v1_taillight_07_aa9e471e5f16,external_audit/images/taillight/external_v1_1_taillight_07.jpg,taillight,lighting,headlight,lighting,I need a front headlamp.,natural,PARTIAL_MATCH,external_audit_v1,MATCH,False,0.507315456867218,0,0.507315456867218,0.2105473279953003,0.2821371853351593
external_v1_taillight_08_51c9beff9d5e__clean__match,external_v1_taillight_08_51c9beff9d5e,external_audit/images/taillight/external_v1_1_taillight_08.jpg,taillight,lighting,taillight,lighting,This automotive part is a taillight.,clean,MATCH,external_audit_v1,MATCH,True,0.6566769480705261,5,0.6566769480705261,0.2025851011276245,0.14073790609836578
external_v1_taillight_08_51c9beff9d5e__clean__mismatch,external_v1_taillight_08_51c9beff9d5e,external_audit/images/taillight/external_v1_1_taillight_08.jpg,taillight,lighting,ignition_coil,ignition_and_fuel,This automotive part is an ignition coil.,clean,MISMATCH,external_audit_v1,MATCH,False,0.9338000416755676,7,0.9338000416755676,0.0657278299331665,0.00047209017793647945
external_v1_taillight_08_51c9beff9d5e__clean__partial_match,external_v1_taillight_08_51c9beff9d5e,external_audit/images/taillight/external_v1_1_taillight_08.jpg,taillight,lighting,headlight,lighting,This automotive part is a headlight.,clean,PARTIAL_MATCH,external_audit_v1,PARTIAL_MATCH,True,0.4824398458003998,5,0.33619099855422974,0.1813691258430481,0.4824398458003998
external_v1_taillight_08_51c9beff9d5e__natural__match,external_v1_taillight_08_51c9beff9d5e,external_audit/images/taillight/external_v1_1_taillight_08.jpg,taillight,lighting,taillight,lighting,I need a rear tail lamp.,natural,MATCH,external_audit_v1,MISMATCH,False,0.5721704959869385,0,0.11300552636384964,0.5721704959869385,0.3148239254951477
external_v1_taillight_08_51c9beff9d5e__natural__mismatch,external_v1_taillight_08_51c9beff9d5e,external_audit/images/taillight/external_v1_1_taillight_08.jpg,taillight,lighting,ignition_coil,ignition_and_fuel,I need an ignition coil pack.,natural,MISMATCH,external_audit_v1,MATCH,False,0.908987283706665,3,0.908987283706665,0.09011460840702057,0.0008980704005807638
external_v1_taillight_08_51c9beff9d5e__natural__partial_match,external_v1_taillight_08_51c9beff9d5e,external_audit/images/taillight/external_v1_1_taillight_08.jpg,taillight,lighting,headlight,lighting,I need a front headlamp.,natural,PARTIAL_MATCH,external_audit_v1,MISMATCH,False,0.5721704959869385,0,0.11300552636384964,0.5721704959869385,0.3148239254951477
external_v1_taillight_09_ffae12ad21ab__clean__match,external_v1_taillight_09_ffae12ad21ab,external_audit/images/taillight/external_v1_1_taillight_09.jpg,taillight,lighting,taillight,lighting,This automotive part is a taillight.,clean,MATCH,external_audit_v1,MATCH,True,0.8204497694969177,5,0.8204497694969177,0.09576495736837387,0.08378534764051437
external_v1_taillight_09_ffae12ad21ab__clean__mismatch,external_v1_taillight_09_ffae12ad21ab,external_audit/images/taillight/external_v1_1_taillight_09.jpg,taillight,lighting,ignition_coil,ignition_and_fuel,This automotive part is an ignition coil.,clean,MISMATCH,external_audit_v1,MISMATCH,True,0.7308614253997803,7,0.25643616914749146,0.7308614253997803,0.01270237471908331
external_v1_taillight_09_ffae12ad21ab__clean__partial_match,external_v1_taillight_09_ffae12ad21ab,external_audit/images/taillight/external_v1_1_taillight_09.jpg,taillight,lighting,headlight,lighting,This automotive part is a headlight.,clean,PARTIAL_MATCH,external_audit_v1,PARTIAL_MATCH,True,0.5366124510765076,5,0.40139418840408325,0.06199339032173157,0.5366124510765076
external_v1_taillight_09_ffae12ad21ab__natural__match,external_v1_taillight_09_ffae12ad21ab,external_audit/images/taillight/external_v1_1_taillight_09.jpg,taillight,lighting,taillight,lighting,I need a rear tail lamp.,natural,MATCH,external_audit_v1,MATCH,True,0.43655386567115784,0,0.43655386567115784,0.12920686602592468,0.4342391788959503
external_v1_taillight_09_ffae12ad21ab__natural__mismatch,external_v1_taillight_09_ffae12ad21ab,external_audit/images/taillight/external_v1_1_taillight_09.jpg,taillight,lighting,ignition_coil,ignition_and_fuel,I need an ignition coil pack.,natural,MISMATCH,external_audit_v1,MISMATCH,True,0.7673709392547607,3,0.21738263964653015,0.7673709392547607,0.01524654682725668
external_v1_taillight_09_ffae12ad21ab__natural__partial_match,external_v1_taillight_09_ffae12ad21ab,external_audit/images/taillight/external_v1_1_taillight_09.jpg,taillight,lighting,headlight,lighting,I need a front headlamp.,natural,PARTIAL_MATCH,external_audit_v1,MATCH,False,0.43655386567115784,0,0.43655386567115784,0.12920686602592468,0.4342391788959503
external_v1_taillight_10_74786f3c9a07__clean__match,external_v1_taillight_10_74786f3c9a07,external_audit/images/taillight/external_v1_1_taillight_10.jpg,taillight,lighting,taillight,lighting,This automotive part is a taillight.,clean,MATCH,external_audit_v1,MATCH,True,0.794573187828064,5,0.794573187828064,0.016684481874108315,0.18874230980873108
external_v1_taillight_10_74786f3c9a07__clean__mismatch,external_v1_taillight_10_74786f3c9a07,external_audit/images/taillight/external_v1_1_taillight_10.jpg,taillight,lighting,ignition_coil,ignition_and_fuel,This automotive part is an ignition coil.,clean,MISMATCH,external_audit_v1,MATCH,False,0.5996175408363342,7,0.5996175408363342,0.40012127161026,0.00026120024267584085
external_v1_taillight_10_74786f3c9a07__clean__partial_match,external_v1_taillight_10_74786f3c9a07,external_audit/images/taillight/external_v1_1_taillight_10.jpg,taillight,lighting,headlight,lighting,This automotive part is a headlight.,clean,PARTIAL_MATCH,external_audit_v1,MATCH,False,0.7642563581466675,5,0.7642563581466675,0.014880149625241756,0.2208634614944458
external_v1_taillight_10_74786f3c9a07__natural__match,external_v1_taillight_10_74786f3c9a07,external_audit/images/taillight/external_v1_1_taillight_10.jpg,taillight,lighting,taillight,lighting,I need a rear tail lamp.,natural,MATCH,external_audit_v1,MISMATCH,False,0.49747130274772644,0,0.2599862217903137,0.49747130274772644,0.2425425499677658
external_v1_taillight_10_74786f3c9a07__natural__mismatch,external_v1_taillight_10_74786f3c9a07,external_audit/images/taillight/external_v1_1_taillight_10.jpg,taillight,lighting,ignition_coil,ignition_and_fuel,I need an ignition coil pack.,natural,MISMATCH,external_audit_v1,MATCH,False,0.5368402600288391,3,0.5368402600288391,0.4626898765563965,0.00046983701759018004
external_v1_taillight_10_74786f3c9a07__natural__partial_match,external_v1_taillight_10_74786f3c9a07,external_audit/images/taillight/external_v1_1_taillight_10.jpg,taillight,lighting,headlight,lighting,I need a front headlamp.,natural,PARTIAL_MATCH,external_audit_v1,MISMATCH,False,0.49747130274772644,0,0.25998619198799133,0.49747130274772644,0.24254253506660461
