image_id,image_group_id,part_category,split,rank_within_category,image_path,sha256,source_dataset,source_dataset_root,source_split_ignored,split_seed
kaggle_afd95f276af3bb7d,kaggle50:alternator:kaggle_afd95f276af3bb7d,alternator,test,1,data/locked_test/dataset_v3/images/alternator/alternator_test_001_afd95f276af3bb7d.jpg,afd95f276af3bb7d25a85ab18cd7bfae3288a8a505200ec42b4782f9987de303,gpiosenka/car-parts-40-classes,car parts 50,train,dataset-v3-split-v1
kaggle_53dafd46cb928e3a,kaggle50:alternator:kaggle_53dafd46cb928e3a,alternator,test,2,data/locked_test/dataset_v3/images/alternator/alternator_test_002_53dafd46cb928e3a.jpg,53dafd46cb928e3add69532e89f1183665dccbc8092f316dc993ccd8a9abdf66,gpiosenka/car-parts-40-classes,car parts 50,train,dataset-v3-split-v1
kaggle_2794aaabc40321aa,kaggle50:alternator:kaggle_2794aaabc40321aa,alternator,test,3,data/locked_test/dataset_v3/images/alternator/alternator_test_003_2794aaabc40321aa.jpg,2794aaabc40321aafecb002205b212d565a734d74405a7d663376e05943e3c82,gpiosenka/car-parts-40-classes,car parts 50,train,dataset-v3-split-v1
kaggle_bfb098683a94f653,kaggle50:alternator:kaggle_bfb098683a94f653,alternator,test,4,data/locked_test/dataset_v3/images/alternator/alternator_test_004_bfb098683a94f653.jpg,bfb098683a94f653d1fb462b933466490c1ec99a65cc84deb886b7ec7f211b05,gpiosenka/car-parts-40-classes,car parts 50,train,dataset-v3-split-v1
kaggle_a1101f0bfd35376b,kaggle50:alternator:kaggle_a1101f0bfd35376b,alternator,test,5,data/locked_test/dataset_v3/images/alternator/alternator_test_005_a1101f0bfd35376b.jpg,a1101f0bfd35376b1cb86928c1dda5c231275dff329f9f55edd790f7a1cfb5dd,gpiosenka/car-parts-40-classes,car parts 50,train,dataset-v3-split-v1
kaggle_e88614c7a7c36a07,kaggle50:alternator:kaggle_e88614c7a7c36a07,alternator,test,6,data/locked_test/dataset_v3/images/alternator/alternator_test_006_e88614c7a7c36a07.jpg,e88614c7a7c36a0745a1811028643b5faf534a4e02d57f82199e5f0c99e497af,gpiosenka/car-parts-40-classes,car parts 50,train,dataset-v3-split-v1
kaggle_87d2d0ea0064d8c1,kaggle50:alternator:kaggle_87d2d0ea0064d8c1,alternator,test,7,data/locked_test/dataset_v3/images/alternator/alternator_test_007_87d2d0ea0064d8c1.jpg,87d2d0ea0064d8c1963f7f6f6237ff6f0bee52313ca6de9725ebf27ea4ba25d0,gpiosenka/car-parts-40-classes,car parts 50,train,dataset-v3-split-v1
kaggle_6bde879f2a21b42a,kaggle50:alternator:kaggle_6bde879f2a21b42a,alternator,test,8,data/locked_test/dataset_v3/images/alternator/alternator_test_008_6bde879f2a21b42a.jpg,6bde879f2a21b42ac3e06d075c00b52544cc5b13758ed6b6a90d0c140f68ab1d,gpiosenka/car-parts-40-classes,car parts 50,train,dataset-v3-split-v1
kaggle_2ffc7f006fc48e9e,kaggle50:alternator:kaggle_2ffc7f006fc48e9e,alternator,test,9,data/locked_test/dataset_v3/images/alternator/alternator_test_009_2ffc7f006fc48e9e.jpg,2ffc7f006fc48e9e4163c4347f5a3484f2fa1b211b0716e2a7058f6d4db02fbd,gpiosenka/car-parts-40-classes,car parts 50,train,dataset-v3-split-v1
kaggle_8328d1847701fa3d,kaggle50:alternator:kaggle_8328d1847701fa3d,alternator,test,10,data/locked_test/dataset_v3/images/alternator/alternator_test_010_8328d1847701fa3d.jpg,8328d1847701fa3d072d1a38bb585fd3bd149179e63e6e5ca06ee9a30ad66e51,gpiosenka/car-parts-40-classes,car parts 50,train,dataset-v3-split-v1
kaggle_f7b48bab65190bfb,kaggle50:brake_disc:kaggle_f7b48bab65190bfb,brake_disc,test,1,data/locked_test/dataset_v3/images/brake_disc/brake_disc_test_001_f7b48bab65190bfb.jpg,f7b48bab65190bfb634915d2b8a6097b3b471ada5f8fad021233fe9b4f2f3e01,gpiosenka/car-parts-40-classes,car parts 50,train,dataset-v3-split-v1
kaggle_3daceab8eae4bc5f,kaggle50:brake_disc:kaggle_3daceab8eae4bc5f,brake_disc,test,2,data/locked_test/dataset_v3/images/brake_disc/brake_disc_test_002_3daceab8eae4bc5f.jpg,3daceab8eae4bc5f760df47aa3d32e10a769efb81b744827916dee1c04c50a19,gpiosenka/car-parts-40-classes,car parts 50,train,dataset-v3-split-v1
kaggle_386dabe6bfa63bd6,kaggle50:brake_disc:kaggle_386dabe6bfa63bd6,brake_disc,test,3,data/locked_test/dataset_v3/images/brake_disc/brake_disc_test_003_386dabe6bfa63bd6.jpg,386dabe6bfa63bd658b9f197940868adbf920cad92871d68cd83cae4efdedeb2,gpiosenka/car-parts-40-classes,car parts 50,train,dataset-v3-split-v1
kaggle_ca84654b256c6161,kaggle50:brake_disc:kaggle_ca84654b256c6161,brake_disc,test,4,data/locked_test/dataset_v3/images/brake_disc/brake_disc_test_004_ca84654b256c6161.jpg,ca84654b256c61613be97db1a2bd01480530567dcdd493046161ea5ea602ba65,gpiosenka/car-parts-40-classes,car parts 50,train,dataset-v3-split-v1
kaggle_9d745cfc2e3b4a17,kaggle50:brake_disc:kaggle_9d745cfc2e3b4a17,brake_disc,test,5,data/locked_test/dataset_v3/images/brake_disc/brake_disc_test_005_9d745cfc2e3b4a17.jpg,9d745cfc2e3b4a17330e6b136757073d91d73c8d7f1872dcae0f35f5a5d0204b,gpiosenka/car-parts-40-classes,car parts 50,train,dataset-v3-split-v1
kaggle_65cf2186d4a5c527,kaggle50:brake_disc:kaggle_65cf2186d4a5c527,brake_disc,test,6,data/locked_test/dataset_v3/images/brake_disc/brake_disc_test_006_65cf2186d4a5c527.jpg,65cf2186d4a5c52750d79f40f587f77b9c13757b3d29a4f55662fe3a6ad78a77,gpiosenka/car-parts-40-classes,car parts 50,test,dataset-v3-split-v1
kaggle_0c31e6ce13e74926,kaggle50:brake_disc:kaggle_0c31e6ce13e74926,brake_disc,test,7,data/locked_test/dataset_v3/images/brake_disc/brake_disc_test_007_0c31e6ce13e74926.jpg,0c31e6ce13e749263aa11fce3fd7c1a1a415b282602b178aa1c4ee8c3cdf1dfc,gpiosenka/car-parts-40-classes,car parts 50,train,dataset-v3-split-v1
kaggle_9561cc8d1347f616,kaggle50:brake_disc:kaggle_9561cc8d1347f616,brake_disc,test,8,data/locked_test/dataset_v3/images/brake_disc/brake_disc_test_008_9561cc8d1347f616.jpg,9561cc8d1347f6167e2bddd7ad1b0dbaaa12ee9ba1d44f84436dc43c045c4be1,gpiosenka/car-parts-40-classes,car parts 50,train,dataset-v3-split-v1
kaggle_596ea0f7a12db001,kaggle50:brake_disc:kaggle_596ea0f7a12db001,brake_disc,test,9,data/locked_test/dataset_v3/images/brake_disc/brake_disc_test_009_596ea0f7a12db001.jpg,596ea0f7a12db001081356604009ed3d09781ef9d1a92d599ec641daa98a33b3,gpiosenka/car-parts-40-classes,car parts 50,train,dataset-v3-split-v1
kaggle_8cf8f79b4e754446,kaggle50:brake_disc:kaggle_8cf8f79b4e754446,brake_disc,test,10,data/locked_test/dataset_v3/images/brake_disc/brake_disc_test_010_8cf8f79b4e754446.jpg,8cf8f79b4e7544464bff140130276791c060a2a14d5ab154c0b2108ac15ad8c5,gpiosenka/car-parts-40-classes,car parts 50,train,dataset-v3-split-v1
kaggle_3178c85470aa6963,kaggle50:brake_pad:kaggle_3178c85470aa6963,brake_pad,test,1,data/locked_test/dataset_v3/images/brake_pad/brake_pad_test_001_3178c85470aa6963.jpg,3178c85470aa6963480fdf9424c7873802300642ef8df382934127e4a573a90e,gpiosenka/car-parts-40-classes,car parts 50,train,dataset-v3-split-v1
kaggle_0b3ec66a89b5fbe1,kaggle50:brake_pad:kaggle_0b3ec66a89b5fbe1,brake_pad,test,2,data/locked_test/dataset_v3/images/brake_pad/brake_pad_test_002_0b3ec66a89b5fbe1.jpg,0b3ec66a89b5fbe1336af39cd65c2301798e6f2fdb335b74d46b0f40dcf079d0,gpiosenka/car-parts-40-classes,car parts 50,train,dataset-v3-split-v1
kaggle_1214a4f476a023ee,kaggle50:brake_pad:kaggle_1214a4f476a023ee,brake_pad,test,3,data/locked_test/dataset_v3/images/brake_pad/brake_pad_test_003_1214a4f476a023ee.jpg,1214a4f476a023eeaff0541f29edd9b4dc9a36ad64ac8996637401ff6ea94acb,gpiosenka/car-parts-40-classes,car parts 50,train,dataset-v3-split-v1
kaggle_bfb90f6f428a393f,kaggle50:brake_pad:kaggle_bfb90f6f428a393f,brake_pad,test,4,data/locked_test/dataset_v3/images/brake_pad/brake_pad_test_004_bfb90f6f428a393f.jpg,bfb90f6f428a393f473c6c2a4636cc30d13157569e2f23e5f2306cbe8af2a798,gpiosenka/car-parts-40-classes,car parts 50,test,dataset-v3-split-v1
kaggle_bba0d7682794c697,kaggle50:brake_pad:kaggle_bba0d7682794c697,brake_pad,test,5,data/locked_test/dataset_v3/images/brake_pad/brake_pad_test_005_bba0d7682794c697.jpg,bba0d7682794c69703a811e82a2150ef8090e02edd07f7e8899f078a1b0ff731,gpiosenka/car-parts-40-classes,car parts 50,train,dataset-v3-split-v1
kaggle_3d16f7513d038879,kaggle50:brake_pad:kaggle_3d16f7513d038879,brake_pad,test,6,data/locked_test/dataset_v3/images/brake_pad/brake_pad_test_006_3d16f7513d038879.jpg,3d16f7513d0388795cb0ae188dfed7d1f4347d7e97fa023275bb49cbd0f9a2e0,gpiosenka/car-parts-40-classes,car parts 50,train,dataset-v3-split-v1
kaggle_86c96d7d232c214c,kaggle50:brake_pad:kaggle_86c96d7d232c214c,brake_pad,test,7,data/locked_test/dataset_v3/images/brake_pad/brake_pad_test_007_86c96d7d232c214c.jpg,86c96d7d232c214c6f0fe5b689712b571e8efded133f2a6809b1ecc68394de35,gpiosenka/car-parts-40-classes,car parts 50,train,dataset-v3-split-v1
kaggle_52d36d907755b1a8,kaggle50:brake_pad:kaggle_52d36d907755b1a8,brake_pad,test,8,data/locked_test/dataset_v3/images/brake_pad/brake_pad_test_008_52d36d907755b1a8.jpg,52d36d907755b1a8f17e2600bf08ad43fe89a0f038d77aed527f14dd74cd0350,gpiosenka/car-parts-40-classes,car parts 50,train,dataset-v3-split-v1
kaggle_7d62eb5eb0a67663,kaggle50:brake_pad:kaggle_7d62eb5eb0a67663,brake_pad,test,9,data/locked_test/dataset_v3/images/brake_pad/brake_pad_test_009_7d62eb5eb0a67663.jpg,7d62eb5eb0a676636c060af62840aef17ee6ae8c46460886de4e5e714e9a0971,gpiosenka/car-parts-40-classes,car parts 50,train,dataset-v3-split-v1
kaggle_a100e03da22f0d53,kaggle50:brake_pad:kaggle_a100e03da22f0d53,brake_pad,test,10,data/locked_test/dataset_v3/images/brake_pad/brake_pad_test_010_a100e03da22f0d53.jpg,a100e03da22f0d530b9eefb1ded93ab61cc6793d7c9265c412c05d03313eed98,gpiosenka/car-parts-40-classes,car parts 50,train,dataset-v3-split-v1
kaggle_cf96aa825fed29e1,kaggle50:coil_spring:kaggle_cf96aa825fed29e1,coil_spring,test,1,data/locked_test/dataset_v3/images/coil_spring/coil_spring_test_001_cf96aa825fed29e1.jpg,cf96aa825fed29e19bf01564bc130d7bad900d5245d47af63528a746ce3c9e10,gpiosenka/car-parts-40-classes,car parts 50,train,dataset-v3-split-v1
kaggle_667e6aaca4eea223,kaggle50:coil_spring:kaggle_667e6aaca4eea223,coil_spring,test,2,data/locked_test/dataset_v3/images/coil_spring/coil_spring_test_002_667e6aaca4eea223.jpg,667e6aaca4eea223ce2cd83cc34c1337f13bc61dfee00201fc3adede1199b084,gpiosenka/car-parts-40-classes,car parts 50,train,dataset-v3-split-v1
kaggle_9e747aab053ee1e7,kaggle50:coil_spring:kaggle_9e747aab053ee1e7,coil_spring,test,3,data/locked_test/dataset_v3/images/coil_spring/coil_spring_test_003_9e747aab053ee1e7.jpg,9e747aab053ee1e7e883b31702e3d4324f62ad0610924cb3b92cbaf44653e02b,gpiosenka/car-parts-40-classes,car parts 50,train,dataset-v3-split-v1
kaggle_7939176f086bb12d,kaggle50:coil_spring:kaggle_7939176f086bb12d,coil_spring,test,4,data/locked_test/dataset_v3/images/coil_spring/coil_spring_test_004_7939176f086bb12d.jpg,7939176f086bb12d037ccce7e793e5c0e177c351c263b0869f41765e4f5e807f,gpiosenka/car-parts-40-classes,car parts 50,train,dataset-v3-split-v1
kaggle_3615ecf7cac4319a,kaggle50:coil_spring:kaggle_3615ecf7cac4319a,coil_spring,test,5,data/locked_test/dataset_v3/images/coil_spring/coil_spring_test_005_3615ecf7cac4319a.jpg,3615ecf7cac4319aa179f88af3c8a8c46e2441ba6e2625a104c0f13795a8008a,gpiosenka/car-parts-40-classes,car parts 50,train,dataset-v3-split-v1
kaggle_4e0ec451b7dee4c0,kaggle50:coil_spring:kaggle_4e0ec451b7dee4c0,coil_spring,test,6,data/locked_test/dataset_v3/images/coil_spring/coil_spring_test_006_4e0ec451b7dee4c0.jpg,4e0ec451b7dee4c0123b59886e1896dfad1f6177452f2835e529e01cae36b102,gpiosenka/car-parts-40-classes,car parts 50,train,dataset-v3-split-v1
kaggle_188da408b91a359e,kaggle50:coil_spring:kaggle_188da408b91a359e,coil_spring,test,7,data/locked_test/dataset_v3/images/coil_spring/coil_spring_test_007_188da408b91a359e.jpg,188da408b91a359efac67054127fc26306655f6db7102df4be72b1b5c36fd72b,gpiosenka/car-parts-40-classes,car parts 50,train,dataset-v3-split-v1
kaggle_b2010a4eabcf84ae,kaggle50:coil_spring:kaggle_b2010a4eabcf84ae,coil_spring,test,8,data/locked_test/dataset_v3/images/coil_spring/coil_spring_test_008_b2010a4eabcf84ae.jpg,b2010a4eabcf84aefbe55d3bf734b4216add8988cdc8990801930d74dcb4bed6,gpiosenka/car-parts-40-classes,car parts 50,train,dataset-v3-split-v1
kaggle_c41b93d7fd86819d,kaggle50:coil_spring:kaggle_c41b93d7fd86819d,coil_spring,test,9,data/locked_test/dataset_v3/images/coil_spring/coil_spring_test_009_c41b93d7fd86819d.jpg,c41b93d7fd86819d0829697bc06bc0dedcef3c323c6acb2e7d3e51b57e72d019,gpiosenka/car-parts-40-classes,car parts 50,train,dataset-v3-split-v1
kaggle_7bf7ec55c9265969,kaggle50:coil_spring:kaggle_7bf7ec55c9265969,coil_spring,test,10,data/locked_test/dataset_v3/images/coil_spring/coil_spring_test_010_7bf7ec55c9265969.jpg,7bf7ec55c926596975cecebabfc96c701f18d0ab04cc72d9c76763a5400fe506,gpiosenka/car-parts-40-classes,car parts 50,train,dataset-v3-split-v1
kaggle_507b90c5be8ee2c5,kaggle50:headlight:kaggle_507b90c5be8ee2c5,headlight,test,1,data/locked_test/dataset_v3/images/headlight/headlight_test_001_507b90c5be8ee2c5.jpg,507b90c5be8ee2c53a7d7c76191759896ff4d87b3c062ea13bcb3514ae72c6e6,gpiosenka/car-parts-40-classes,car parts 50,train,dataset-v3-split-v1
kaggle_5cac8199f3e1d86d,kaggle50:headlight:kaggle_5cac8199f3e1d86d,headlight,test,2,data/locked_test/dataset_v3/images/headlight/headlight_test_002_5cac8199f3e1d86d.jpg,5cac8199f3e1d86d5cbc9b0d59f81fe13fec45cdb773ee69130ecd404c6566cd,gpiosenka/car-parts-40-classes,car parts 50,train,dataset-v3-split-v1
kaggle_71cc8c19764449b2,kaggle50:headlight:kaggle_71cc8c19764449b2,headlight,test,3,data/locked_test/dataset_v3/images/headlight/headlight_test_003_71cc8c19764449b2.jpg,71cc8c19764449b2d5e4600953585b53e9f3b66661080e3c155741554aea56f6,gpiosenka/car-parts-40-classes,car parts 50,train,dataset-v3-split-v1
kaggle_323d816d8ca5f2a4,kaggle50:headlight:kaggle_323d816d8ca5f2a4,headlight,test,4,data/locked_test/dataset_v3/images/headlight/headlight_test_004_323d816d8ca5f2a4.jpg,323d816d8ca5f2a497913c44a17c0c9bfb11ed62272b67fe5e98b937bee708d7,gpiosenka/car-parts-40-classes,car parts 50,train,dataset-v3-split-v1
kaggle_92c81587cf661b14,kaggle50:headlight:kaggle_92c81587cf661b14,headlight,test,5,data/locked_test/dataset_v3/images/headlight/headlight_test_005_92c81587cf661b14.jpg,92c81587cf661b141317447a83be37ce400ba25f9f3322b065e11207b3027014,gpiosenka/car-parts-40-classes,car parts 50,train,dataset-v3-split-v1
kaggle_dc13a518bbf49cc3,kaggle50:headlight:kaggle_dc13a518bbf49cc3,headlight,test,6,data/locked_test/dataset_v3/images/headlight/headlight_test_006_dc13a518bbf49cc3.jpg,dc13a518bbf49cc3ac16b8820fa168f361ef022f8302f89b058133d0775881bd,gpiosenka/car-parts-40-classes,car parts 50,train,dataset-v3-split-v1
kaggle_9a74503819bac42d,kaggle50:headlight:kaggle_9a74503819bac42d,headlight,test,7,data/locked_test/dataset_v3/images/headlight/headlight_test_007_9a74503819bac42d.jpg,9a74503819bac42d2aea24d81ba9c7e63a5a1048d336a632170321398e67e378,gpiosenka/car-parts-40-classes,car parts 50,train,dataset-v3-split-v1
kaggle_7373d8c851c113b7,kaggle50:headlight:kaggle_7373d8c851c113b7,headlight,test,8,data/locked_test/dataset_v3/images/headlight/headlight_test_008_7373d8c851c113b7.jpg,7373d8c851c113b79ecc63289b15babee9acb4c8bff04bede67c61b64bc9359e,gpiosenka/car-parts-40-classes,car parts 50,train,dataset-v3-split-v1
kaggle_c8836bb04e351d60,kaggle50:headlight:kaggle_c8836bb04e351d60,headlight,test,9,data/locked_test/dataset_v3/images/headlight/headlight_test_009_c8836bb04e351d60.jpg,c8836bb04e351d606fea24ca1182500b020d4dadac2ed979f7de6ad42b90fe1a,gpiosenka/car-parts-40-classes,car parts 50,train,dataset-v3-split-v1
kaggle_eb6bd2f07f959b71,kaggle50:headlight:kaggle_eb6bd2f07f959b71,headlight,test,10,data/locked_test/dataset_v3/images/headlight/headlight_test_010_eb6bd2f07f959b71.jpg,eb6bd2f07f959b713fc4c7d57d7805194144b8900b82d6d1553d6f269fc31217,gpiosenka/car-parts-40-classes,car parts 50,train,dataset-v3-split-v1
kaggle_89ba135a5d1f7851,kaggle50:oil_filter:kaggle_89ba135a5d1f7851,oil_filter,test,1,data/locked_test/dataset_v3/images/oil_filter/oil_filter_test_001_89ba135a5d1f7851.jpg,89ba135a5d1f785175904cfb42a3eaa0a4124213eeba8b8f0d4b4b686011e69d,gpiosenka/car-parts-40-classes,car parts 50,train,dataset-v3-split-v1
kaggle_c46a75c56bef424a,kaggle50:oil_filter:kaggle_c46a75c56bef424a,oil_filter,test,2,data/locked_test/dataset_v3/images/oil_filter/oil_filter_test_002_c46a75c56bef424a.jpg,c46a75c56bef424ab9f63b7d0e06e88ea5dabd8d32c60bef42b42c697dddbc03,gpiosenka/car-parts-40-classes,car parts 50,train,dataset-v3-split-v1
kaggle_c3b9926ea47d4286,kaggle50:oil_filter:kaggle_c3b9926ea47d4286,oil_filter,test,3,data/locked_test/dataset_v3/images/oil_filter/oil_filter_test_003_c3b9926ea47d4286.jpg,c3b9926ea47d4286ca7c7c2a26bf86694257d1cdedc3edf4de9015e271a34223,gpiosenka/car-parts-40-classes,car parts 50,train,dataset-v3-split-v1
kaggle_a8d7cce7bb542c31,kaggle50:oil_filter:kaggle_a8d7cce7bb542c31,oil_filter,test,4,data/locked_test/dataset_v3/images/oil_filter/oil_filter_test_004_a8d7cce7bb542c31.jpg,a8d7cce7bb542c31248b9ea18e08ed399501f6363dce0eae6304bd465648bfbd,gpiosenka/car-parts-40-classes,car parts 50,train,dataset-v3-split-v1
kaggle_a04c3ee2b49093e6,kaggle50:oil_filter:kaggle_a04c3ee2b49093e6,oil_filter,test,5,data/locked_test/dataset_v3/images/oil_filter/oil_filter_test_005_a04c3ee2b49093e6.jpg,a04c3ee2b49093e63e114b91a694ff18b1e13daad2c2d661c694cf44ccfccbd1,gpiosenka/car-parts-40-classes,car parts 50,train,dataset-v3-split-v1
kaggle_d037f999f061f557,kaggle50:oil_filter:kaggle_d037f999f061f557,oil_filter,test,6,data/locked_test/dataset_v3/images/oil_filter/oil_filter_test_006_d037f999f061f557.jpg,d037f999f061f557beefe8f4c049dfe937fd443c4b81433d0be38720024ee41a,gpiosenka/car-parts-40-classes,car parts 50,train,dataset-v3-split-v1
kaggle_151182696087d49a,kaggle50:oil_filter:kaggle_151182696087d49a,oil_filter,test,7,data/locked_test/dataset_v3/images/oil_filter/oil_filter_test_007_151182696087d49a.jpg,151182696087d49a36f8717a179f99d3720b7e2235268abf55a351a093e40a57,gpiosenka/car-parts-40-classes,car parts 50,train,dataset-v3-split-v1
kaggle_deb8c591a93c461d,kaggle50:oil_filter:kaggle_deb8c591a93c461d,oil_filter,test,8,data/locked_test/dataset_v3/images/oil_filter/oil_filter_test_008_deb8c591a93c461d.jpg,deb8c591a93c461dd35cda4fb3d510397b81a360dc5910e8fd4b84b1a7bf6aae,gpiosenka/car-parts-40-classes,car parts 50,train,dataset-v3-split-v1
kaggle_c8dc12c1b0bef8e0,kaggle50:oil_filter:kaggle_c8dc12c1b0bef8e0,oil_filter,test,9,data/locked_test/dataset_v3/images/oil_filter/oil_filter_test_009_c8dc12c1b0bef8e0.jpg,c8dc12c1b0bef8e08fc67e6509263112079c3925663144e9d99be096968e65c4,gpiosenka/car-parts-40-classes,car parts 50,train,dataset-v3-split-v1
kaggle_ac235f663c5faa4d,kaggle50:oil_filter:kaggle_ac235f663c5faa4d,oil_filter,test,10,data/locked_test/dataset_v3/images/oil_filter/oil_filter_test_010_ac235f663c5faa4d.jpg,ac235f663c5faa4d26f92cca4bb24622118aeabc2de84321c2fcaf66fb146f6e,gpiosenka/car-parts-40-classes,car parts 50,train,dataset-v3-split-v1
kaggle_8cab1c9948c2d7cb,kaggle50:starter:kaggle_8cab1c9948c2d7cb,starter,test,1,data/locked_test/dataset_v3/images/starter/starter_test_001_8cab1c9948c2d7cb.jpg,8cab1c9948c2d7cbf50021c0798773567c88c6289a6056650d4542b618740b3b,gpiosenka/car-parts-40-classes,car parts 50,train,dataset-v3-split-v1
kaggle_0b4083ea2e527985,kaggle50:starter:kaggle_0b4083ea2e527985,starter,test,2,data/locked_test/dataset_v3/images/starter/starter_test_002_0b4083ea2e527985.jpg,0b4083ea2e527985f709cab142af44c4db1661ebd75dd87f65e1a3ad0ff5af59,gpiosenka/car-parts-40-classes,car parts 50,train,dataset-v3-split-v1
kaggle_30ad312eec980b7e,kaggle50:starter:kaggle_30ad312eec980b7e,starter,test,3,data/locked_test/dataset_v3/images/starter/starter_test_003_30ad312eec980b7e.jpg,30ad312eec980b7ebe91ddc60110434fec9ab2978ae813b5b12d24070909f1a7,gpiosenka/car-parts-40-classes,car parts 50,train,dataset-v3-split-v1
kaggle_f0d8bb82c7e2757b,kaggle50:starter:kaggle_f0d8bb82c7e2757b,starter,test,4,data/locked_test/dataset_v3/images/starter/starter_test_004_f0d8bb82c7e2757b.jpg,f0d8bb82c7e2757b881c2111d0021aeda5dc39f9054b37484757d4e76c65e136,gpiosenka/car-parts-40-classes,car parts 50,train,dataset-v3-split-v1
kaggle_4d9ec32d616fc528,kaggle50:starter:kaggle_4d9ec32d616fc528,starter,test,5,data/locked_test/dataset_v3/images/starter/starter_test_005_4d9ec32d616fc528.jpg,4d9ec32d616fc5283e4376677c6d6ebf65d1f4df0a25283084e52edcc5dc6d24,gpiosenka/car-parts-40-classes,car parts 50,train,dataset-v3-split-v1
kaggle_37d2d9fe96e9c57e,kaggle50:starter:kaggle_37d2d9fe96e9c57e,starter,test,6,data/locked_test/dataset_v3/images/starter/starter_test_006_37d2d9fe96e9c57e.jpg,37d2d9fe96e9c57ef7cd3ddb562a292569493b57683a4b20549fe5bbcc26f9b9,gpiosenka/car-parts-40-classes,car parts 50,train,dataset-v3-split-v1
kaggle_d05aa3ef69a6c48b,kaggle50:starter:kaggle_d05aa3ef69a6c48b,starter,test,7,data/locked_test/dataset_v3/images/starter/starter_test_007_d05aa3ef69a6c48b.jpg,d05aa3ef69a6c48b0745f84ce9bd2badef16e2172ec0e66ea1bdbe2926efbdf2,gpiosenka/car-parts-40-classes,car parts 50,train,dataset-v3-split-v1
kaggle_102483c6e9760fc9,kaggle50:starter:kaggle_102483c6e9760fc9,starter,test,8,data/locked_test/dataset_v3/images/starter/starter_test_008_102483c6e9760fc9.jpg,102483c6e9760fc91bf8b23bb1bbcb68f4878f41c933b27b1026406964c58394,gpiosenka/car-parts-40-classes,car parts 50,train,dataset-v3-split-v1
kaggle_40476c1217bcbd19,kaggle50:starter:kaggle_40476c1217bcbd19,starter,test,9,data/locked_test/dataset_v3/images/starter/starter_test_009_40476c1217bcbd19.jpg,40476c1217bcbd19dfe2e76a0ff8e41c99df192010c15089452f4da28839e795,gpiosenka/car-parts-40-classes,car parts 50,train,dataset-v3-split-v1
kaggle_6fd88d134770f35c,kaggle50:starter:kaggle_6fd88d134770f35c,starter,test,10,data/locked_test/dataset_v3/images/starter/starter_test_010_6fd88d134770f35c.jpg,6fd88d134770f35cf9ddd85ed355787105c851018963df86eaa7a1f34e183a1e,gpiosenka/car-parts-40-classes,car parts 50,train,dataset-v3-split-v1
kaggle_7c99aaf73bde3b54,kaggle50:taillight:kaggle_7c99aaf73bde3b54,taillight,test,1,data/locked_test/dataset_v3/images/taillight/taillight_test_001_7c99aaf73bde3b54.jpg,7c99aaf73bde3b54288bfaed829e37a4bdb0d2e0f8c80cf9a8ce97e0689aa142,gpiosenka/car-parts-40-classes,car parts 50,train,dataset-v3-split-v1
kaggle_73366fc0648843f9,kaggle50:taillight:kaggle_73366fc0648843f9,taillight,test,2,data/locked_test/dataset_v3/images/taillight/taillight_test_002_73366fc0648843f9.jpg,73366fc0648843f98f5f2e5d7bea3fe81b0adb0225ee507efd396cf17541fd97,gpiosenka/car-parts-40-classes,car parts 50,train,dataset-v3-split-v1
kaggle_a84efa951af95df2,kaggle50:taillight:kaggle_a84efa951af95df2,taillight,test,3,data/locked_test/dataset_v3/images/taillight/taillight_test_003_a84efa951af95df2.jpg,a84efa951af95df28e07b6885f7adb4f3674dc20129f572fb2913b21e6165d50,gpiosenka/car-parts-40-classes,car parts 50,train,dataset-v3-split-v1
kaggle_11b3ab1f305e317f,kaggle50:taillight:kaggle_11b3ab1f305e317f,taillight,test,4,data/locked_test/dataset_v3/images/taillight/taillight_test_004_11b3ab1f305e317f.jpg,11b3ab1f305e317f881226530e258ff0f84e0108d8b012d503002f0e86490fea,gpiosenka/car-parts-40-classes,car parts 50,train,dataset-v3-split-v1
kaggle_c09a97f8669afe0f,kaggle50:taillight:kaggle_c09a97f8669afe0f,taillight,test,5,data/locked_test/dataset_v3/images/taillight/taillight_test_005_c09a97f8669afe0f.jpg,c09a97f8669afe0f70e19b06b445ed1fc0b5c27bc36cdd181ea885a70dbab3c8,gpiosenka/car-parts-40-classes,car parts 50,train,dataset-v3-split-v1
kaggle_9e1f2c1cf04b0a86,kaggle50:taillight:kaggle_9e1f2c1cf04b0a86,taillight,test,6,data/locked_test/dataset_v3/images/taillight/taillight_test_006_9e1f2c1cf04b0a86.jpg,9e1f2c1cf04b0a864dd923d93b2267fc13538f21b2d28f78ea8427005d3f408e,gpiosenka/car-parts-40-classes,car parts 50,train,dataset-v3-split-v1
kaggle_470de5097db60737,kaggle50:taillight:kaggle_470de5097db60737,taillight,test,7,data/locked_test/dataset_v3/images/taillight/taillight_test_007_470de5097db60737.jpg,470de5097db60737164524bd901980c17aea8143f777f90c2c10d776490cb475,gpiosenka/car-parts-40-classes,car parts 50,train,dataset-v3-split-v1
kaggle_4e09a54de0bf5e01,kaggle50:taillight:kaggle_4e09a54de0bf5e01,taillight,test,8,data/locked_test/dataset_v3/images/taillight/taillight_test_008_4e09a54de0bf5e01.jpg,4e09a54de0bf5e01f4dd8a9cc8496ab21d9038c0945a51916a3cb1cb287d6fbe,gpiosenka/car-parts-40-classes,car parts 50,train,dataset-v3-split-v1
kaggle_bcc9d756af5f3400,kaggle50:taillight:kaggle_bcc9d756af5f3400,taillight,test,9,data/locked_test/dataset_v3/images/taillight/taillight_test_009_bcc9d756af5f3400.jpg,bcc9d756af5f3400786e6846ff61550172628c2cd6ee94561d0fe1de2f14ea80,gpiosenka/car-parts-40-classes,car parts 50,train,dataset-v3-split-v1
kaggle_f893767f11655371,kaggle50:taillight:kaggle_f893767f11655371,taillight,test,10,data/locked_test/dataset_v3/images/taillight/taillight_test_010_f893767f11655371.jpg,f893767f11655371969e089211f0cce7819cb0787750eb42478cf2c2bce99aa5,gpiosenka/car-parts-40-classes,car parts 50,train,dataset-v3-split-v1
kaggle_5dcba558fd83fc8f,kaggle50:alternator:kaggle_5dcba558fd83fc8f,alternator,train,1,data/images/dataset_v3/train/alternator/alternator_train_001_5dcba558fd83fc8f.jpg,5dcba558fd83fc8f34e69b5fe3f48ff171b97883c293a99d59f116b4e4373445,gpiosenka/car-parts-40-classes,car parts 50,train,dataset-v3-split-v1
kaggle_7f558e5c9dca70ab,kaggle50:alternator:kaggle_7f558e5c9dca70ab,alternator,train,2,data/images/dataset_v3/train/alternator/alternator_train_002_7f558e5c9dca70ab.jpg,7f558e5c9dca70ab83ca2b294efc0545d36add67e624c4e6e07f08497a2dbb81,gpiosenka/car-parts-40-classes,car parts 50,train,dataset-v3-split-v1
kaggle_42410dfafcdf6a70,kaggle50:alternator:kaggle_42410dfafcdf6a70,alternator,train,3,data/images/dataset_v3/train/alternator/alternator_train_003_42410dfafcdf6a70.jpg,42410dfafcdf6a70ffa16a0eba4d37a54953a6cf0370dae7d2ab4df0bfaa9d8f,gpiosenka/car-parts-40-classes,car parts 50,train,dataset-v3-split-v1
kaggle_fa66e000d762950c,kaggle50:alternator:kaggle_fa66e000d762950c,alternator,train,4,data/images/dataset_v3/train/alternator/alternator_train_004_fa66e000d762950c.jpg,fa66e000d762950c06833775c5abe127e4f200580a37f3aac797d2acbdc89672,gpiosenka/car-parts-40-classes,car parts 50,train,dataset-v3-split-v1
kaggle_20f479228818e7f1,kaggle50:alternator:kaggle_20f479228818e7f1,alternator,train,5,data/images/dataset_v3/train/alternator/alternator_train_005_20f479228818e7f1.jpg,20f479228818e7f14538d12b90e957abb9a12a6e9a40fea680fce8b591fa4eac,gpiosenka/car-parts-40-classes,car parts 50,train,dataset-v3-split-v1
kaggle_5748436a19b73abd,kaggle50:alternator:kaggle_5748436a19b73abd,alternator,train,6,data/images/dataset_v3/train/alternator/alternator_train_006_5748436a19b73abd.jpg,5748436a19b73abdbac34ccdb9cae889b4b4d752403c1f8135543673259a1d89,gpiosenka/car-parts-40-classes,car parts 50,train,dataset-v3-split-v1
kaggle_719e0fe4675827d7,kaggle50:alternator:kaggle_719e0fe4675827d7,alternator,train,7,data/images/dataset_v3/train/alternator/alternator_train_007_719e0fe4675827d7.jpg,719e0fe4675827d7086e4ed467db689e37b79096b6208c732d5c172c7b0c1dc1,gpiosenka/car-parts-40-classes,car parts 50,train,dataset-v3-split-v1
kaggle_a7732e0e1aacccba,kaggle50:alternator:kaggle_a7732e0e1aacccba,alternator,train,8,data/images/dataset_v3/train/alternator/alternator_train_008_a7732e0e1aacccba.jpg,a7732e0e1aacccba6fb14deeaa2b9294192250ed4f61ac1543e769f1eb72e778,gpiosenka/car-parts-40-classes,car parts 50,train,dataset-v3-split-v1
kaggle_241f281ebe9df49a,kaggle50:alternator:kaggle_241f281ebe9df49a,alternator,train,9,data/images/dataset_v3/train/alternator/alternator_train_009_241f281ebe9df49a.jpg,241f281ebe9df49af20781f0fb0b5f192af84f03e996df28f5af7e28a9417a42,gpiosenka/car-parts-40-classes,car parts 50,train,dataset-v3-split-v1
kaggle_35ba271850d98fa3,kaggle50:alternator:kaggle_35ba271850d98fa3,alternator,train,10,data/images/dataset_v3/train/alternator/alternator_train_010_35ba271850d98fa3.jpg,35ba271850d98fa3658208b93f270d8d709722023a37bed3947f689c14f776c2,gpiosenka/car-parts-40-classes,car parts 50,train,dataset-v3-split-v1
kaggle_449df7b98af905f8,kaggle50:alternator:kaggle_449df7b98af905f8,alternator,train,11,data/images/dataset_v3/train/alternator/alternator_train_011_449df7b98af905f8.jpg,449df7b98af905f810895f326cfa7ea551db7cb0eabaa81e5c66d68bebdc41c6,gpiosenka/car-parts-40-classes,car parts 50,train,dataset-v3-split-v1
kaggle_42625bcb413faf53,kaggle50:alternator:kaggle_42625bcb413faf53,alternator,train,12,data/images/dataset_v3/train/alternator/alternator_train_012_42625bcb413faf53.jpg,42625bcb413faf53f707137faf94cc081af0c2a60f333f483e0c75389c16c968,gpiosenka/car-parts-40-classes,car parts 50,train,dataset-v3-split-v1
kaggle_b554d918ab59e306,kaggle50:alternator:kaggle_b554d918ab59e306,alternator,train,13,data/images/dataset_v3/train/alternator/alternator_train_013_b554d918ab59e306.jpg,b554d918ab59e3060a45e30129d7bcbd515a6d115abc59a02434b909e52d0a78,gpiosenka/car-parts-40-classes,car parts 50,train,dataset-v3-split-v1
kaggle_b89d0cc66961d4d9,kaggle50:alternator:kaggle_b89d0cc66961d4d9,alternator,train,14,data/images/dataset_v3/train/alternator/alternator_train_014_b89d0cc66961d4d9.jpg,b89d0cc66961d4d933d6f42847b13a3429934ab7eeb6f465d57b4213bf36b778,gpiosenka/car-parts-40-classes,car parts 50,train,dataset-v3-split-v1
kaggle_65be9c68f4e2abc3,kaggle50:alternator:kaggle_65be9c68f4e2abc3,alternator,train,15,data/images/dataset_v3/train/alternator/alternator_train_015_65be9c68f4e2abc3.jpg,65be9c68f4e2abc3b7d334796b1cf8277cd094efff35a8fdcc6aa251d8e51167,gpiosenka/car-parts-40-classes,car parts 50,train,dataset-v3-split-v1
kaggle_f62af73819dd97c4,kaggle50:alternator:kaggle_f62af73819dd97c4,alternator,train,16,data/images/dataset_v3/train/alternator/alternator_train_016_f62af73819dd97c4.jpg,f62af73819dd97c4cbbd49d1f44945f44182074172f0ef1921de753aff1f684e,gpiosenka/car-parts-40-classes,car parts 50,train,dataset-v3-split-v1
kaggle_5a06b4aa8a25e559,kaggle50:alternator:kaggle_5a06b4aa8a25e559,alternator,train,17,data/images/dataset_v3/train/alternator/alternator_train_017_5a06b4aa8a25e559.jpg,5a06b4aa8a25e5593d41d66bdf7e571e0137af6ba6b3d2a38e31225db97ce9b9,gpiosenka/car-parts-40-classes,car parts 50,train,dataset-v3-split-v1
kaggle_e37d4f68f219ba8e,kaggle50:alternator:kaggle_e37d4f68f219ba8e,alternator,train,18,data/images/dataset_v3/train/alternator/alternator_train_018_e37d4f68f219ba8e.jpg,e37d4f68f219ba8e5ec09ce80f12478aa584413bc2e7eec03ce6698706170740,gpiosenka/car-parts-40-classes,car parts 50,train,dataset-v3-split-v1
kaggle_cc09b700fe1ca710,kaggle50:alternator:kaggle_cc09b700fe1ca710,alternator,train,19,data/images/dataset_v3/train/alternator/alternator_train_019_cc09b700fe1ca710.jpg,cc09b700fe1ca71066e25f9d8df96ffb2b6876ab9081f82652776463d8d7db86,gpiosenka/car-parts-40-classes,car parts 50,train,dataset-v3-split-v1
kaggle_90e7591cbf64678d,kaggle50:alternator:kaggle_90e7591cbf64678d,alternator,train,20,data/images/dataset_v3/train/alternator/alternator_train_020_90e7591cbf64678d.jpg,90e7591cbf64678d6d6e14e518ebd327257817c77214e387fc08042766fa0c3e,gpiosenka/car-parts-40-classes,car parts 50,train,dataset-v3-split-v1
kaggle_d542e7c55eb38031,kaggle50:alternator:kaggle_d542e7c55eb38031,alternator,train,21,data/images/dataset_v3/train/alternator/alternator_train_021_d542e7c55eb38031.jpg,d542e7c55eb380316c602fe23d5e7f000d964373260ea482befdaec0509e74ce,gpiosenka/car-parts-40-classes,car parts 50,train,dataset-v3-split-v1
kaggle_4a92ef1471fe627b,kaggle50:alternator:kaggle_4a92ef1471fe627b,alternator,train,22,data/images/dataset_v3/train/alternator/alternator_train_022_4a92ef1471fe627b.jpg,4a92ef1471fe627b24c8ce6d2f555952a2bbb0e7b55c99b425b9da57e48ea938,gpiosenka/car-parts-40-classes,car parts 50,train,dataset-v3-split-v1
kaggle_6051dada7bd0ea36,kaggle50:alternator:kaggle_6051dada7bd0ea36,alternator,train,23,data/images/dataset_v3/train/alternator/alternator_train_023_6051dada7bd0ea36.jpg,6051dada7bd0ea36a5ede5966e97beb815eb65808be685bc4268cc9d3792d499,gpiosenka/car-parts-40-classes,car parts 50,train,dataset-v3-split-v1
kaggle_d24f9c3e9d7864db,kaggle50:alternator:kaggle_d24f9c3e9d7864db,alternator,train,24,data/images/dataset_v3/train/alternator/alternator_train_024_d24f9c3e9d7864db.jpg,d24f9c3e9d7864dbe4f85a3d50e3fb5bae3567c3854ae86f53b7f2a5676e61c5,gpiosenka/car-parts-40-classes,car parts 50,train,dataset-v3-split-v1
kaggle_dabe9ce73561d015,kaggle50:alternator:kaggle_dabe9ce73561d015,alternator,train,25,data/images/dataset_v3/train/alternator/alternator_train_025_dabe9ce73561d015.jpg,dabe9ce73561d01597bd00ae4631a928f0e3a45a53ddf5afd5a69cda48e082a1,gpiosenka/car-parts-40-classes,car parts 50,train,dataset-v3-split-v1
kaggle_87380b82d87dd40f,kaggle50:alternator:kaggle_87380b82d87dd40f,alternator,train,26,data/images/dataset_v3/train/alternator/alternator_train_026_87380b82d87dd40f.jpg,87380b82d87dd40fa6bdb0b93d23d87fec8e1393c42a6bd3dff49772eabbd9b7,gpiosenka/car-parts-40-classes,car parts 50,train,dataset-v3-split-v1
kaggle_9be335e7196ddebd,kaggle50:alternator:kaggle_9be335e7196ddebd,alternator,train,27,data/images/dataset_v3/train/alternator/alternator_train_027_9be335e7196ddebd.jpg,9be335e7196ddebd8748685d70f91f4b20f033f2880206b71f4aba231ce4f525,gpiosenka/car-parts-40-classes,car parts 50,train,dataset-v3-split-v1
kaggle_efb28ee81f12efba,kaggle50:alternator:kaggle_efb28ee81f12efba,alternator,train,28,data/images/dataset_v3/train/alternator/alternator_train_028_efb28ee81f12efba.jpg,efb28ee81f12efba0306abb1dbfcf8b01dd614fc21d5f54471023872dc8f7258,gpiosenka/car-parts-40-classes,car parts 50,train,dataset-v3-split-v1
kaggle_54a974e7de375113,kaggle50:alternator:kaggle_54a974e7de375113,alternator,train,29,data/images/dataset_v3/train/alternator/alternator_train_029_54a974e7de375113.jpg,54a974e7de375113d7851e2e9d051eb54237cdd14ab2edd0a09305ba4a69bf1e,gpiosenka/car-parts-40-classes,car parts 50,train,dataset-v3-split-v1
kaggle_a3b87864b677916b,kaggle50:alternator:kaggle_a3b87864b677916b,alternator,train,30,data/images/dataset_v3/train/alternator/alternator_train_030_a3b87864b677916b.jpg,a3b87864b677916b2248ba8ccbb25092356bdb4a1185624066b90778eb4446c5,gpiosenka/car-parts-40-classes,car parts 50,train,dataset-v3-split-v1
kaggle_9398819c34b531e0,kaggle50:alternator:kaggle_9398819c34b531e0,alternator,train,31,data/images/dataset_v3/train/alternator/alternator_train_031_9398819c34b531e0.jpg,9398819c34b531e08ca268f22edee228cf9c928d3bab7b08ab5f7cd41e168dac,gpiosenka/car-parts-40-classes,car parts 50,train,dataset-v3-split-v1
kaggle_b7c99a5036491741,kaggle50:alternator:kaggle_b7c99a5036491741,alternator,train,32,data/images/dataset_v3/train/alternator/alternator_train_032_b7c99a5036491741.jpg,b7c99a5036491741b15b8af92bd36dce6657b7c7e05b52a7ab1e124629f0a127,gpiosenka/car-parts-40-classes,car parts 50,train,dataset-v3-split-v1
kaggle_bc059b3f1cc7a781,kaggle50:alternator:kaggle_bc059b3f1cc7a781,alternator,train,33,data/images/dataset_v3/train/alternator/alternator_train_033_bc059b3f1cc7a781.jpg,bc059b3f1cc7a78107b625ad3e92dead214ac634f1261853da5967912a439553,gpiosenka/car-parts-40-classes,car parts 50,train,dataset-v3-split-v1
kaggle_0aec257ce947341a,kaggle50:alternator:kaggle_0aec257ce947341a,alternator,train,34,data/images/dataset_v3/train/alternator/alternator_train_034_0aec257ce947341a.jpg,0aec257ce947341ae2fb397e9dc7224dcd306afea0620ad427fca50acdedf203,gpiosenka/car-parts-40-classes,car parts 50,train,dataset-v3-split-v1
kaggle_7f6c959ae97cc405,kaggle50:alternator:kaggle_7f6c959ae97cc405,alternator,train,35,data/images/dataset_v3/train/alternator/alternator_train_035_7f6c959ae97cc405.jpg,7f6c959ae97cc4052bcd583a0b418162a1f81e9e9c3d03dab974e0013f1de939,gpiosenka/car-parts-40-classes,car parts 50,train,dataset-v3-split-v1
kaggle_aad76fe8488ecc09,kaggle50:alternator:kaggle_aad76fe8488ecc09,alternator,train,36,data/images/dataset_v3/train/alternator/alternator_train_036_aad76fe8488ecc09.jpg,aad76fe8488ecc09f2527625780e4c7719c853e9df039804116b20cf58162326,gpiosenka/car-parts-40-classes,car parts 50,train,dataset-v3-split-v1
kaggle_2f80afbc3e0e7bf6,kaggle50:alternator:kaggle_2f80afbc3e0e7bf6,alternator,train,37,data/images/dataset_v3/train/alternator/alternator_train_037_2f80afbc3e0e7bf6.jpg,2f80afbc3e0e7bf6df7e0c1bd173d23f4d6a769a08a25531a93de324e9f998c1,gpiosenka/car-parts-40-classes,car parts 50,train,dataset-v3-split-v1
kaggle_7300577cca967560,kaggle50:alternator:kaggle_7300577cca967560,alternator,train,38,data/images/dataset_v3/train/alternator/alternator_train_038_7300577cca967560.jpg,7300577cca967560f50a29083252960ce229cbf2a0cba2504d83f044663fa388,gpiosenka/car-parts-40-classes,car parts 50,train,dataset-v3-split-v1
kaggle_0de940e09bd51629,kaggle50:alternator:kaggle_0de940e09bd51629,alternator,train,39,data/images/dataset_v3/train/alternator/alternator_train_039_0de940e09bd51629.jpg,0de940e09bd51629bfdea37471de8edd66c3d3dfab8707c071462f450f15c26e,gpiosenka/car-parts-40-classes,car parts 50,train,dataset-v3-split-v1
kaggle_a3d29eac123729eb,kaggle50:alternator:kaggle_a3d29eac123729eb,alternator,train,40,data/images/dataset_v3/train/alternator/alternator_train_040_a3d29eac123729eb.jpg,a3d29eac123729ebbc76c64facc66ef676c49a8f07259bec5795c10e513e88ed,gpiosenka/car-parts-40-classes,car parts 50,train,dataset-v3-split-v1
kaggle_f8fd454d9376a4d0,kaggle50:alternator:kaggle_f8fd454d9376a4d0,alternator,train,41,data/images/dataset_v3/train/alternator/alternator_train_041_f8fd454d9376a4d0.jpg,f8fd454d9376a4d0378622d26e9706bccabc17d696cee610744710a91648c7a0,gpiosenka/car-parts-40-classes,car parts 50,train,dataset-v3-split-v1
kaggle_2f3f5a494c3219c8,kaggle50:alternator:kaggle_2f3f5a494c3219c8,alternator,train,42,data/images/dataset_v3/train/alternator/alternator_train_042_2f3f5a494c3219c8.jpg,2f3f5a494c3219c8b93b02de836683c685b8dad764c67020f984d8f91a5a05f3,gpiosenka/car-parts-40-classes,car parts 50,train,dataset-v3-split-v1
kaggle_fdafeff9fbb40616,kaggle50:alternator:kaggle_fdafeff9fbb40616,alternator,train,43,data/images/dataset_v3/train/alternator/alternator_train_043_fdafeff9fbb40616.jpg,fdafeff9fbb406167f695387524fe8dfc51527d0b0115db58ebfacff8f2eae47,gpiosenka/car-parts-40-classes,car parts 50,train,dataset-v3-split-v1
kaggle_fae036951e279076,kaggle50:alternator:kaggle_fae036951e279076,alternator,train,44,data/images/dataset_v3/train/alternator/alternator_train_044_fae036951e279076.jpg,fae036951e2790763313152dbe27a95203af594b41d17539e358e62914f2608e,gpiosenka/car-parts-40-classes,car parts 50,train,dataset-v3-split-v1
kaggle_fb8aa1d4a9d59f6f,kaggle50:alternator:kaggle_fb8aa1d4a9d59f6f,alternator,train,45,data/images/dataset_v3/train/alternator/alternator_train_045_fb8aa1d4a9d59f6f.jpg,fb8aa1d4a9d59f6fc12808afb0fe13717bb45dda45f54c6c7083daebeb07bd08,gpiosenka/car-parts-40-classes,car parts 50,train,dataset-v3-split-v1
kaggle_45b42e0449ce34a6,kaggle50:alternator:kaggle_45b42e0449ce34a6,alternator,train,46,data/images/dataset_v3/train/alternator/alternator_train_046_45b42e0449ce34a6.jpg,45b42e0449ce34a6ac642d4aeca72c0538e3601a560582a9b5ea218c1172d7ae,gpiosenka/car-parts-40-classes,car parts 50,train,dataset-v3-split-v1
kaggle_6acc56848de394af,kaggle50:alternator:kaggle_6acc56848de394af,alternator,train,47,data/images/dataset_v3/train/alternator/alternator_train_047_6acc56848de394af.jpg,6acc56848de394af4d68798435d704ceabfbbc2ddede0951031f72bcf7602d90,gpiosenka/car-parts-40-classes,car parts 50,train,dataset-v3-split-v1
kaggle_839b814c423734d7,kaggle50:alternator:kaggle_839b814c423734d7,alternator,train,48,data/images/dataset_v3/train/alternator/alternator_train_048_839b814c423734d7.jpg,839b814c423734d7c2e95d1550755de9b5b0d1ab2831f98be5289b1a585a7070,gpiosenka/car-parts-40-classes,car parts 50,train,dataset-v3-split-v1
kaggle_b3fcf0e38ae6692e,kaggle50:alternator:kaggle_b3fcf0e38ae6692e,alternator,train,49,data/images/dataset_v3/train/alternator/alternator_train_049_b3fcf0e38ae6692e.jpg,b3fcf0e38ae6692ede47e3d2387661796299276985eb8be4a6c4563edc7a6789,gpiosenka/car-parts-40-classes,car parts 50,train,dataset-v3-split-v1
kaggle_28fd79f22c2ad58f,kaggle50:alternator:kaggle_28fd79f22c2ad58f,alternator,train,50,data/images/dataset_v3/train/alternator/alternator_train_050_28fd79f22c2ad58f.jpg,28fd79f22c2ad58f84667e7ce1760a87910a5a38530fe54c448c10ee70ef8657,gpiosenka/car-parts-40-classes,car parts 50,train,dataset-v3-split-v1
kaggle_c0042d795bb8662e,kaggle50:alternator:kaggle_c0042d795bb8662e,alternator,train,51,data/images/dataset_v3/train/alternator/alternator_train_051_c0042d795bb8662e.jpg,c0042d795bb8662eb3cca1466b59660577240006f10a7edcea08b6069f6a8f6b,gpiosenka/car-parts-40-classes,car parts 50,train,dataset-v3-split-v1
kaggle_26c5edf0b8f51767,kaggle50:alternator:kaggle_26c5edf0b8f51767,alternator,train,52,data/images/dataset_v3/train/alternator/alternator_train_052_26c5edf0b8f51767.jpg,26c5edf0b8f51767a7ba807f9446a8d1932c69f02bb567a60bfead6c2467eb1d,gpiosenka/car-parts-40-classes,car parts 50,train,dataset-v3-split-v1
kaggle_e440a188a9a9b743,kaggle50:alternator:kaggle_e440a188a9a9b743,alternator,train,53,data/images/dataset_v3/train/alternator/alternator_train_053_e440a188a9a9b743.jpg,e440a188a9a9b743fef7fa79887ee8e1d7739dcb536ab0548acd2aa652cd4221,gpiosenka/car-parts-40-classes,car parts 50,train,dataset-v3-split-v1
kaggle_b8c19785e28b81b0,kaggle50:alternator:kaggle_b8c19785e28b81b0,alternator,train,54,data/images/dataset_v3/train/alternator/alternator_train_054_b8c19785e28b81b0.jpg,b8c19785e28b81b0decfcda342ab22fbe1bb7bdf6438ad279329c8b028cdd7a1,gpiosenka/car-parts-40-classes,car parts 50,train,dataset-v3-split-v1
kaggle_0a26dff2a8867985,kaggle50:alternator:kaggle_0a26dff2a8867985,alternator,train,55,data/images/dataset_v3/train/alternator/alternator_train_055_0a26dff2a8867985.jpg,0a26dff2a886798515f2a9361764165807f788534038a38a136cd62978a08419,gpiosenka/car-parts-40-classes,car parts 50,train,dataset-v3-split-v1
kaggle_71b10487113ec3f0,kaggle50:alternator:kaggle_71b10487113ec3f0,alternator,train,56,data/images/dataset_v3/train/alternator/alternator_train_056_71b10487113ec3f0.jpg,71b10487113ec3f0741fa21f92ee21c66b46546dba9f9be82ec20f87a941edcd,gpiosenka/car-parts-40-classes,car parts 50,train,dataset-v3-split-v1
kaggle_f0fd791f345cc833,kaggle50:alternator:kaggle_f0fd791f345cc833,alternator,train,57,data/images/dataset_v3/train/alternator/alternator_train_057_f0fd791f345cc833.jpg,f0fd791f345cc8332070b55b7c3b238195644225a57cb5df49ac08bfbafc97b1,gpiosenka/car-parts-40-classes,car parts 50,train,dataset-v3-split-v1
kaggle_3b9bb4649900b559,kaggle50:alternator:kaggle_3b9bb4649900b559,alternator,train,58,data/images/dataset_v3/train/alternator/alternator_train_058_3b9bb4649900b559.jpg,3b9bb4649900b5596c2598fafc7e1a65ea46fd75975f9f35bbe7c7b2ad5adb68,gpiosenka/car-parts-40-classes,car parts 50,train,dataset-v3-split-v1
kaggle_3431b0cdb084eeb1,kaggle50:alternator:kaggle_3431b0cdb084eeb1,alternator,train,59,data/images/dataset_v3/train/alternator/alternator_train_059_3431b0cdb084eeb1.jpg,3431b0cdb084eeb19234eeaceed018df08547f8a555017ab37b8ef664ecfa9ff,gpiosenka/car-parts-40-classes,car parts 50,train,dataset-v3-split-v1
kaggle_1b652b4d2d428cb9,kaggle50:alternator:kaggle_1b652b4d2d428cb9,alternator,train,60,data/images/dataset_v3/train/alternator/alternator_train_060_1b652b4d2d428cb9.jpg,1b652b4d2d428cb94d2e36663118e28cf8fc3c9f257e402c8e22dbdce3ba6863,gpiosenka/car-parts-40-classes,car parts 50,train,dataset-v3-split-v1
kaggle_857fa17c56d86903,kaggle50:brake_disc:kaggle_857fa17c56d86903,brake_disc,train,1,data/images/dataset_v3/train/brake_disc/brake_disc_train_001_857fa17c56d86903.jpg,857fa17c56d86903f178289ea58da6aadcaf5978116e0c11369a9e0ad61fd8ce,gpiosenka/car-parts-40-classes,car parts 50,train,dataset-v3-split-v1
kaggle_6404b8ebc5e7c2cf,kaggle50:brake_disc:kaggle_6404b8ebc5e7c2cf,brake_disc,train,2,data/images/dataset_v3/train/brake_disc/brake_disc_train_002_6404b8ebc5e7c2cf.jpg,6404b8ebc5e7c2cf5d7f4b18ab1bb31abfa600389c1ba095b8db14f28ef31f6e,gpiosenka/car-parts-40-classes,car parts 50,validation,dataset-v3-split-v1
kaggle_9a63dd34035e27ce,kaggle50:brake_disc:kaggle_9a63dd34035e27ce,brake_disc,train,3,data/images/dataset_v3/train/brake_disc/brake_disc_train_003_9a63dd34035e27ce.jpg,9a63dd34035e27cecbb6535b87fb5c407e241172dca247695715ff25d9050fd5,gpiosenka/car-parts-40-classes,car parts 50,train,dataset-v3-split-v1
kaggle_8868bd97ff8c8a58,kaggle50:brake_disc:kaggle_8868bd97ff8c8a58,brake_disc,train,4,data/images/dataset_v3/train/brake_disc/brake_disc_train_004_8868bd97ff8c8a58.jpg,8868bd97ff8c8a589461ee2fd5d4c9498f55f536480fe9f4067257f75dba9d74,gpiosenka/car-parts-40-classes,car parts 50,test,dataset-v3-split-v1
kaggle_910ea50c324312f9,kaggle50:brake_disc:kaggle_910ea50c324312f9,brake_disc,train,5,data/images/dataset_v3/train/brake_disc/brake_disc_train_005_910ea50c324312f9.jpg,910ea50c324312f9927aaae4add23cc718e7be65f848d4f7a7e07a675e1de889,gpiosenka/car-parts-40-classes,car parts 50,train,dataset-v3-split-v1
kaggle_7c7bb06f04bf7483,kaggle50:brake_disc:kaggle_7c7bb06f04bf7483,brake_disc,train,6,data/images/dataset_v3/train/brake_disc/brake_disc_train_006_7c7bb06f04bf7483.jpg,7c7bb06f04bf74834d0758095ab1a4ccb7da04ef4af99d1e7b2f359c94d94f22,gpiosenka/car-parts-40-classes,car parts 50,train,dataset-v3-split-v1
kaggle_1b42b737c91e8eef,kaggle50:brake_disc:kaggle_1b42b737c91e8eef,brake_disc,train,7,data/images/dataset_v3/train/brake_disc/brake_disc_train_007_1b42b737c91e8eef.jpg,1b42b737c91e8eef7e5719c0b4cf7133eaf69f0d38985db8cea1b1bcae66bb33,gpiosenka/car-parts-40-classes,car parts 50,train,dataset-v3-split-v1
kaggle_264373dd90b4eddb,kaggle50:brake_disc:kaggle_264373dd90b4eddb,brake_disc,train,8,data/images/dataset_v3/train/brake_disc/brake_disc_train_008_264373dd90b4eddb.jpg,264373dd90b4eddb90550b5ea593cfdb37c83bd9cab897780c235a4695e9fca3,gpiosenka/car-parts-40-classes,car parts 50,train,dataset-v3-split-v1
kaggle_c362d3516547ebfb,kaggle50:brake_disc:kaggle_c362d3516547ebfb,brake_disc,train,9,data/images/dataset_v3/train/brake_disc/brake_disc_train_009_c362d3516547ebfb.jpg,c362d3516547ebfb847252d3f0321fac59e7458d3815b63448704d40e39e1d7d,gpiosenka/car-parts-40-classes,car parts 50,train,dataset-v3-split-v1
kaggle_a52ced5d4413c613,kaggle50:brake_disc:kaggle_a52ced5d4413c613,brake_disc,train,10,data/images/dataset_v3/train/brake_disc/brake_disc_train_010_a52ced5d4413c613.jpg,a52ced5d4413c613c69b8964d080c46a00dcc0c6d2bfdd3b103f461dcfeccae5,gpiosenka/car-parts-40-classes,car parts 50,train,dataset-v3-split-v1
kaggle_96cbe23db4e7d2e7,kaggle50:brake_disc:kaggle_96cbe23db4e7d2e7,brake_disc,train,11,data/images/dataset_v3/train/brake_disc/brake_disc_train_011_96cbe23db4e7d2e7.jpg,96cbe23db4e7d2e7ea70336529620a0aa2bdd0022170b262671091d0e935a668,gpiosenka/car-parts-40-classes,car parts 50,train,dataset-v3-split-v1
kaggle_43e115f906e13fb2,kaggle50:brake_disc:kaggle_43e115f906e13fb2,brake_disc,train,12,data/images/dataset_v3/train/brake_disc/brake_disc_train_012_43e115f906e13fb2.jpg,43e115f906e13fb2c9631949467c611fb1e798fc9afd9df857e00c62059771ac,gpiosenka/car-parts-40-classes,car parts 50,train,dataset-v3-split-v1
kaggle_6ecd698ba4df7086,kaggle50:brake_disc:kaggle_6ecd698ba4df7086,brake_disc,train,13,data/images/dataset_v3/train/brake_disc/brake_disc_train_013_6ecd698ba4df7086.jpg,6ecd698ba4df7086deb5f84d5f3a0c3315b4855830dddee237da5b18602a0a5e,gpiosenka/car-parts-40-classes,car parts 50,train,dataset-v3-split-v1
kaggle_5d1db3715a9b4507,kaggle50:brake_disc:kaggle_5d1db3715a9b4507,brake_disc,train,14,data/images/dataset_v3/train/brake_disc/brake_disc_train_014_5d1db3715a9b4507.jpg,5d1db3715a9b450708224d9a1b27e09e5a77031f5b7d18340d7b264519b2f17c,gpiosenka/car-parts-40-classes,car parts 50,train,dataset-v3-split-v1
kaggle_fd55b6202721b8a4,kaggle50:brake_disc:kaggle_fd55b6202721b8a4,brake_disc,train,15,data/images/dataset_v3/train/brake_disc/brake_disc_train_015_fd55b6202721b8a4.jpg,fd55b6202721b8a485fcb9f2aa3297c1aeb8ffed4fa975e94a5017ef322607b5,gpiosenka/car-parts-40-classes,car parts 50,train,dataset-v3-split-v1
kaggle_ff9d015d003edfe1,kaggle50:brake_disc:kaggle_ff9d015d003edfe1,brake_disc,train,16,data/images/dataset_v3/train/brake_disc/brake_disc_train_016_ff9d015d003edfe1.jpg,ff9d015d003edfe1efa8fb34be91048e63e0be98fac23bff17f5fec1f04d3a52,gpiosenka/car-parts-40-classes,car parts 50,train,dataset-v3-split-v1
kaggle_b0911b647c51578a,kaggle50:brake_disc:kaggle_b0911b647c51578a,brake_disc,train,17,data/images/dataset_v3/train/brake_disc/brake_disc_train_017_b0911b647c51578a.jpg,b0911b647c51578a7b5af35e8ddeda636a0b2dcc5329b6cedac2962fd4b58878,gpiosenka/car-parts-40-classes,car parts 50,train,dataset-v3-split-v1
kaggle_b5f5bcf9557b3815,kaggle50:brake_disc:kaggle_b5f5bcf9557b3815,brake_disc,train,18,data/images/dataset_v3/train/brake_disc/brake_disc_train_018_b5f5bcf9557b3815.jpg,b5f5bcf9557b38150937771aeda804cbfecdd484bc29c7d851a328e23cc88da3,gpiosenka/car-parts-40-classes,car parts 50,train,dataset-v3-split-v1
kaggle_824da027961a4d95,kaggle50:brake_disc:kaggle_824da027961a4d95,brake_disc,train,19,data/images/dataset_v3/train/brake_disc/brake_disc_train_019_824da027961a4d95.jpg,824da027961a4d959f3a6239059be21b5f37d57a8fee217dc03b11db1152d960,gpiosenka/car-parts-40-classes,car parts 50,train,dataset-v3-split-v1
kaggle_f580a67ec1080b76,kaggle50:brake_disc:kaggle_f580a67ec1080b76,brake_disc,train,20,data/images/dataset_v3/train/brake_disc/brake_disc_train_020_f580a67ec1080b76.jpg,f580a67ec1080b767641d3aeb19e39795eb830adc5615d511726d592e1a2b0b4,gpiosenka/car-parts-40-classes,car parts 50,train,dataset-v3-split-v1
kaggle_574f668a250f86bf,kaggle50:brake_disc:kaggle_574f668a250f86bf,brake_disc,train,21,data/images/dataset_v3/train/brake_disc/brake_disc_train_021_574f668a250f86bf.jpg,574f668a250f86bfb312f9421b28c7318916d522a52162faa518ef6bc96a1e98,gpiosenka/car-parts-40-classes,car parts 50,train,dataset-v3-split-v1
kaggle_2f50daf89e940937,kaggle50:brake_disc:kaggle_2f50daf89e940937,brake_disc,train,22,data/images/dataset_v3/train/brake_disc/brake_disc_train_022_2f50daf89e940937.jpg,2f50daf89e940937e0e397361db145303e51a5e26f40bb6f712ee7a14b5668e1,gpiosenka/car-parts-40-classes,car parts 50,train,dataset-v3-split-v1
kaggle_53de9044459afe36,kaggle50:brake_disc:kaggle_53de9044459afe36,brake_disc,train,23,data/images/dataset_v3/train/brake_disc/brake_disc_train_023_53de9044459afe36.jpg,53de9044459afe3623fec6af4f41e7230f37aff3d9d38eca45c2bfebd5114b6e,gpiosenka/car-parts-40-classes,car parts 50,train,dataset-v3-split-v1
kaggle_9c5203874c049848,kaggle50:brake_disc:kaggle_9c5203874c049848,brake_disc,train,24,data/images/dataset_v3/train/brake_disc/brake_disc_train_024_9c5203874c049848.jpg,9c5203874c0498480b4c4c5d84b1edee7324d9f7ee9b85fa513c846182aa814c,gpiosenka/car-parts-40-classes,car parts 50,test,dataset-v3-split-v1
kaggle_cc5a64b0a289ccf4,kaggle50:brake_disc:kaggle_cc5a64b0a289ccf4,brake_disc,train,25,data/images/dataset_v3/train/brake_disc/brake_disc_train_025_cc5a64b0a289ccf4.jpg,cc5a64b0a289ccf41d44a7647b8d35b3fdb8d31813e6aec5b3dba1a6c1a3df32,gpiosenka/car-parts-40-classes,car parts 50,train,dataset-v3-split-v1
kaggle_92e005522b87ff86,kaggle50:brake_disc:kaggle_92e005522b87ff86,brake_disc,train,26,data/images/dataset_v3/train/brake_disc/brake_disc_train_026_92e005522b87ff86.jpg,92e005522b87ff86ba00340259e15c8a3400833a4da3a22089cd22250d8b5aa9,gpiosenka/car-parts-40-classes,car parts 50,train,dataset-v3-split-v1
kaggle_5c58f3d9c3864043,kaggle50:brake_disc:kaggle_5c58f3d9c3864043,brake_disc,train,27,data/images/dataset_v3/train/brake_disc/brake_disc_train_027_5c58f3d9c3864043.jpg,5c58f3d9c38640438151a64b1b6e121b9d21a075023565ec5ea661e78f2efb05,gpiosenka/car-parts-40-classes,car parts 50,train,dataset-v3-split-v1
kaggle_867e9280692a8548,kaggle50:brake_disc:kaggle_867e9280692a8548,brake_disc,train,28,data/images/dataset_v3/train/brake_disc/brake_disc_train_028_867e9280692a8548.jpg,867e9280692a854874112c3228dff5afa925de59a96e0ec4745aa0f56634d33a,gpiosenka/car-parts-40-classes,car parts 50,train,dataset-v3-split-v1
kaggle_3f652d15741e8920,kaggle50:brake_disc:kaggle_3f652d15741e8920,brake_disc,train,29,data/images/dataset_v3/train/brake_disc/brake_disc_train_029_3f652d15741e8920.jpg,3f652d15741e89203d0bcbaaccd04b7ba18b38e4e62b159b0cb12188af3d4a7f,gpiosenka/car-parts-40-classes,car parts 50,train,dataset-v3-split-v1
kaggle_fba3f06327e09c00,kaggle50:brake_disc:kaggle_fba3f06327e09c00,brake_disc,train,30,data/images/dataset_v3/train/brake_disc/brake_disc_train_030_fba3f06327e09c00.jpg,fba3f06327e09c006283ae6637126c07b80947934ef50d6b2eb27d23b914bc8b,gpiosenka/car-parts-40-classes,car parts 50,train,dataset-v3-split-v1
kaggle_8fc35ee4f8d15943,kaggle50:brake_disc:kaggle_8fc35ee4f8d15943,brake_disc,train,31,data/images/dataset_v3/train/brake_disc/brake_disc_train_031_8fc35ee4f8d15943.jpg,8fc35ee4f8d15943250732f87ee1f7a6a45c84aa00b7a88f89e79919c26ec35a,gpiosenka/car-parts-40-classes,car parts 50,train,dataset-v3-split-v1
kaggle_17de41c1fc54ab2b,kaggle50:brake_disc:kaggle_17de41c1fc54ab2b,brake_disc,train,32,data/images/dataset_v3/train/brake_disc/brake_disc_train_032_17de41c1fc54ab2b.jpg,17de41c1fc54ab2bc3e3efa6e7a0e347a26f3d923170d41469da5b17bd5051fe,gpiosenka/car-parts-40-classes,car parts 50,train,dataset-v3-split-v1
kaggle_7258a96c8898e2a0,kaggle50:brake_disc:kaggle_7258a96c8898e2a0,brake_disc,train,33,data/images/dataset_v3/train/brake_disc/brake_disc_train_033_7258a96c8898e2a0.jpg,7258a96c8898e2a026801eb3e4e8bf03deb49db3e7ae65b6a6b49208b5b91d31,gpiosenka/car-parts-40-classes,car parts 50,train,dataset-v3-split-v1
kaggle_6d4f8333f33c9440,kaggle50:brake_disc:kaggle_6d4f8333f33c9440,brake_disc,train,34,data/images/dataset_v3/train/brake_disc/brake_disc_train_034_6d4f8333f33c9440.jpg,6d4f8333f33c94407b3a3fc7292516dab6bb179b0570850ecfb82ec2ac959e14,gpiosenka/car-parts-40-classes,car parts 50,train,dataset-v3-split-v1
kaggle_399d1b06dec0eed6,kaggle50:brake_disc:kaggle_399d1b06dec0eed6,brake_disc,train,35,data/images/dataset_v3/train/brake_disc/brake_disc_train_035_399d1b06dec0eed6.jpg,399d1b06dec0eed65dea19763024251af76131f5e8f69d1ae3de5956ac9a41c6,gpiosenka/car-parts-40-classes,car parts 50,train,dataset-v3-split-v1
kaggle_69be0c13fb4b3519,kaggle50:brake_disc:kaggle_69be0c13fb4b3519,brake_disc,train,36,data/images/dataset_v3/train/brake_disc/brake_disc_train_036_69be0c13fb4b3519.jpg,69be0c13fb4b35192fbca73751a6bd01fde9e0b351acc48870b34c18172499b0,gpiosenka/car-parts-40-classes,car parts 50,train,dataset-v3-split-v1
kaggle_e16927d80dc74ab9,kaggle50:brake_disc:kaggle_e16927d80dc74ab9,brake_disc,train,37,data/images/dataset_v3/train/brake_disc/brake_disc_train_037_e16927d80dc74ab9.jpg,e16927d80dc74ab94b4a23776cb30040d2274a57ea1703941e7257bf547ef0d5,gpiosenka/car-parts-40-classes,car parts 50,train,dataset-v3-split-v1
kaggle_d0358b3034b0e02b,kaggle50:brake_disc:kaggle_d0358b3034b0e02b,brake_disc,train,38,data/images/dataset_v3/train/brake_disc/brake_disc_train_038_d0358b3034b0e02b.jpg,d0358b3034b0e02b0b5e55d64cf55153922dbb832cf5283ea93386fda831eda5,gpiosenka/car-parts-40-classes,car parts 50,train,dataset-v3-split-v1
kaggle_4c517e0846670f54,kaggle50:brake_disc:kaggle_4c517e0846670f54,brake_disc,train,39,data/images/dataset_v3/train/brake_disc/brake_disc_train_039_4c517e0846670f54.jpg,4c517e0846670f54861cc123d5d7f0aebf69035ecc5b6427fb11e64d02b6204c,gpiosenka/car-parts-40-classes,car parts 50,train,dataset-v3-split-v1
kaggle_82d446c910a8c0da,kaggle50:brake_disc:kaggle_82d446c910a8c0da,brake_disc,train,40,data/images/dataset_v3/train/brake_disc/brake_disc_train_040_82d446c910a8c0da.jpg,82d446c910a8c0da5563eaf3edef391f9a285eb732d913ab9b7280898ad97c38,gpiosenka/car-parts-40-classes,car parts 50,test,dataset-v3-split-v1
kaggle_18d026c0bd6ee19e,kaggle50:brake_disc:kaggle_18d026c0bd6ee19e,brake_disc,train,41,data/images/dataset_v3/train/brake_disc/brake_disc_train_041_18d026c0bd6ee19e.jpg,18d026c0bd6ee19ec9460e32d5ed92ea21fad8dccf9f1ae48fdeeafb2e45ec19,gpiosenka/car-parts-40-classes,car parts 50,train,dataset-v3-split-v1
kaggle_72ce2c1e37bcdc64,kaggle50:brake_disc:kaggle_72ce2c1e37bcdc64,brake_disc,train,42,data/images/dataset_v3/train/brake_disc/brake_disc_train_042_72ce2c1e37bcdc64.jpg,72ce2c1e37bcdc641fe6983b2320fc9607fb7f7863149a92d27ff60478c50cd4,gpiosenka/car-parts-40-classes,car parts 50,train,dataset-v3-split-v1
kaggle_acfb9c246f0beed8,kaggle50:brake_disc:kaggle_acfb9c246f0beed8,brake_disc,train,43,data/images/dataset_v3/train/brake_disc/brake_disc_train_043_acfb9c246f0beed8.jpg,acfb9c246f0beed881d4d7500be6c7e67a119606d10d543a9e63b398ccb346a9,gpiosenka/car-parts-40-classes,car parts 50,train,dataset-v3-split-v1
kaggle_16343fea356bff09,kaggle50:brake_disc:kaggle_16343fea356bff09,brake_disc,train,44,data/images/dataset_v3/train/brake_disc/brake_disc_train_044_16343fea356bff09.jpg,16343fea356bff09b4352baad889cf68bf381d4170d811bdd6377a0ea324f333,gpiosenka/car-parts-40-classes,car parts 50,train,dataset-v3-split-v1
kaggle_2f196622a30fccb3,kaggle50:brake_disc:kaggle_2f196622a30fccb3,brake_disc,train,45,data/images/dataset_v3/train/brake_disc/brake_disc_train_045_2f196622a30fccb3.jpg,2f196622a30fccb34e0d7563b55ec154005987dfa647d932a668fae88dbe8b32,gpiosenka/car-parts-40-classes,car parts 50,train,dataset-v3-split-v1
kaggle_55310f5b5b5c8cb0,kaggle50:brake_disc:kaggle_55310f5b5b5c8cb0,brake_disc,train,46,data/images/dataset_v3/train/brake_disc/brake_disc_train_046_55310f5b5b5c8cb0.jpg,55310f5b5b5c8cb00db13431c19885c65c61e9b8de8835f14a706d2bfdc133ae,gpiosenka/car-parts-40-classes,car parts 50,train,dataset-v3-split-v1
kaggle_4d3bebc3fac27740,kaggle50:brake_disc:kaggle_4d3bebc3fac27740,brake_disc,train,47,data/images/dataset_v3/train/brake_disc/brake_disc_train_047_4d3bebc3fac27740.jpg,4d3bebc3fac277409d7e12520191ceb8b26630869be9bde96a1ef29eba4002f5,gpiosenka/car-parts-40-classes,car parts 50,train,dataset-v3-split-v1
kaggle_ecf691b9eacbf9b6,kaggle50:brake_disc:kaggle_ecf691b9eacbf9b6,brake_disc,train,48,data/images/dataset_v3/train/brake_disc/brake_disc_train_048_ecf691b9eacbf9b6.jpg,ecf691b9eacbf9b687795d04120d0df36556fc695db574431a7d21d2294dfee8,gpiosenka/car-parts-40-classes,car parts 50,train,dataset-v3-split-v1
kaggle_f20fe20154ab4b28,kaggle50:brake_disc:kaggle_f20fe20154ab4b28,brake_disc,train,49,data/images/dataset_v3/train/brake_disc/brake_disc_train_049_f20fe20154ab4b28.jpg,f20fe20154ab4b283550e78d403b592b90dc780c0c78f2d8f5c05719405cb186,gpiosenka/car-parts-40-classes,car parts 50,test,dataset-v3-split-v1
kaggle_1f0b39af09c2017c,kaggle50:brake_disc:kaggle_1f0b39af09c2017c,brake_disc,train,50,data/images/dataset_v3/train/brake_disc/brake_disc_train_050_1f0b39af09c2017c.jpg,1f0b39af09c2017c54b6315035ffcc15257ef55f127cf1a51c6ddd1f0f013ca1,gpiosenka/car-parts-40-classes,car parts 50,train,dataset-v3-split-v1
kaggle_14d9aebf7a3e682e,kaggle50:brake_disc:kaggle_14d9aebf7a3e682e,brake_disc,train,51,data/images/dataset_v3/train/brake_disc/brake_disc_train_051_14d9aebf7a3e682e.jpg,14d9aebf7a3e682e23d0161fbbb3abd73ca4e5551b0527daa00f4e2e3fe50e33,gpiosenka/car-parts-40-classes,car parts 50,train,dataset-v3-split-v1
kaggle_37ee9ca42cd3e6db,kaggle50:brake_disc:kaggle_37ee9ca42cd3e6db,brake_disc,train,52,data/images/dataset_v3/train/brake_disc/brake_disc_train_052_37ee9ca42cd3e6db.jpg,37ee9ca42cd3e6db71df98373e30063edf85c61ad5b87c5a68598c2605f37f9e,gpiosenka/car-parts-40-classes,car parts 50,train,dataset-v3-split-v1
kaggle_76975d8bc5c7c642,kaggle50:brake_disc:kaggle_76975d8bc5c7c642,brake_disc,train,53,data/images/dataset_v3/train/brake_disc/brake_disc_train_053_76975d8bc5c7c642.jpg,76975d8bc5c7c6420343b6044273fbe22329262dce133bedfd801c359f69ed45,gpiosenka/car-parts-40-classes,car parts 50,train,dataset-v3-split-v1
kaggle_b2179cf93164c14e,kaggle50:brake_disc:kaggle_b2179cf93164c14e,brake_disc,train,54,data/images/dataset_v3/train/brake_disc/brake_disc_train_054_b2179cf93164c14e.jpg,b2179cf93164c14e60890c85cfc151f9e1e40f7cef8fa305d5878f8337bcc935,gpiosenka/car-parts-40-classes,car parts 50,train,dataset-v3-split-v1
kaggle_af330066071dcd83,kaggle50:brake_disc:kaggle_af330066071dcd83,brake_disc,train,55,data/images/dataset_v3/train/brake_disc/brake_disc_train_055_af330066071dcd83.jpg,af330066071dcd8365f75ccfb8ddd66aaee4d002ca187e899f2fe75b80b18c5f,gpiosenka/car-parts-40-classes,car parts 50,train,dataset-v3-split-v1
kaggle_0ba6386ebdc2b856,kaggle50:brake_disc:kaggle_0ba6386ebdc2b856,brake_disc,train,56,data/images/dataset_v3/train/brake_disc/brake_disc_train_056_0ba6386ebdc2b856.jpg,0ba6386ebdc2b856e0927985899c2161c4bd45ca8fb9f634ea8a9f9dbae93bb2,gpiosenka/car-parts-40-classes,car parts 50,train,dataset-v3-split-v1
kaggle_2af8380fc0ebcfd8,kaggle50:brake_disc:kaggle_2af8380fc0ebcfd8,brake_disc,train,57,data/images/dataset_v3/train/brake_disc/brake_disc_train_057_2af8380fc0ebcfd8.jpg,2af8380fc0ebcfd8bea8a5cd8148bddf6df1f028d630a3e97a66a6502f205058,gpiosenka/car-parts-40-classes,car parts 50,train,dataset-v3-split-v1
kaggle_2c2d37ffea45ddc9,kaggle50:brake_disc:kaggle_2c2d37ffea45ddc9,brake_disc,train,58,data/images/dataset_v3/train/brake_disc/brake_disc_train_058_2c2d37ffea45ddc9.jpg,2c2d37ffea45ddc97aaa38708a5bfb8b9eded42490367fec0cfb7166719dbeae,gpiosenka/car-parts-40-classes,car parts 50,train,dataset-v3-split-v1
kaggle_963348e10fb39270,kaggle50:brake_disc:kaggle_963348e10fb39270,brake_disc,train,59,data/images/dataset_v3/train/brake_disc/brake_disc_train_059_963348e10fb39270.jpg,963348e10fb392705f03b9410afdcaac8b54644e6b231ff55acb246cf5e94712,gpiosenka/car-parts-40-classes,car parts 50,train,dataset-v3-split-v1
kaggle_3a00941e7b28797b,kaggle50:brake_disc:kaggle_3a00941e7b28797b,brake_disc,train,60,data/images/dataset_v3/train/brake_disc/brake_disc_train_060_3a00941e7b28797b.jpg,3a00941e7b28797b3be00d4a5e35a8988e227838ade2f5b976692bd97bfd3f18,gpiosenka/car-parts-40-classes,car parts 50,train,dataset-v3-split-v1
kaggle_aca10013f7980e42,kaggle50:brake_pad:kaggle_aca10013f7980e42,brake_pad,train,1,data/images/dataset_v3/train/brake_pad/brake_pad_train_001_aca10013f7980e42.jpg,aca10013f7980e4251282765e7b935a7895848154072e461bcca556d8c9768f2,gpiosenka/car-parts-40-classes,car parts 50,train,dataset-v3-split-v1
kaggle_5b20a70b59330302,kaggle50:brake_pad:kaggle_5b20a70b59330302,brake_pad,train,2,data/images/dataset_v3/train/brake_pad/brake_pad_train_002_5b20a70b59330302.jpg,5b20a70b5933030295a4e205616f20fc1873da46486b707f58829476f7b653ac,gpiosenka/car-parts-40-classes,car parts 50,train,dataset-v3-split-v1
kaggle_9cfc2cd347ae6045,kaggle50:brake_pad:kaggle_9cfc2cd347ae6045,brake_pad,train,3,data/images/dataset_v3/train/brake_pad/brake_pad_train_003_9cfc2cd347ae6045.jpg,9cfc2cd347ae60453f9bc65ec3ca8a04c807f0f9017193084610d82927a160d3,gpiosenka/car-parts-40-classes,car parts 50,train,dataset-v3-split-v1
kaggle_91ddd4c34261041a,kaggle50:brake_pad:kaggle_91ddd4c34261041a,brake_pad,train,4,data/images/dataset_v3/train/brake_pad/brake_pad_train_004_91ddd4c34261041a.jpg,91ddd4c34261041a77ccca2f1134b110e7f90850dcd6239f581635c50f8b81a9,gpiosenka/car-parts-40-classes,car parts 50,train,dataset-v3-split-v1
kaggle_9b0558914b0de3a6,kaggle50:brake_pad:kaggle_9b0558914b0de3a6,brake_pad,train,5,data/images/dataset_v3/train/brake_pad/brake_pad_train_005_9b0558914b0de3a6.jpg,9b0558914b0de3a6fb9a550c928b032ca538a4078a08d35e2ad5aa5b5a2bc144,gpiosenka/car-parts-40-classes,car parts 50,train,dataset-v3-split-v1
kaggle_cfcc4bf59251bbd0,kaggle50:brake_pad:kaggle_cfcc4bf59251bbd0,brake_pad,train,6,data/images/dataset_v3/train/brake_pad/brake_pad_train_006_cfcc4bf59251bbd0.jpg,cfcc4bf59251bbd0c1cd3d7c241c11c36d4aa31b243e565d0c5e2061a5e0b681,gpiosenka/car-parts-40-classes,car parts 50,train,dataset-v3-split-v1
kaggle_81315b9b0444d007,kaggle50:brake_pad:kaggle_81315b9b0444d007,brake_pad,train,7,data/images/dataset_v3/train/brake_pad/brake_pad_train_007_81315b9b0444d007.jpg,81315b9b0444d0077ce77b792ee2c6ea7e52d9ccd69a5df28bfa2ff31d9ee9a8,gpiosenka/car-parts-40-classes,car parts 50,train,dataset-v3-split-v1
kaggle_0ec568bef9a9dbd2,kaggle50:brake_pad:kaggle_0ec568bef9a9dbd2,brake_pad,train,8,data/images/dataset_v3/train/brake_pad/brake_pad_train_008_0ec568bef9a9dbd2.jpg,0ec568bef9a9dbd2ba5ff0b5a1225c176e929bb22cc9628eb175092725c261f0,gpiosenka/car-parts-40-classes,car parts 50,train,dataset-v3-split-v1
kaggle_9c8144106be8c164,kaggle50:brake_pad:kaggle_9c8144106be8c164,brake_pad,train,9,data/images/dataset_v3/train/brake_pad/brake_pad_train_009_9c8144106be8c164.jpg,9c8144106be8c16483ad6ef7f23e4852409b19098f3b9d949ab71824f788f602,gpiosenka/car-parts-40-classes,car parts 50,train,dataset-v3-split-v1
kaggle_cf2b2a9ecf1a7c8f,kaggle50:brake_pad:kaggle_cf2b2a9ecf1a7c8f,brake_pad,train,10,data/images/dataset_v3/train/brake_pad/brake_pad_train_010_cf2b2a9ecf1a7c8f.jpg,cf2b2a9ecf1a7c8f7acab50a030338c96b8492a93c5c0da9139425636ac1e531,gpiosenka/car-parts-40-classes,car parts 50,train,dataset-v3-split-v1
kaggle_dbdec27df43c8ec4,kaggle50:brake_pad:kaggle_dbdec27df43c8ec4,brake_pad,train,11,data/images/dataset_v3/train/brake_pad/brake_pad_train_011_dbdec27df43c8ec4.jpg,dbdec27df43c8ec4e43351fa6f595c410b09d4a1b9a76a1ffba848122c3200a1,gpiosenka/car-parts-40-classes,car parts 50,train,dataset-v3-split-v1
kaggle_934970409fad7513,kaggle50:brake_pad:kaggle_934970409fad7513,brake_pad,train,12,data/images/dataset_v3/train/brake_pad/brake_pad_train_012_934970409fad7513.jpg,934970409fad751353c6e7bc258c8027a392dd173a17a1fb4bb1960626eeec28,gpiosenka/car-parts-40-classes,car parts 50,train,dataset-v3-split-v1
kaggle_566831d983880f86,kaggle50:brake_pad:kaggle_566831d983880f86,brake_pad,train,13,data/images/dataset_v3/train/brake_pad/brake_pad_train_013_566831d983880f86.jpg,566831d983880f8623274f55622271e2c96c17626d7ae1706520e9733f1ef622,gpiosenka/car-parts-40-classes,car parts 50,train,dataset-v3-split-v1
kaggle_972383e327918b6f,kaggle50:brake_pad:kaggle_972383e327918b6f,brake_pad,train,14,data/images/dataset_v3/train/brake_pad/brake_pad_train_014_972383e327918b6f.jpg,972383e327918b6fd22c338f64e4493e31f6a6f98c72c9291e1a9a71163e3a9d,gpiosenka/car-parts-40-classes,car parts 50,train,dataset-v3-split-v1
kaggle_612747661c686859,kaggle50:brake_pad:kaggle_612747661c686859,brake_pad,train,15,data/images/dataset_v3/train/brake_pad/brake_pad_train_015_612747661c686859.jpg,612747661c686859915b782add3b15a34d08b4f1df35cf948465c9831ca1ed7d,gpiosenka/car-parts-40-classes,car parts 50,train,dataset-v3-split-v1
kaggle_a8f100a2cba8cb19,kaggle50:brake_pad:kaggle_a8f100a2cba8cb19,brake_pad,train,16,data/images/dataset_v3/train/brake_pad/brake_pad_train_016_a8f100a2cba8cb19.jpg,a8f100a2cba8cb19d461819cdecf1d34886f37666ec7d9fa200cceae36ea8576,gpiosenka/car-parts-40-classes,car parts 50,train,dataset-v3-split-v1
kaggle_4e645c3d6f9e582f,kaggle50:brake_pad:kaggle_4e645c3d6f9e582f,brake_pad,train,17,data/images/dataset_v3/train/brake_pad/brake_pad_train_017_4e645c3d6f9e582f.jpg,4e645c3d6f9e582f72950940e4f86549badcbf9939637f417b97ed4013740877,gpiosenka/car-parts-40-classes,car parts 50,train,dataset-v3-split-v1
kaggle_4121f6dc9a489dbe,kaggle50:brake_pad:kaggle_4121f6dc9a489dbe,brake_pad,train,18,data/images/dataset_v3/train/brake_pad/brake_pad_train_018_4121f6dc9a489dbe.jpg,4121f6dc9a489dbea457a86ba5f79df33f16c9b98417302992e28a960d7074ac,gpiosenka/car-parts-40-classes,car parts 50,train,dataset-v3-split-v1
kaggle_43ac97f4a8cf73db,kaggle50:brake_pad:kaggle_43ac97f4a8cf73db,brake_pad,train,19,data/images/dataset_v3/train/brake_pad/brake_pad_train_019_43ac97f4a8cf73db.jpg,43ac97f4a8cf73dbd410d2df618f32969fd1e42404f670990184c51d8b1288cc,gpiosenka/car-parts-40-classes,car parts 50,train,dataset-v3-split-v1
kaggle_5570178e33573f68,kaggle50:brake_pad:kaggle_5570178e33573f68,brake_pad,train,20,data/images/dataset_v3/train/brake_pad/brake_pad_train_020_5570178e33573f68.jpg,5570178e33573f68dfa2cb8b01cf17f4d7b41c11dbd503f65136f490863daa0e,gpiosenka/car-parts-40-classes,car parts 50,train,dataset-v3-split-v1
kaggle_c97e750f19748e4b,kaggle50:brake_pad:kaggle_c97e750f19748e4b,brake_pad,train,21,data/images/dataset_v3/train/brake_pad/brake_pad_train_021_c97e750f19748e4b.jpg,c97e750f19748e4b2dfe34af8fced4f0d1daca7d68dacb53bb94331df3e41664,gpiosenka/car-parts-40-classes,car parts 50,train,dataset-v3-split-v1
kaggle_d9fefa679e7067eb,kaggle50:brake_pad:kaggle_d9fefa679e7067eb,brake_pad,train,22,data/images/dataset_v3/train/brake_pad/brake_pad_train_022_d9fefa679e7067eb.jpg,d9fefa679e7067eb75555491b4fed81396e1ef8f90a9457a7ada6ad9223fee89,gpiosenka/car-parts-40-classes,car parts 50,train,dataset-v3-split-v1
kaggle_2a9a54b130950c42,kaggle50:brake_pad:kaggle_2a9a54b130950c42,brake_pad,train,23,data/images/dataset_v3/train/brake_pad/brake_pad_train_023_2a9a54b130950c42.jpg,2a9a54b130950c42dab39d3f4d389e5f2f8ab2fa7c90035b53415ccfb0f902ed,gpiosenka/car-parts-40-classes,car parts 50,train,dataset-v3-split-v1
kaggle_87e494242ae3683f,kaggle50:brake_pad:kaggle_87e494242ae3683f,brake_pad,train,24,data/images/dataset_v3/train/brake_pad/brake_pad_train_024_87e494242ae3683f.jpg,87e494242ae3683f321b97359fb1eae26009348c3a4c4d7cacc721bfce1675b8,gpiosenka/car-parts-40-classes,car parts 50,train,dataset-v3-split-v1
kaggle_767b76411a5772b7,kaggle50:brake_pad:kaggle_767b76411a5772b7,brake_pad,train,25,data/images/dataset_v3/train/brake_pad/brake_pad_train_025_767b76411a5772b7.jpg,767b76411a5772b72264b9ab5dc60c7832e6b6c1e1ebf773577e8c1a1e1e1907,gpiosenka/car-parts-40-classes,car parts 50,train,dataset-v3-split-v1
kaggle_b30cda9d2db7a843,kaggle50:brake_pad:kaggle_b30cda9d2db7a843,brake_pad,train,26,data/images/dataset_v3/train/brake_pad/brake_pad_train_026_b30cda9d2db7a843.jpg,b30cda9d2db7a843698419f8e76c1baa11178f07169ab6278069ca59995a4b12,gpiosenka/car-parts-40-classes,car parts 50,train,dataset-v3-split-v1
kaggle_a808d739d7768fb9,kaggle50:brake_pad:kaggle_a808d739d7768fb9,brake_pad,train,27,data/images/dataset_v3/train/brake_pad/brake_pad_train_027_a808d739d7768fb9.jpg,a808d739d7768fb9276c792abf998ee899e5c3ad49bd0abedc9965a15d663d91,gpiosenka/car-parts-40-classes,car parts 50,train,dataset-v3-split-v1
kaggle_bcfd462f2a5e53e6,kaggle50:brake_pad:kaggle_bcfd462f2a5e53e6,brake_pad,train,28,data/images/dataset_v3/train/brake_pad/brake_pad_train_028_bcfd462f2a5e53e6.jpg,bcfd462f2a5e53e6f58aa45c771c285106484547a75ea197d52b13b50de1b4c3,gpiosenka/car-parts-40-classes,car parts 50,train,dataset-v3-split-v1
kaggle_a51c80e61abbfdeb,kaggle50:brake_pad:kaggle_a51c80e61abbfdeb,brake_pad,train,29,data/images/dataset_v3/train/brake_pad/brake_pad_train_029_a51c80e61abbfdeb.jpg,a51c80e61abbfdebc6531b937d60116c4ea4ed24239f27533d44a99cc47dee59,gpiosenka/car-parts-40-classes,car parts 50,train,dataset-v3-split-v1
kaggle_62912cd948b3e260,kaggle50:brake_pad:kaggle_62912cd948b3e260,brake_pad,train,30,data/images/dataset_v3/train/brake_pad/brake_pad_train_030_62912cd948b3e260.jpg,62912cd948b3e260028978ad0ad9dae3ff22ea9772749bc218e38eaa57d222d6,gpiosenka/car-parts-40-classes,car parts 50,train,dataset-v3-split-v1
kaggle_09e1e7d0e88c616c,kaggle50:brake_pad:kaggle_09e1e7d0e88c616c,brake_pad,train,31,data/images/dataset_v3/train/brake_pad/brake_pad_train_031_09e1e7d0e88c616c.jpg,09e1e7d0e88c616cc469779f2343134943231f4cd7bff91b8c751b3e3bff1d5a,gpiosenka/car-parts-40-classes,car parts 50,train,dataset-v3-split-v1
kaggle_07329aae6c5b8818,kaggle50:brake_pad:kaggle_07329aae6c5b8818,brake_pad,train,32,data/images/dataset_v3/train/brake_pad/brake_pad_train_032_07329aae6c5b8818.jpg,07329aae6c5b88189d8d86d81c54ca86a55516ddcc66d299d6e03edebe3bd3d6,gpiosenka/car-parts-40-classes,car parts 50,train,dataset-v3-split-v1
kaggle_525be61392394baf,kaggle50:brake_pad:kaggle_525be61392394baf,brake_pad,train,33,data/images/dataset_v3/train/brake_pad/brake_pad_train_033_525be61392394baf.jpg,525be61392394baf9e4c7e4a9a8164ac115132526c76cc7dab4f4bcf34b4c117,gpiosenka/car-parts-40-classes,car parts 50,train,dataset-v3-split-v1
kaggle_4bbf94a2d168e15f,kaggle50:brake_pad:kaggle_4bbf94a2d168e15f,brake_pad,train,34,data/images/dataset_v3/train/brake_pad/brake_pad_train_034_4bbf94a2d168e15f.jpg,4bbf94a2d168e15fab4f068abaa109755b692550c2f818d022fe72c9e6285b64,gpiosenka/car-parts-40-classes,car parts 50,train,dataset-v3-split-v1
kaggle_0ea69f771799f672,kaggle50:brake_pad:kaggle_0ea69f771799f672,brake_pad,train,35,data/images/dataset_v3/train/brake_pad/brake_pad_train_035_0ea69f771799f672.jpg,0ea69f771799f672afdf7e65c39f45bc479e9337c7e2cd79f9b10a086901c6a7,gpiosenka/car-parts-40-classes,car parts 50,train,dataset-v3-split-v1
kaggle_231ac389c658a15b,kaggle50:brake_pad:kaggle_231ac389c658a15b,brake_pad,train,36,data/images/dataset_v3/train/brake_pad/brake_pad_train_036_231ac389c658a15b.jpg,231ac389c658a15bbe776096e927df374c8af08b709fb61bd9efff7a4e6963e4,gpiosenka/car-parts-40-classes,car parts 50,train,dataset-v3-split-v1
kaggle_58317b192c95d7b1,kaggle50:brake_pad:kaggle_58317b192c95d7b1,brake_pad,train,37,data/images/dataset_v3/train/brake_pad/brake_pad_train_037_58317b192c95d7b1.jpg,58317b192c95d7b1292b9895e6a9dd74f23be9f689d3c0f2e51eadf81256262d,gpiosenka/car-parts-40-classes,car parts 50,train,dataset-v3-split-v1
kaggle_523fee3a9e2b6831,kaggle50:brake_pad:kaggle_523fee3a9e2b6831,brake_pad,train,38,data/images/dataset_v3/train/brake_pad/brake_pad_train_038_523fee3a9e2b6831.jpg,523fee3a9e2b6831daf2ee1804330e7b4840910380848d810cef1366a08495c9,gpiosenka/car-parts-40-classes,car parts 50,train,dataset-v3-split-v1
kaggle_f8a44e1ef3235d37,kaggle50:brake_pad:kaggle_f8a44e1ef3235d37,brake_pad,train,39,data/images/dataset_v3/train/brake_pad/brake_pad_train_039_f8a44e1ef3235d37.jpg,f8a44e1ef3235d3772c7d6925146e33845a6d6b59cc522c29ce8b0c62bc7fbdc,gpiosenka/car-parts-40-classes,car parts 50,test,dataset-v3-split-v1
kaggle_21113e2531459648,kaggle50:brake_pad:kaggle_21113e2531459648,brake_pad,train,40,data/images/dataset_v3/train/brake_pad/brake_pad_train_040_21113e2531459648.jpg,21113e2531459648678ff60d4ed97c7c5c287b6a5dd0bff1e8490b8b78557236,gpiosenka/car-parts-40-classes,car parts 50,train,dataset-v3-split-v1
kaggle_784496dfe35ca060,kaggle50:brake_pad:kaggle_784496dfe35ca060,brake_pad,train,41,data/images/dataset_v3/train/brake_pad/brake_pad_train_041_784496dfe35ca060.jpg,784496dfe35ca0604ea231187c8b03dc8ad62df05698b4ca9a18ef44b7cde102,gpiosenka/car-parts-40-classes,car parts 50,train,dataset-v3-split-v1
kaggle_fb33911baf3bca56,kaggle50:brake_pad:kaggle_fb33911baf3bca56,brake_pad,train,42,data/images/dataset_v3/train/brake_pad/brake_pad_train_042_fb33911baf3bca56.jpg,fb33911baf3bca5624e6254db4e0a4c5859e4f4437c45a37e4e16a520e2054a8,gpiosenka/car-parts-40-classes,car parts 50,train,dataset-v3-split-v1
kaggle_a65b16bca8ebd229,kaggle50:brake_pad:kaggle_a65b16bca8ebd229,brake_pad,train,43,data/images/dataset_v3/train/brake_pad/brake_pad_train_043_a65b16bca8ebd229.jpg,a65b16bca8ebd22937541d9129e9759fdfd341662e41a3952d8f2c79b1a05fc5,gpiosenka/car-parts-40-classes,car parts 50,train,dataset-v3-split-v1
kaggle_d1223f1ba5f77c51,kaggle50:brake_pad:kaggle_d1223f1ba5f77c51,brake_pad,train,44,data/images/dataset_v3/train/brake_pad/brake_pad_train_044_d1223f1ba5f77c51.jpg,d1223f1ba5f77c5108948987cc020de359ba995e7e39d8d195bbc5041c7e4266,gpiosenka/car-parts-40-classes,car parts 50,train,dataset-v3-split-v1
kaggle_ff9c7f7e7aeb5ca0,kaggle50:brake_pad:kaggle_ff9c7f7e7aeb5ca0,brake_pad,train,45,data/images/dataset_v3/train/brake_pad/brake_pad_train_045_ff9c7f7e7aeb5ca0.jpg,ff9c7f7e7aeb5ca0e3f89f28de58be1ddb73813d53d47d6f93c4074d1428526f,gpiosenka/car-parts-40-classes,car parts 50,train,dataset-v3-split-v1
kaggle_f0e613cf79aedbec,kaggle50:brake_pad:kaggle_f0e613cf79aedbec,brake_pad,train,46,data/images/dataset_v3/train/brake_pad/brake_pad_train_046_f0e613cf79aedbec.jpg,f0e613cf79aedbec03cb8c9e018376120f13f45feca301cda99cd4929556e834,gpiosenka/car-parts-40-classes,car parts 50,train,dataset-v3-split-v1
kaggle_bb2e84210cd88852,kaggle50:brake_pad:kaggle_bb2e84210cd88852,brake_pad,train,47,data/images/dataset_v3/train/brake_pad/brake_pad_train_047_bb2e84210cd88852.jpg,bb2e84210cd88852db0492488f7ba559b7e49aeab5f8fec3c561fc022c909c78,gpiosenka/car-parts-40-classes,car parts 50,train,dataset-v3-split-v1
kaggle_44350582745f18fb,kaggle50:brake_pad:kaggle_44350582745f18fb,brake_pad,train,48,data/images/dataset_v3/train/brake_pad/brake_pad_train_048_44350582745f18fb.jpg,44350582745f18fbe25392634db6fe6b653bcfd1051fbf6a60148108c5609e95,gpiosenka/car-parts-40-classes,car parts 50,train,dataset-v3-split-v1
kaggle_140ec6d943dc3ba2,kaggle50:brake_pad:kaggle_140ec6d943dc3ba2,brake_pad,train,49,data/images/dataset_v3/train/brake_pad/brake_pad_train_049_140ec6d943dc3ba2.jpg,140ec6d943dc3ba2d73f6b09b5fae8f144018a6911d382e6d4b11984863f18bf,gpiosenka/car-parts-40-classes,car parts 50,train,dataset-v3-split-v1
kaggle_fb53e0d7187b6384,kaggle50:brake_pad:kaggle_fb53e0d7187b6384,brake_pad,train,50,data/images/dataset_v3/train/brake_pad/brake_pad_train_050_fb53e0d7187b6384.jpg,fb53e0d7187b6384bb58e4f893889b241525cf223efeaef68282451243922be5,gpiosenka/car-parts-40-classes,car parts 50,validation,dataset-v3-split-v1
kaggle_9725a210fc1331d5,kaggle50:brake_pad:kaggle_9725a210fc1331d5,brake_pad,train,51,data/images/dataset_v3/train/brake_pad/brake_pad_train_051_9725a210fc1331d5.jpg,9725a210fc1331d547e714d18c8ea751bbee42ce77c8f2873e0204998d6cde8c,gpiosenka/car-parts-40-classes,car parts 50,train,dataset-v3-split-v1
kaggle_7614861d6846c2f9,kaggle50:brake_pad:kaggle_7614861d6846c2f9,brake_pad,train,52,data/images/dataset_v3/train/brake_pad/brake_pad_train_052_7614861d6846c2f9.jpg,7614861d6846c2f98a8fdbeaacd4c02e15285db9b38b1a255dc5ea217ba97dfd,gpiosenka/car-parts-40-classes,car parts 50,train,dataset-v3-split-v1
kaggle_1762175ec28c5d57,kaggle50:brake_pad:kaggle_1762175ec28c5d57,brake_pad,train,53,data/images/dataset_v3/train/brake_pad/brake_pad_train_053_1762175ec28c5d57.jpg,1762175ec28c5d578079bb24753f9e12f5f32b91c02b9ae06d95f8d0f59edc6e,gpiosenka/car-parts-40-classes,car parts 50,train,dataset-v3-split-v1
kaggle_680a2bc1c1901f2c,kaggle50:brake_pad:kaggle_680a2bc1c1901f2c,brake_pad,train,54,data/images/dataset_v3/train/brake_pad/brake_pad_train_054_680a2bc1c1901f2c.jpg,680a2bc1c1901f2c8fda3879316afc751f5d936ad833f8fd49fd7e511439526e,gpiosenka/car-parts-40-classes,car parts 50,train,dataset-v3-split-v1
kaggle_1cca1e6eaa1b9eed,kaggle50:brake_pad:kaggle_1cca1e6eaa1b9eed,brake_pad,train,55,data/images/dataset_v3/train/brake_pad/brake_pad_train_055_1cca1e6eaa1b9eed.jpg,1cca1e6eaa1b9eed8c9af00211411a9f4934dc649b45ef396d54bbff4b0e600e,gpiosenka/car-parts-40-classes,car parts 50,train,dataset-v3-split-v1
kaggle_69f8d8d73cb2bf49,kaggle50:brake_pad:kaggle_69f8d8d73cb2bf49,brake_pad,train,56,data/images/dataset_v3/train/brake_pad/brake_pad_train_056_69f8d8d73cb2bf49.jpg,69f8d8d73cb2bf4917b095a32c791ade75dd6a16f176ea57445c01405f886f5a,gpiosenka/car-parts-40-classes,car parts 50,train,dataset-v3-split-v1
kaggle_39790a2d79bf104c,kaggle50:brake_pad:kaggle_39790a2d79bf104c,brake_pad,train,57,data/images/dataset_v3/train/brake_pad/brake_pad_train_057_39790a2d79bf104c.jpg,39790a2d79bf104cf96d2f4b6ebe468051553b05c26f5988e920c9b28d6c684d,gpiosenka/car-parts-40-classes,car parts 50,train,dataset-v3-split-v1
kaggle_8c239f38cc4355dc,kaggle50:brake_pad:kaggle_8c239f38cc4355dc,brake_pad,train,58,data/images/dataset_v3/train/brake_pad/brake_pad_train_058_8c239f38cc4355dc.jpg,8c239f38cc4355dccbd5998499de3f50e5350542f51c6161819dd97351dce943,gpiosenka/car-parts-40-classes,car parts 50,train,dataset-v3-split-v1
kaggle_1d30f3f93637689f,kaggle50:brake_pad:kaggle_1d30f3f93637689f,brake_pad,train,59,data/images/dataset_v3/train/brake_pad/brake_pad_train_059_1d30f3f93637689f.jpg,1d30f3f93637689ff44a1bd4c69b4e7202c5609ab4157daa8d6e4598f3af87fd,gpiosenka/car-parts-40-classes,car parts 50,train,dataset-v3-split-v1
kaggle_3acddfb726207124,kaggle50:brake_pad:kaggle_3acddfb726207124,brake_pad,train,60,data/images/dataset_v3/train/brake_pad/brake_pad_train_060_3acddfb726207124.jpg,3acddfb7262071248f66bedb95dddf6d1bfe1b45964118d8aed46d4bf62163c4,gpiosenka/car-parts-40-classes,car parts 50,train,dataset-v3-split-v1
kaggle_a28c900d9cbcd177,kaggle50:coil_spring:kaggle_a28c900d9cbcd177,coil_spring,train,1,data/images/dataset_v3/train/coil_spring/coil_spring_train_001_a28c900d9cbcd177.jpg,a28c900d9cbcd1774da48d3260aba60e48034aba83bfc238012089d896d327a8,gpiosenka/car-parts-40-classes,car parts 50,train,dataset-v3-split-v1
kaggle_1a272238f129f526,kaggle50:coil_spring:kaggle_1a272238f129f526,coil_spring,train,2,data/images/dataset_v3/train/coil_spring/coil_spring_train_002_1a272238f129f526.jpg,1a272238f129f5260088a0cbbb261788f48f7813339fb5788ffb5f23d1e30e9f,gpiosenka/car-parts-40-classes,car parts 50,train,dataset-v3-split-v1
kaggle_a01d6a8ccb69ff35,kaggle50:coil_spring:kaggle_a01d6a8ccb69ff35,coil_spring,train,3,data/images/dataset_v3/train/coil_spring/coil_spring_train_003_a01d6a8ccb69ff35.jpg,a01d6a8ccb69ff3571e55a1093ec61c51e4381b0895eb518f5052ac84938f2d8,gpiosenka/car-parts-40-classes,car parts 50,train,dataset-v3-split-v1
kaggle_b321c3a1d0b1490b,kaggle50:coil_spring:kaggle_b321c3a1d0b1490b,coil_spring,train,4,data/images/dataset_v3/train/coil_spring/coil_spring_train_004_b321c3a1d0b1490b.jpg,b321c3a1d0b1490b3849aceff8b42d90d591ff016926e1108d67ab6d842e40d4,gpiosenka/car-parts-40-classes,car parts 50,train,dataset-v3-split-v1
kaggle_398577e5322cde15,kaggle50:coil_spring:kaggle_398577e5322cde15,coil_spring,train,5,data/images/dataset_v3/train/coil_spring/coil_spring_train_005_398577e5322cde15.jpg,398577e5322cde158f0be0dd84887aefe1d9d501d1ab6ffda958f69cc07e04ba,gpiosenka/car-parts-40-classes,car parts 50,train,dataset-v3-split-v1
kaggle_ca433c887ce15bd4,kaggle50:coil_spring:kaggle_ca433c887ce15bd4,coil_spring,train,6,data/images/dataset_v3/train/coil_spring/coil_spring_train_006_ca433c887ce15bd4.jpg,ca433c887ce15bd45a27cff2dfc76c95af7391a6c50fd0f95007d99150457504,gpiosenka/car-parts-40-classes,car parts 50,train,dataset-v3-split-v1
kaggle_118bdfc90da4f90e,kaggle50:coil_spring:kaggle_118bdfc90da4f90e,coil_spring,train,7,data/images/dataset_v3/train/coil_spring/coil_spring_train_007_118bdfc90da4f90e.jpg,118bdfc90da4f90ecf8a629e17b99c7de3e424171b99217c8df0273a980b71fe,gpiosenka/car-parts-40-classes,car parts 50,train,dataset-v3-split-v1
kaggle_6eaf02521990cfc1,kaggle50:coil_spring:kaggle_6eaf02521990cfc1,coil_spring,train,8,data/images/dataset_v3/train/coil_spring/coil_spring_train_008_6eaf02521990cfc1.jpg,6eaf02521990cfc1c056db6837d516a83c09ffc4d43555eae2a2b9ea2d469ed3,gpiosenka/car-parts-40-classes,car parts 50,train,dataset-v3-split-v1
kaggle_d8baaefa89de359b,kaggle50:coil_spring:kaggle_d8baaefa89de359b,coil_spring,train,9,data/images/dataset_v3/train/coil_spring/coil_spring_train_009_d8baaefa89de359b.jpg,d8baaefa89de359bf5ed0febbe3cb3bcf5a3bff310fdeba82e3a6a6939ee1d42,gpiosenka/car-parts-40-classes,car parts 50,train,dataset-v3-split-v1
kaggle_cfabeb285e357a92,kaggle50:coil_spring:kaggle_cfabeb285e357a92,coil_spring,train,10,data/images/dataset_v3/train/coil_spring/coil_spring_train_010_cfabeb285e357a92.jpg,cfabeb285e357a92e92ce7db4c24bf48b5694bef032dd400b0ad95b09a4a2f45,gpiosenka/car-parts-40-classes,car parts 50,train,dataset-v3-split-v1
kaggle_cef23f168d3e8190,kaggle50:coil_spring:kaggle_cef23f168d3e8190,coil_spring,train,11,data/images/dataset_v3/train/coil_spring/coil_spring_train_011_cef23f168d3e8190.jpg,cef23f168d3e81907287ef2b5f5398cbd9182f5ff0b0cf81a19a5cfbbb31e0cc,gpiosenka/car-parts-40-classes,car parts 50,train,dataset-v3-split-v1
kaggle_3275f8a9f87005e8,kaggle50:coil_spring:kaggle_3275f8a9f87005e8,coil_spring,train,12,data/images/dataset_v3/train/coil_spring/coil_spring_train_012_3275f8a9f87005e8.jpg,3275f8a9f87005e83cec3ec45457c5ab71b4b85a3663fa2266dd3c19e0dab418,gpiosenka/car-parts-40-classes,car parts 50,train,dataset-v3-split-v1
kaggle_7a10ad534722448c,kaggle50:coil_spring:kaggle_7a10ad534722448c,coil_spring,train,13,data/images/dataset_v3/train/coil_spring/coil_spring_train_013_7a10ad534722448c.jpg,7a10ad534722448c203a5db12c303d3d50fdf7233745ab1f23a59fa361ad7837,gpiosenka/car-parts-40-classes,car parts 50,train,dataset-v3-split-v1
kaggle_0ef2a1ed89414dad,kaggle50:coil_spring:kaggle_0ef2a1ed89414dad,coil_spring,train,14,data/images/dataset_v3/train/coil_spring/coil_spring_train_014_0ef2a1ed89414dad.jpg,0ef2a1ed89414dadaa79cf3fa753e74eaf5d459bad2d684544c3c15a8f1f9a35,gpiosenka/car-parts-40-classes,car parts 50,train,dataset-v3-split-v1
kaggle_2f528bb82dfbaf84,kaggle50:coil_spring:kaggle_2f528bb82dfbaf84,coil_spring,train,15,data/images/dataset_v3/train/coil_spring/coil_spring_train_015_2f528bb82dfbaf84.jpg,2f528bb82dfbaf840c8a9915c272c7b83f326b4829ac1b8dfb33df590a764ba6,gpiosenka/car-parts-40-classes,car parts 50,train,dataset-v3-split-v1
kaggle_35f0fbd465a41ce3,kaggle50:coil_spring:kaggle_35f0fbd465a41ce3,coil_spring,train,16,data/images/dataset_v3/train/coil_spring/coil_spring_train_016_35f0fbd465a41ce3.jpg,35f0fbd465a41ce35a571534d23a98e05b993a266874d0265c56f5f46f6f1313,gpiosenka/car-parts-40-classes,car parts 50,train,dataset-v3-split-v1
kaggle_468673eab5582897,kaggle50:coil_spring:kaggle_468673eab5582897,coil_spring,train,17,data/images/dataset_v3/train/coil_spring/coil_spring_train_017_468673eab5582897.jpg,468673eab5582897d6b1157634c450f6db32ce12111119e1c99ddf5b40afad8b,gpiosenka/car-parts-40-classes,car parts 50,train,dataset-v3-split-v1
kaggle_2de5803184d8a558,kaggle50:coil_spring:kaggle_2de5803184d8a558,coil_spring,train,18,data/images/dataset_v3/train/coil_spring/coil_spring_train_018_2de5803184d8a558.jpg,2de5803184d8a558f0f1b96a40c612e8e99e1d6407a21e66d6dcdb1d155d1b3e,gpiosenka/car-parts-40-classes,car parts 50,train,dataset-v3-split-v1
kaggle_68536abaf9fae79a,kaggle50:coil_spring:kaggle_68536abaf9fae79a,coil_spring,train,19,data/images/dataset_v3/train/coil_spring/coil_spring_train_019_68536abaf9fae79a.jpg,68536abaf9fae79aa697bcc4a3fba7ce1a63524bda8e9c2d284c6d7c0fb92a2b,gpiosenka/car-parts-40-classes,car parts 50,train,dataset-v3-split-v1
kaggle_9ba96c16677695cd,kaggle50:coil_spring:kaggle_9ba96c16677695cd,coil_spring,train,20,data/images/dataset_v3/train/coil_spring/coil_spring_train_020_9ba96c16677695cd.jpg,9ba96c16677695cdd06d40a1d6dbbd9983f2dd0c795739e371a9677b28630b1d,gpiosenka/car-parts-40-classes,car parts 50,train,dataset-v3-split-v1
kaggle_9d6db20a6f3a112b,kaggle50:coil_spring:kaggle_9d6db20a6f3a112b,coil_spring,train,21,data/images/dataset_v3/train/coil_spring/coil_spring_train_021_9d6db20a6f3a112b.jpg,9d6db20a6f3a112baf9a025a3fb0acc3be4fcab0d362c1c2e747f29677af657f,gpiosenka/car-parts-40-classes,car parts 50,train,dataset-v3-split-v1
kaggle_179bf75abe725238,kaggle50:coil_spring:kaggle_179bf75abe725238,coil_spring,train,22,data/images/dataset_v3/train/coil_spring/coil_spring_train_022_179bf75abe725238.jpg,179bf75abe725238e525bfaa17c3e20fca6658c0b9711b5d444b1f93399fe75b,gpiosenka/car-parts-40-classes,car parts 50,train,dataset-v3-split-v1
kaggle_da4f683cc0ae5cc9,kaggle50:coil_spring:kaggle_da4f683cc0ae5cc9,coil_spring,train,23,data/images/dataset_v3/train/coil_spring/coil_spring_train_023_da4f683cc0ae5cc9.jpg,da4f683cc0ae5cc93dea2d9d99086965f6ec1727ddb6a5ff46c608cf499fb825,gpiosenka/car-parts-40-classes,car parts 50,train,dataset-v3-split-v1
kaggle_9ac9d8f04b6a4271,kaggle50:coil_spring:kaggle_9ac9d8f04b6a4271,coil_spring,train,24,data/images/dataset_v3/train/coil_spring/coil_spring_train_024_9ac9d8f04b6a4271.jpg,9ac9d8f04b6a42718a7ec9add1e86ebb6fbb90a4654cf6bdc31fb56439f2a64e,gpiosenka/car-parts-40-classes,car parts 50,train,dataset-v3-split-v1
kaggle_5eeb23c5f051c358,kaggle50:coil_spring:kaggle_5eeb23c5f051c358,coil_spring,train,25,data/images/dataset_v3/train/coil_spring/coil_spring_train_025_5eeb23c5f051c358.jpg,5eeb23c5f051c358c1cca9b76375abc9a8a356d123397eb9443e0cc46b826310,gpiosenka/car-parts-40-classes,car parts 50,train,dataset-v3-split-v1
kaggle_182adb89d68c8f3b,kaggle50:coil_spring:kaggle_182adb89d68c8f3b,coil_spring,train,26,data/images/dataset_v3/train/coil_spring/coil_spring_train_026_182adb89d68c8f3b.jpg,182adb89d68c8f3be8fa802da9fb1d1b731bdf682d7be3fcdb25751e8e1632c4,gpiosenka/car-parts-40-classes,car parts 50,train,dataset-v3-split-v1
kaggle_1ac9740b325e2eb5,kaggle50:coil_spring:kaggle_1ac9740b325e2eb5,coil_spring,train,27,data/images/dataset_v3/train/coil_spring/coil_spring_train_027_1ac9740b325e2eb5.jpg,1ac9740b325e2eb56654388aba567c3e0dc5630f1f90a3a1d2fa4db4bee8554e,gpiosenka/car-parts-40-classes,car parts 50,train,dataset-v3-split-v1
kaggle_5e683cbbfe931471,kaggle50:coil_spring:kaggle_5e683cbbfe931471,coil_spring,train,28,data/images/dataset_v3/train/coil_spring/coil_spring_train_028_5e683cbbfe931471.jpg,5e683cbbfe931471bce13853c923e60d1a07fdff1ec86635449c1b8f0c80a1ff,gpiosenka/car-parts-40-classes,car parts 50,train,dataset-v3-split-v1
kaggle_89c4015212b275ad,kaggle50:coil_spring:kaggle_89c4015212b275ad,coil_spring,train,29,data/images/dataset_v3/train/coil_spring/coil_spring_train_029_89c4015212b275ad.jpg,89c4015212b275ad9bfd6fe010b67f2f38b41bcd1349f48e424e6125c17dfdbe,gpiosenka/car-parts-40-classes,car parts 50,train,dataset-v3-split-v1
kaggle_cac4a7761a3216df,kaggle50:coil_spring:kaggle_cac4a7761a3216df,coil_spring,train,30,data/images/dataset_v3/train/coil_spring/coil_spring_train_030_cac4a7761a3216df.jpg,cac4a7761a3216dfff8ba74f03f69cb914640a47da9071d9038ec6923b8e0690,gpiosenka/car-parts-40-classes,car parts 50,train,dataset-v3-split-v1
kaggle_a4dc5a7e9609b685,kaggle50:coil_spring:kaggle_a4dc5a7e9609b685,coil_spring,train,31,data/images/dataset_v3/train/coil_spring/coil_spring_train_031_a4dc5a7e9609b685.jpg,a4dc5a7e9609b6858a296973baa26a3ca9a5f69efae0ae73d387dbd30f92d14a,gpiosenka/car-parts-40-classes,car parts 50,train,dataset-v3-split-v1
kaggle_1e96e93b5185689d,kaggle50:coil_spring:kaggle_1e96e93b5185689d,coil_spring,train,32,data/images/dataset_v3/train/coil_spring/coil_spring_train_032_1e96e93b5185689d.jpg,1e96e93b5185689d0d16e78e902877675ec873a9d1b0a02616e5c2dd459fe405,gpiosenka/car-parts-40-classes,car parts 50,train,dataset-v3-split-v1
kaggle_3e0a7b14babf498d,kaggle50:coil_spring:kaggle_3e0a7b14babf498d,coil_spring,train,33,data/images/dataset_v3/train/coil_spring/coil_spring_train_033_3e0a7b14babf498d.jpg,3e0a7b14babf498dacef9640528474e6276b58cb70e28695dac285360b6f113d,gpiosenka/car-parts-40-classes,car parts 50,train,dataset-v3-split-v1
kaggle_432f0e4d67ed9a57,kaggle50:coil_spring:kaggle_432f0e4d67ed9a57,coil_spring,train,34,data/images/dataset_v3/train/coil_spring/coil_spring_train_034_432f0e4d67ed9a57.jpg,432f0e4d67ed9a5719b1efb271c98fc3f983dacd12760691f9de6d07b62e2283,gpiosenka/car-parts-40-classes,car parts 50,train,dataset-v3-split-v1
kaggle_969f977cb0ec7ec1,kaggle50:coil_spring:kaggle_969f977cb0ec7ec1,coil_spring,train,35,data/images/dataset_v3/train/coil_spring/coil_spring_train_035_969f977cb0ec7ec1.jpg,969f977cb0ec7ec1b5c9d4936e3a707a870ed47f5e9b1b9959b73e630a19f3e5,gpiosenka/car-parts-40-classes,car parts 50,train,dataset-v3-split-v1
kaggle_53135cb3c358232c,kaggle50:coil_spring:kaggle_53135cb3c358232c,coil_spring,train,36,data/images/dataset_v3/train/coil_spring/coil_spring_train_036_53135cb3c358232c.jpg,53135cb3c358232c7986b615d1242eee2855e4bcf8f4bd458cd121186221262c,gpiosenka/car-parts-40-classes,car parts 50,train,dataset-v3-split-v1
kaggle_1741823a0f653f55,kaggle50:coil_spring:kaggle_1741823a0f653f55,coil_spring,train,37,data/images/dataset_v3/train/coil_spring/coil_spring_train_037_1741823a0f653f55.jpg,1741823a0f653f55b63476efb65df04bdacc9eacaa6da05ab3a193ec5b3a0437,gpiosenka/car-parts-40-classes,car parts 50,train,dataset-v3-split-v1
kaggle_e3ac5ed10adfb10b,kaggle50:coil_spring:kaggle_e3ac5ed10adfb10b,coil_spring,train,38,data/images/dataset_v3/train/coil_spring/coil_spring_train_038_e3ac5ed10adfb10b.jpg,e3ac5ed10adfb10b3ecd06edb800bc3db1137b80f434d7b24bd76589296de284,gpiosenka/car-parts-40-classes,car parts 50,train,dataset-v3-split-v1
kaggle_5abd227d931f0801,kaggle50:coil_spring:kaggle_5abd227d931f0801,coil_spring,train,39,data/images/dataset_v3/train/coil_spring/coil_spring_train_039_5abd227d931f0801.jpg,5abd227d931f08014925a6f851de28d2756e6f2b2c55e64ec80357181d61d393,gpiosenka/car-parts-40-classes,car parts 50,test,dataset-v3-split-v1
kaggle_2088726160cfc9b0,kaggle50:coil_spring:kaggle_2088726160cfc9b0,coil_spring,train,40,data/images/dataset_v3/train/coil_spring/coil_spring_train_040_2088726160cfc9b0.jpg,2088726160cfc9b07d5080b71c1312e47c6a44e66e4905bd3ee9a51412c9cf3a,gpiosenka/car-parts-40-classes,car parts 50,train,dataset-v3-split-v1
kaggle_13f31daa6865aa7e,kaggle50:coil_spring:kaggle_13f31daa6865aa7e,coil_spring,train,41,data/images/dataset_v3/train/coil_spring/coil_spring_train_041_13f31daa6865aa7e.jpg,13f31daa6865aa7ec4e8064a9be68c51556e21e6d0e500d384a921d074449183,gpiosenka/car-parts-40-classes,car parts 50,train,dataset-v3-split-v1
kaggle_7b7838225155c472,kaggle50:coil_spring:kaggle_7b7838225155c472,coil_spring,train,42,data/images/dataset_v3/train/coil_spring/coil_spring_train_042_7b7838225155c472.jpg,7b7838225155c4727e90aa37327e4a87c3b5602d42d3e929f9888c0208ce8267,gpiosenka/car-parts-40-classes,car parts 50,train,dataset-v3-split-v1
kaggle_b813cb9743f1bc69,kaggle50:coil_spring:kaggle_b813cb9743f1bc69,coil_spring,train,43,data/images/dataset_v3/train/coil_spring/coil_spring_train_043_b813cb9743f1bc69.jpg,b813cb9743f1bc698947ba266d67fcb26ab47f9f98413a87f8b30f30c77b4c11,gpiosenka/car-parts-40-classes,car parts 50,train,dataset-v3-split-v1
kaggle_34fcf171481e9010,kaggle50:coil_spring:kaggle_34fcf171481e9010,coil_spring,train,44,data/images/dataset_v3/train/coil_spring/coil_spring_train_044_34fcf171481e9010.jpg,34fcf171481e901030b5ab62fe9494654d38514f1457f2d6ce3f6860760e85b4,gpiosenka/car-parts-40-classes,car parts 50,validation,dataset-v3-split-v1
kaggle_554b207f86352413,kaggle50:coil_spring:kaggle_554b207f86352413,coil_spring,train,45,data/images/dataset_v3/train/coil_spring/coil_spring_train_045_554b207f86352413.jpg,554b207f863524136ae37416470e23e9924daf8f15aca35075e5f45a185d60ee,gpiosenka/car-parts-40-classes,car parts 50,train,dataset-v3-split-v1
kaggle_a1ed42a4c22b3774,kaggle50:coil_spring:kaggle_a1ed42a4c22b3774,coil_spring,train,46,data/images/dataset_v3/train/coil_spring/coil_spring_train_046_a1ed42a4c22b3774.jpg,a1ed42a4c22b37745bc2d03aa0260a84eeeed1a79cfdbf321aa6825c8df99924,gpiosenka/car-parts-40-classes,car parts 50,train,dataset-v3-split-v1
kaggle_a5cff1e39f541cd5,kaggle50:coil_spring:kaggle_a5cff1e39f541cd5,coil_spring,train,47,data/images/dataset_v3/train/coil_spring/coil_spring_train_047_a5cff1e39f541cd5.jpg,a5cff1e39f541cd540eec6dac10c119530977ef7bed8d92ee068d378154bc8b9,gpiosenka/car-parts-40-classes,car parts 50,train,dataset-v3-split-v1
kaggle_4934f9729ec01db2,kaggle50:coil_spring:kaggle_4934f9729ec01db2,coil_spring,train,48,data/images/dataset_v3/train/coil_spring/coil_spring_train_048_4934f9729ec01db2.jpg,4934f9729ec01db225e0cb88c5593e528c949f3e4a049fb1db46da1691e50eac,gpiosenka/car-parts-40-classes,car parts 50,train,dataset-v3-split-v1
kaggle_760022f445bb480b,kaggle50:coil_spring:kaggle_760022f445bb480b,coil_spring,train,49,data/images/dataset_v3/train/coil_spring/coil_spring_train_049_760022f445bb480b.jpg,760022f445bb480bb6a9aa6f889e89ed5234407dd9ed197001874f5f56bccf12,gpiosenka/car-parts-40-classes,car parts 50,test,dataset-v3-split-v1
kaggle_10a2b8412bdac7e3,kaggle50:coil_spring:kaggle_10a2b8412bdac7e3,coil_spring,train,50,data/images/dataset_v3/train/coil_spring/coil_spring_train_050_10a2b8412bdac7e3.jpg,10a2b8412bdac7e38d46bf2530e12496b3bf16980adccb8cb6f5249c5be21b10,gpiosenka/car-parts-40-classes,car parts 50,train,dataset-v3-split-v1
kaggle_43f8b14c78b90108,kaggle50:coil_spring:kaggle_43f8b14c78b90108,coil_spring,train,51,data/images/dataset_v3/train/coil_spring/coil_spring_train_051_43f8b14c78b90108.jpg,43f8b14c78b901081a28fc671be660dd77fed143d4eae8e83a5d0a8ebc3ca195,gpiosenka/car-parts-40-classes,car parts 50,train,dataset-v3-split-v1
kaggle_dd0cfb4f178096a1,kaggle50:coil_spring:kaggle_dd0cfb4f178096a1,coil_spring,train,52,data/images/dataset_v3/train/coil_spring/coil_spring_train_052_dd0cfb4f178096a1.jpg,dd0cfb4f178096a1a5e84bd66f147dd270076216d1d025f33bd85243328b2268,gpiosenka/car-parts-40-classes,car parts 50,train,dataset-v3-split-v1
kaggle_bba4804024a627a9,kaggle50:coil_spring:kaggle_bba4804024a627a9,coil_spring,train,53,data/images/dataset_v3/train/coil_spring/coil_spring_train_053_bba4804024a627a9.jpg,bba4804024a627a910d92172b85b16eeecb3fd401af20932d3822defb83ad86d,gpiosenka/car-parts-40-classes,car parts 50,train,dataset-v3-split-v1
kaggle_d71f24dcac2f3539,kaggle50:coil_spring:kaggle_d71f24dcac2f3539,coil_spring,train,54,data/images/dataset_v3/train/coil_spring/coil_spring_train_054_d71f24dcac2f3539.jpg,d71f24dcac2f3539b5889c23986115f22db464e75cd1b6d6e409fdf5b4c95eb0,gpiosenka/car-parts-40-classes,car parts 50,train,dataset-v3-split-v1
kaggle_3aeb3b0882ec25c1,kaggle50:coil_spring:kaggle_3aeb3b0882ec25c1,coil_spring,train,55,data/images/dataset_v3/train/coil_spring/coil_spring_train_055_3aeb3b0882ec25c1.jpg,3aeb3b0882ec25c1c4df51a719571ddaceb7d34c8db7a0827480876ad292066c,gpiosenka/car-parts-40-classes,car parts 50,train,dataset-v3-split-v1
kaggle_59bc991384ec82af,kaggle50:coil_spring:kaggle_59bc991384ec82af,coil_spring,train,56,data/images/dataset_v3/train/coil_spring/coil_spring_train_056_59bc991384ec82af.jpg,59bc991384ec82af47585e02818d514c93faf042c38c91814940e1cb246ec456,gpiosenka/car-parts-40-classes,car parts 50,train,dataset-v3-split-v1
kaggle_1a4ee0786777c220,kaggle50:coil_spring:kaggle_1a4ee0786777c220,coil_spring,train,57,data/images/dataset_v3/train/coil_spring/coil_spring_train_057_1a4ee0786777c220.jpg,1a4ee0786777c220b22ec324ad04fb3aaa03a8e27320a2c3139a54f430e60e43,gpiosenka/car-parts-40-classes,car parts 50,train,dataset-v3-split-v1
kaggle_d64991658fc6476b,kaggle50:coil_spring:kaggle_d64991658fc6476b,coil_spring,train,58,data/images/dataset_v3/train/coil_spring/coil_spring_train_058_d64991658fc6476b.jpg,d64991658fc6476ba9fffc9cc44a3f580da4e4a2b0fab58bdd7bd5a1ae0e0177,gpiosenka/car-parts-40-classes,car parts 50,train,dataset-v3-split-v1
kaggle_119c1c0e414fbb3d,kaggle50:coil_spring:kaggle_119c1c0e414fbb3d,coil_spring,train,59,data/images/dataset_v3/train/coil_spring/coil_spring_train_059_119c1c0e414fbb3d.jpg,119c1c0e414fbb3d58f685525e712cd740527c36d3018100f2e8f4fab7e69616,gpiosenka/car-parts-40-classes,car parts 50,train,dataset-v3-split-v1
kaggle_51678b49c647013f,kaggle50:coil_spring:kaggle_51678b49c647013f,coil_spring,train,60,data/images/dataset_v3/train/coil_spring/coil_spring_train_060_51678b49c647013f.jpg,51678b49c647013f9017ec5f48f37de17d8a60aeb515591ebfd2cc252a484b13,gpiosenka/car-parts-40-classes,car parts 50,train,dataset-v3-split-v1
kaggle_15d6656d33ca80ed,kaggle50:headlight:kaggle_15d6656d33ca80ed,headlight,train,1,data/images/dataset_v3/train/headlight/headlight_train_001_15d6656d33ca80ed.jpg,15d6656d33ca80ed26a920fb08e5f9397c64ad0c60c67dac26843280fb089e10,gpiosenka/car-parts-40-classes,car parts 50,train,dataset-v3-split-v1
kaggle_bf9647425250990e,kaggle50:headlight:kaggle_bf9647425250990e,headlight,train,2,data/images/dataset_v3/train/headlight/headlight_train_002_bf9647425250990e.jpg,bf9647425250990eafb1bb38f5a091b9afdbbb15bc6898c52d05bc937dfe8a7f,gpiosenka/car-parts-40-classes,car parts 50,train,dataset-v3-split-v1
kaggle_2286b961b8dfc26b,kaggle50:headlight:kaggle_2286b961b8dfc26b,headlight,train,3,data/images/dataset_v3/train/headlight/headlight_train_003_2286b961b8dfc26b.jpg,2286b961b8dfc26b8fafe8ddcad2b09caeee1fc108d95df7b76eb43c1d88b14d,gpiosenka/car-parts-40-classes,car parts 50,train,dataset-v3-split-v1
kaggle_dafa288d58525134,kaggle50:headlight:kaggle_dafa288d58525134,headlight,train,4,data/images/dataset_v3/train/headlight/headlight_train_004_dafa288d58525134.jpg,dafa288d585251343e51f8d77ba55e099540b24eb1e65217f384ae132ca2687f,gpiosenka/car-parts-40-classes,car parts 50,train,dataset-v3-split-v1
kaggle_749a7ff7baa8765e,kaggle50:headlight:kaggle_749a7ff7baa8765e,headlight,train,5,data/images/dataset_v3/train/headlight/headlight_train_005_749a7ff7baa8765e.jpg,749a7ff7baa8765e57823f5e0add318a337f4ee0bd8d800d08164d6e5fbed5bd,gpiosenka/car-parts-40-classes,car parts 50,train,dataset-v3-split-v1
kaggle_35fa368edbf459fa,kaggle50:headlight:kaggle_35fa368edbf459fa,headlight,train,6,data/images/dataset_v3/train/headlight/headlight_train_006_35fa368edbf459fa.jpg,35fa368edbf459fa8a00bb35c7ca07c8edc65d44d246aa4bbf5f4e28b0293e1d,gpiosenka/car-parts-40-classes,car parts 50,train,dataset-v3-split-v1
kaggle_c398f3a1bacd104c,kaggle50:headlight:kaggle_c398f3a1bacd104c,headlight,train,7,data/images/dataset_v3/train/headlight/headlight_train_007_c398f3a1bacd104c.jpg,c398f3a1bacd104c40644b9b5d87602639726b0967df5214729251a0d9c87255,gpiosenka/car-parts-40-classes,car parts 50,train,dataset-v3-split-v1
kaggle_e3fa91abb04efd50,kaggle50:headlight:kaggle_e3fa91abb04efd50,headlight,train,8,data/images/dataset_v3/train/headlight/headlight_train_008_e3fa91abb04efd50.jpg,e3fa91abb04efd5008449c533c64a92b72daa35d037c45bf4a62fff791eac78e,gpiosenka/car-parts-40-classes,car parts 50,train,dataset-v3-split-v1
kaggle_e7c5f2b5c292a09d,kaggle50:headlight:kaggle_e7c5f2b5c292a09d,headlight,train,9,data/images/dataset_v3/train/headlight/headlight_train_009_e7c5f2b5c292a09d.jpg,e7c5f2b5c292a09d7dde3cb75f5ac80175562f7dda93220dfb03e006a59c0b54,gpiosenka/car-parts-40-classes,car parts 50,train,dataset-v3-split-v1
kaggle_33b460f99b5e345e,kaggle50:headlight:kaggle_33b460f99b5e345e,headlight,train,10,data/images/dataset_v3/train/headlight/headlight_train_010_33b460f99b5e345e.jpg,33b460f99b5e345edd0fbacb7fb8b5e516f494896e56a5589d63c933e9161d75,gpiosenka/car-parts-40-classes,car parts 50,train,dataset-v3-split-v1
kaggle_5d3fb1b29791125b,kaggle50:headlight:kaggle_5d3fb1b29791125b,headlight,train,11,data/images/dataset_v3/train/headlight/headlight_train_011_5d3fb1b29791125b.jpg,5d3fb1b29791125b3600e50a69a0a8186400c3df03c706633a9d2b47792211cd,gpiosenka/car-parts-40-classes,car parts 50,train,dataset-v3-split-v1
kaggle_b91ce5f846c9cffc,kaggle50:headlight:kaggle_b91ce5f846c9cffc,headlight,train,12,data/images/dataset_v3/train/headlight/headlight_train_012_b91ce5f846c9cffc.jpg,b91ce5f846c9cffc40fa3be5d69aa1d37ce9a54bf4c15e8bc63fd1130981b9ee,gpiosenka/car-parts-40-classes,car parts 50,train,dataset-v3-split-v1
kaggle_6ab6be84b6488de8,kaggle50:headlight:kaggle_6ab6be84b6488de8,headlight,train,13,data/images/dataset_v3/train/headlight/headlight_train_013_6ab6be84b6488de8.jpg,6ab6be84b6488de86198aa80447c0786eac1157a4f2d228a7f446307b57374a9,gpiosenka/car-parts-40-classes,car parts 50,train,dataset-v3-split-v1
kaggle_9d420001716ba717,kaggle50:headlight:kaggle_9d420001716ba717,headlight,train,14,data/images/dataset_v3/train/headlight/headlight_train_014_9d420001716ba717.jpg,9d420001716ba71772d2e00a2562a2dfb482ae66ad12ee0679875c70d362210b,gpiosenka/car-parts-40-classes,car parts 50,train,dataset-v3-split-v1
kaggle_a00034aef147fe37,kaggle50:headlight:kaggle_a00034aef147fe37,headlight,train,15,data/images/dataset_v3/train/headlight/headlight_train_015_a00034aef147fe37.jpg,a00034aef147fe3720887dd0694796a0ef1fe3ecb62c01c6f7cbf137028f09a9,gpiosenka/car-parts-40-classes,car parts 50,train,dataset-v3-split-v1
kaggle_2986b6a09509394a,kaggle50:headlight:kaggle_2986b6a09509394a,headlight,train,16,data/images/dataset_v3/train/headlight/headlight_train_016_2986b6a09509394a.jpg,2986b6a09509394ac2f2cd837dbd72e96b85d9dfb93068ce6c5a688b64b09b0d,gpiosenka/car-parts-40-classes,car parts 50,train,dataset-v3-split-v1
kaggle_b22dc17fe8414813,kaggle50:headlight:kaggle_b22dc17fe8414813,headlight,train,17,data/images/dataset_v3/train/headlight/headlight_train_017_b22dc17fe8414813.jpg,b22dc17fe8414813de2570223817af97fc5fca88dcec1a64174b8a42d0438e97,gpiosenka/car-parts-40-classes,car parts 50,train,dataset-v3-split-v1
kaggle_ef8e721dd52c5699,kaggle50:headlight:kaggle_ef8e721dd52c5699,headlight,train,18,data/images/dataset_v3/train/headlight/headlight_train_018_ef8e721dd52c5699.jpg,ef8e721dd52c569903371d0e6cc74d8f1f01078ef0399890b342dce9a227fd6f,gpiosenka/car-parts-40-classes,car parts 50,validation,dataset-v3-split-v1
kaggle_3ef7fa3471c13be4,kaggle50:headlight:kaggle_3ef7fa3471c13be4,headlight,train,19,data/images/dataset_v3/train/headlight/headlight_train_019_3ef7fa3471c13be4.jpg,3ef7fa3471c13be44fd816d982a9606f627a249e4d99c4e0dbf08c9e094d0612,gpiosenka/car-parts-40-classes,car parts 50,train,dataset-v3-split-v1
kaggle_2ee00b0ce71b7952,kaggle50:headlight:kaggle_2ee00b0ce71b7952,headlight,train,20,data/images/dataset_v3/train/headlight/headlight_train_020_2ee00b0ce71b7952.jpg,2ee00b0ce71b7952107e3d18a78f32d18136c9daf42f6472f1a2f07f15ea2a94,gpiosenka/car-parts-40-classes,car parts 50,train,dataset-v3-split-v1
kaggle_621100451c040848,kaggle50:headlight:kaggle_621100451c040848,headlight,train,21,data/images/dataset_v3/train/headlight/headlight_train_021_621100451c040848.jpg,621100451c0408482a283f85e37d845daf458e91087a59a15fb85394a4ac21fd,gpiosenka/car-parts-40-classes,car parts 50,train,dataset-v3-split-v1
kaggle_e356e1b751b132c3,kaggle50:headlight:kaggle_e356e1b751b132c3,headlight,train,22,data/images/dataset_v3/train/headlight/headlight_train_022_e356e1b751b132c3.jpg,e356e1b751b132c3ee17db805cb0e3eca538c7452c14bb0362a3bf1555b38454,gpiosenka/car-parts-40-classes,car parts 50,train,dataset-v3-split-v1
kaggle_4096250115db6959,kaggle50:headlight:kaggle_4096250115db6959,headlight,train,23,data/images/dataset_v3/train/headlight/headlight_train_023_4096250115db6959.jpg,4096250115db69594feb702621a12820d3690f617285054228c47de192ad5d19,gpiosenka/car-parts-40-classes,car parts 50,train,dataset-v3-split-v1
kaggle_081ca9b59abeaf9c,kaggle50:headlight:kaggle_081ca9b59abeaf9c,headlight,train,24,data/images/dataset_v3/train/headlight/headlight_train_024_081ca9b59abeaf9c.jpg,081ca9b59abeaf9c080e1c2c941baf602b8c44407290ccc3e767a235940f0f49,gpiosenka/car-parts-40-classes,car parts 50,train,dataset-v3-split-v1
kaggle_c7206adc4e7c9678,kaggle50:headlight:kaggle_c7206adc4e7c9678,headlight,train,25,data/images/dataset_v3/train/headlight/headlight_train_025_c7206adc4e7c9678.jpg,c7206adc4e7c9678af8e83b088d9234123eb1179c6741ef772992565983ee451,gpiosenka/car-parts-40-classes,car parts 50,train,dataset-v3-split-v1
kaggle_6909fda244173986,kaggle50:headlight:kaggle_6909fda244173986,headlight,train,26,data/images/dataset_v3/train/headlight/headlight_train_026_6909fda244173986.jpg,6909fda244173986dbfbf42d562837871aee736fbefff082a9477a21db3d7ac6,gpiosenka/car-parts-40-classes,car parts 50,train,dataset-v3-split-v1
kaggle_6cfd8ab65c53cb1b,kaggle50:headlight:kaggle_6cfd8ab65c53cb1b,headlight,train,27,data/images/dataset_v3/train/headlight/headlight_train_027_6cfd8ab65c53cb1b.jpg,6cfd8ab65c53cb1b5153da347c2a6919a8f460bb42c1d9ff776dd32b96bca64d,gpiosenka/car-parts-40-classes,car parts 50,train,dataset-v3-split-v1
kaggle_09547e7a6d30cf18,kaggle50:headlight:kaggle_09547e7a6d30cf18,headlight,train,28,data/images/dataset_v3/train/headlight/headlight_train_028_09547e7a6d30cf18.jpg,09547e7a6d30cf18cdc2a2ad77d89fa843f0273f990429a6ab5c7b9f07a0bf53,gpiosenka/car-parts-40-classes,car parts 50,train,dataset-v3-split-v1
kaggle_8d89636c936cedc8,kaggle50:headlight:kaggle_8d89636c936cedc8,headlight,train,29,data/images/dataset_v3/train/headlight/headlight_train_029_8d89636c936cedc8.jpg,8d89636c936cedc81b282f510881b447a51a96e6147f3aea8da79683e312c002,gpiosenka/car-parts-40-classes,car parts 50,train,dataset-v3-split-v1
kaggle_4c9ae66b385cfb55,kaggle50:headlight:kaggle_4c9ae66b385cfb55,headlight,train,30,data/images/dataset_v3/train/headlight/headlight_train_030_4c9ae66b385cfb55.jpg,4c9ae66b385cfb55dd67c10b842c3aeed02b17eb3b52a579fb2a5fa32eac054a,gpiosenka/car-parts-40-classes,car parts 50,train,dataset-v3-split-v1
kaggle_4cc0016d16bbbf71,kaggle50:headlight:kaggle_4cc0016d16bbbf71,headlight,train,31,data/images/dataset_v3/train/headlight/headlight_train_031_4cc0016d16bbbf71.jpg,4cc0016d16bbbf71e3587958b492e77aba741c9493f786643d327e5f03cf5aec,gpiosenka/car-parts-40-classes,car parts 50,train,dataset-v3-split-v1
kaggle_85b22f4dae00fa46,kaggle50:headlight:kaggle_85b22f4dae00fa46,headlight,train,32,data/images/dataset_v3/train/headlight/headlight_train_032_85b22f4dae00fa46.jpg,85b22f4dae00fa46233d25c08585c04cdb7f7e3e1179c1a3e3f082e0b0a09dae,gpiosenka/car-parts-40-classes,car parts 50,train,dataset-v3-split-v1
kaggle_44ea421836d0b3ea,kaggle50:headlight:kaggle_44ea421836d0b3ea,headlight,train,33,data/images/dataset_v3/train/headlight/headlight_train_033_44ea421836d0b3ea.jpg,44ea421836d0b3eaadcc691135be956d2cb2bef767b51104c871ea3f57581ad0,gpiosenka/car-parts-40-classes,car parts 50,validation,dataset-v3-split-v1
kaggle_e2f9beec12594b9d,kaggle50:headlight:kaggle_e2f9beec12594b9d,headlight,train,34,data/images/dataset_v3/train/headlight/headlight_train_034_e2f9beec12594b9d.jpg,e2f9beec12594b9d57ece32df96ec0fcc71725bb143a310e1042d35781502024,gpiosenka/car-parts-40-classes,car parts 50,train,dataset-v3-split-v1
kaggle_d1c95e54626199ec,kaggle50:headlight:kaggle_d1c95e54626199ec,headlight,train,35,data/images/dataset_v3/train/headlight/headlight_train_035_d1c95e54626199ec.jpg,d1c95e54626199ec4e16775dcc7ecf3cff286c90ce6d7a8e22f00b3936e93cb4,gpiosenka/car-parts-40-classes,car parts 50,train,dataset-v3-split-v1
kaggle_2844e352928057ef,kaggle50:headlight:kaggle_2844e352928057ef,headlight,train,36,data/images/dataset_v3/train/headlight/headlight_train_036_2844e352928057ef.jpg,2844e352928057efe52e272b74b4abd9c994d8e1816e25625f375cbd58624a86,gpiosenka/car-parts-40-classes,car parts 50,train,dataset-v3-split-v1
kaggle_092ceee3f3e5c5f6,kaggle50:headlight:kaggle_092ceee3f3e5c5f6,headlight,train,37,data/images/dataset_v3/train/headlight/headlight_train_037_092ceee3f3e5c5f6.jpg,092ceee3f3e5c5f6565cdd7fddad2b14ab8d27b054f2d206e1783c7088a7db9c,gpiosenka/car-parts-40-classes,car parts 50,train,dataset-v3-split-v1
kaggle_5b1d5c0b71a1ec89,kaggle50:headlight:kaggle_5b1d5c0b71a1ec89,headlight,train,38,data/images/dataset_v3/train/headlight/headlight_train_038_5b1d5c0b71a1ec89.jpg,5b1d5c0b71a1ec8938a57cc721d9bfe30bf8de0d05074a9fc62a3cd33c477c78,gpiosenka/car-parts-40-classes,car parts 50,train,dataset-v3-split-v1
kaggle_f7ee78c02abfb595,kaggle50:headlight:kaggle_f7ee78c02abfb595,headlight,train,39,data/images/dataset_v3/train/headlight/headlight_train_039_f7ee78c02abfb595.jpg,f7ee78c02abfb59518e6700ed62f9202ae9c5e223f9357529e273c6e66927f6e,gpiosenka/car-parts-40-classes,car parts 50,train,dataset-v3-split-v1
kaggle_a397f8fe17606cad,kaggle50:headlight:kaggle_a397f8fe17606cad,headlight,train,40,data/images/dataset_v3/train/headlight/headlight_train_040_a397f8fe17606cad.jpg,a397f8fe17606cad9a4153da6bf9df5a51b1db351ed936325b45c29da8e0f045,gpiosenka/car-parts-40-classes,car parts 50,train,dataset-v3-split-v1
kaggle_6089c8f725a56ceb,kaggle50:headlight:kaggle_6089c8f725a56ceb,headlight,train,41,data/images/dataset_v3/train/headlight/headlight_train_041_6089c8f725a56ceb.jpg,6089c8f725a56cebdb71c616c59a6cd1b4c69244aeb3cc520a5c6fe90a059ff2,gpiosenka/car-parts-40-classes,car parts 50,train,dataset-v3-split-v1
kaggle_b31053ce280aa679,kaggle50:headlight:kaggle_b31053ce280aa679,headlight,train,42,data/images/dataset_v3/train/headlight/headlight_train_042_b31053ce280aa679.jpg,b31053ce280aa679a42d4cda5953eade68cea70f0ee937e3a9373126c7b4967b,gpiosenka/car-parts-40-classes,car parts 50,train,dataset-v3-split-v1
kaggle_aff5493c8a47f737,kaggle50:headlight:kaggle_aff5493c8a47f737,headlight,train,43,data/images/dataset_v3/train/headlight/headlight_train_043_aff5493c8a47f737.jpg,aff5493c8a47f737f837b3dfe90fb5b375f131adc77721fd7611af2dcbe304e5,gpiosenka/car-parts-40-classes,car parts 50,train,dataset-v3-split-v1
kaggle_a588ba154f67a2b9,kaggle50:headlight:kaggle_a588ba154f67a2b9,headlight,train,44,data/images/dataset_v3/train/headlight/headlight_train_044_a588ba154f67a2b9.jpg,a588ba154f67a2b91e44c73e6b98aef2284fe76492f073f12f22c858d0af233d,gpiosenka/car-parts-40-classes,car parts 50,train,dataset-v3-split-v1
kaggle_e2c731cab3f91947,kaggle50:headlight:kaggle_e2c731cab3f91947,headlight,train,45,data/images/dataset_v3/train/headlight/headlight_train_045_e2c731cab3f91947.jpg,e2c731cab3f91947d15119fc304fd83469ece824ebf42c7bc8ee3216211117de,gpiosenka/car-parts-40-classes,car parts 50,train,dataset-v3-split-v1
kaggle_8ee51f6305b892f0,kaggle50:headlight:kaggle_8ee51f6305b892f0,headlight,train,46,data/images/dataset_v3/train/headlight/headlight_train_046_8ee51f6305b892f0.jpg,8ee51f6305b892f0326f664a94f2c07e136306cbe4e1455e7bb49706b332eebd,gpiosenka/car-parts-40-classes,car parts 50,train,dataset-v3-split-v1
kaggle_b8715c4081ed5eff,kaggle50:headlight:kaggle_b8715c4081ed5eff,headlight,train,47,data/images/dataset_v3/train/headlight/headlight_train_047_b8715c4081ed5eff.jpg,b8715c4081ed5eff3dd18e75abf601d824a96b08cd8a9e24fb667e6e965e7eb2,gpiosenka/car-parts-40-classes,car parts 50,train,dataset-v3-split-v1
kaggle_f5d191ce2fac5b0f,kaggle50:headlight:kaggle_f5d191ce2fac5b0f,headlight,train,48,data/images/dataset_v3/train/headlight/headlight_train_048_f5d191ce2fac5b0f.jpg,f5d191ce2fac5b0f1268dc9ac4da44953f7b600a8f7862ad3f435a1e12a6bff7,gpiosenka/car-parts-40-classes,car parts 50,test,dataset-v3-split-v1
kaggle_feee154c21471cdf,kaggle50:headlight:kaggle_feee154c21471cdf,headlight,train,49,data/images/dataset_v3/train/headlight/headlight_train_049_feee154c21471cdf.jpg,feee154c21471cdfdac88cf61016f958c84022776fdb56836d0ff6d0936fe2cd,gpiosenka/car-parts-40-classes,car parts 50,train,dataset-v3-split-v1
kaggle_53a77d9fb352eb03,kaggle50:headlight:kaggle_53a77d9fb352eb03,headlight,train,50,data/images/dataset_v3/train/headlight/headlight_train_050_53a77d9fb352eb03.jpg,53a77d9fb352eb032a078682d49b74e6cc24b4b64def9f1f6958fdca1e7ae888,gpiosenka/car-parts-40-classes,car parts 50,train,dataset-v3-split-v1
kaggle_be0e6d831208de18,kaggle50:headlight:kaggle_be0e6d831208de18,headlight,train,51,data/images/dataset_v3/train/headlight/headlight_train_051_be0e6d831208de18.jpg,be0e6d831208de18bdde1fd63082ba8eb7af15e3d01b87485520350792789900,gpiosenka/car-parts-40-classes,car parts 50,train,dataset-v3-split-v1
kaggle_29234b57269468bc,kaggle50:headlight:kaggle_29234b57269468bc,headlight,train,52,data/images/dataset_v3/train/headlight/headlight_train_052_29234b57269468bc.jpg,29234b57269468bcf4c0d9d41cc1309334228333091aa5f722e1c070cb130593,gpiosenka/car-parts-40-classes,car parts 50,train,dataset-v3-split-v1
kaggle_5d309d801a6afba5,kaggle50:headlight:kaggle_5d309d801a6afba5,headlight,train,53,data/images/dataset_v3/train/headlight/headlight_train_053_5d309d801a6afba5.jpg,5d309d801a6afba569a7c5264c0f99e7615419d885c526777bdfbff60f1557a0,gpiosenka/car-parts-40-classes,car parts 50,train,dataset-v3-split-v1
kaggle_686f6783927dcaa8,kaggle50:headlight:kaggle_686f6783927dcaa8,headlight,train,54,data/images/dataset_v3/train/headlight/headlight_train_054_686f6783927dcaa8.jpg,686f6783927dcaa8d3f8669057155b72f3000cb151792883a163b6803dfe98ca,gpiosenka/car-parts-40-classes,car parts 50,train,dataset-v3-split-v1
kaggle_90a4a378627e748e,kaggle50:headlight:kaggle_90a4a378627e748e,headlight,train,55,data/images/dataset_v3/train/headlight/headlight_train_055_90a4a378627e748e.jpg,90a4a378627e748e39d8a1d09709e11116dac2336ad600e324967f35cf4ea1d7,gpiosenka/car-parts-40-classes,car parts 50,train,dataset-v3-split-v1
kaggle_b52c2079b234d22c,kaggle50:headlight:kaggle_b52c2079b234d22c,headlight,train,56,data/images/dataset_v3/train/headlight/headlight_train_056_b52c2079b234d22c.jpg,b52c2079b234d22c668a2e6cd01030b7b9773834703a38c4df128753820b6662,gpiosenka/car-parts-40-classes,car parts 50,train,dataset-v3-split-v1
kaggle_f5a89e285fdf4a3c,kaggle50:headlight:kaggle_f5a89e285fdf4a3c,headlight,train,57,data/images/dataset_v3/train/headlight/headlight_train_057_f5a89e285fdf4a3c.jpg,f5a89e285fdf4a3c669fbc71efb266b760f1c043ef2826adf62c49e5ee8eec0b,gpiosenka/car-parts-40-classes,car parts 50,validation,dataset-v3-split-v1
kaggle_35d91578cfb51adc,kaggle50:headlight:kaggle_35d91578cfb51adc,headlight,train,58,data/images/dataset_v3/train/headlight/headlight_train_058_35d91578cfb51adc.jpg,35d91578cfb51adcdaddfe6a3be3191b0349e886859b1a7c2e8ceaf899eb6de8,gpiosenka/car-parts-40-classes,car parts 50,train,dataset-v3-split-v1
kaggle_87f7268c7ad46b5e,kaggle50:headlight:kaggle_87f7268c7ad46b5e,headlight,train,59,data/images/dataset_v3/train/headlight/headlight_train_059_87f7268c7ad46b5e.jpg,87f7268c7ad46b5e0bbd831f34fa54d7a8a00de4182258e86396b6523d620e5f,gpiosenka/car-parts-40-classes,car parts 50,train,dataset-v3-split-v1
kaggle_9803761f9f9139a1,kaggle50:headlight:kaggle_9803761f9f9139a1,headlight,train,60,data/images/dataset_v3/train/headlight/headlight_train_060_9803761f9f9139a1.jpg,9803761f9f9139a11787fbec0e9bbbb548be83b70ae0da9ffee3c02179a9d298,gpiosenka/car-parts-40-classes,car parts 50,train,dataset-v3-split-v1
kaggle_35348b54323e3944,kaggle50:oil_filter:kaggle_35348b54323e3944,oil_filter,train,1,data/images/dataset_v3/train/oil_filter/oil_filter_train_001_35348b54323e3944.jpg,35348b54323e3944a148da1eaee4e89f45a080b9cbd7f21699008a8580dcf879,gpiosenka/car-parts-40-classes,car parts 50,train,dataset-v3-split-v1
kaggle_f47e89899b373694,kaggle50:oil_filter:kaggle_f47e89899b373694,oil_filter,train,2,data/images/dataset_v3/train/oil_filter/oil_filter_train_002_f47e89899b373694.jpg,f47e89899b37369431b5ca4bed571a7d0de74e6f09e94f88acd1332c63cc5c1b,gpiosenka/car-parts-40-classes,car parts 50,train,dataset-v3-split-v1
kaggle_1c24550f1e96dfdb,kaggle50:oil_filter:kaggle_1c24550f1e96dfdb,oil_filter,train,3,data/images/dataset_v3/train/oil_filter/oil_filter_train_003_1c24550f1e96dfdb.jpg,1c24550f1e96dfdbe0b8585f48520caab76bbdfdee6fa62ed28034508bebd31f,gpiosenka/car-parts-40-classes,car parts 50,train,dataset-v3-split-v1
kaggle_35ed992b012c6499,kaggle50:oil_filter:kaggle_35ed992b012c6499,oil_filter,train,4,data/images/dataset_v3/train/oil_filter/oil_filter_train_004_35ed992b012c6499.jpg,35ed992b012c6499410ba635891d1a618f7ccc8ecbab1e01cdf435fdba5fb698,gpiosenka/car-parts-40-classes,car parts 50,train,dataset-v3-split-v1
kaggle_37f0ab31c04aafff,kaggle50:oil_filter:kaggle_37f0ab31c04aafff,oil_filter,train,5,data/images/dataset_v3/train/oil_filter/oil_filter_train_005_37f0ab31c04aafff.jpg,37f0ab31c04aafff5cbb39bbc51499ac56c73d570310e0046cc8aeb4d6baee09,gpiosenka/car-parts-40-classes,car parts 50,train,dataset-v3-split-v1
kaggle_33b108fbacc76e9d,kaggle50:oil_filter:kaggle_33b108fbacc76e9d,oil_filter,train,6,data/images/dataset_v3/train/oil_filter/oil_filter_train_006_33b108fbacc76e9d.jpg,33b108fbacc76e9d3ec3c6d8f62c7a5a3d111db346caf8fb0ed110c4628a26cb,gpiosenka/car-parts-40-classes,car parts 50,test,dataset-v3-split-v1
kaggle_70f3ef665f750ecd,kaggle50:oil_filter:kaggle_70f3ef665f750ecd,oil_filter,train,7,data/images/dataset_v3/train/oil_filter/oil_filter_train_007_70f3ef665f750ecd.jpg,70f3ef665f750ecd30d6ef76d7f5a68d9e34f58108c5d7e4f3da77022d1c55d2,gpiosenka/car-parts-40-classes,car parts 50,train,dataset-v3-split-v1
kaggle_fded6c4b49feb080,kaggle50:oil_filter:kaggle_fded6c4b49feb080,oil_filter,train,8,data/images/dataset_v3/train/oil_filter/oil_filter_train_008_fded6c4b49feb080.jpg,fded6c4b49feb080bf0f7576c6ec1f52c321ff4217546d33912c88031caf4a6c,gpiosenka/car-parts-40-classes,car parts 50,train,dataset-v3-split-v1
kaggle_4e989a00cea63b48,kaggle50:oil_filter:kaggle_4e989a00cea63b48,oil_filter,train,9,data/images/dataset_v3/train/oil_filter/oil_filter_train_009_4e989a00cea63b48.jpg,4e989a00cea63b487771e7261d82874a5ff462b6bce5b671f5078edf5dadaee9,gpiosenka/car-parts-40-classes,car parts 50,train,dataset-v3-split-v1
kaggle_c6bc47297b83b561,kaggle50:oil_filter:kaggle_c6bc47297b83b561,oil_filter,train,10,data/images/dataset_v3/train/oil_filter/oil_filter_train_010_c6bc47297b83b561.jpg,c6bc47297b83b56178e57957654bc8bd9dc3bc526791079e3fc0faaee9659113,gpiosenka/car-parts-40-classes,car parts 50,train,dataset-v3-split-v1
kaggle_df42e6c196f301cd,kaggle50:oil_filter:kaggle_df42e6c196f301cd,oil_filter,train,11,data/images/dataset_v3/train/oil_filter/oil_filter_train_011_df42e6c196f301cd.jpg,df42e6c196f301cdf7ee6708447d647ae913b435238c286018c0c69d107e2e0f,gpiosenka/car-parts-40-classes,car parts 50,train,dataset-v3-split-v1
kaggle_d72b19769d16ab78,kaggle50:oil_filter:kaggle_d72b19769d16ab78,oil_filter,train,12,data/images/dataset_v3/train/oil_filter/oil_filter_train_012_d72b19769d16ab78.jpg,d72b19769d16ab78c40fd6d0e4cd8251d9d9d35e38d62f0f8620c2d86fae54cf,gpiosenka/car-parts-40-classes,car parts 50,train,dataset-v3-split-v1
kaggle_4769b23d7f7b8936,kaggle50:oil_filter:kaggle_4769b23d7f7b8936,oil_filter,train,13,data/images/dataset_v3/train/oil_filter/oil_filter_train_013_4769b23d7f7b8936.jpg,4769b23d7f7b89367a9ae233640fe6efae72c42ef96f564ae2598f0059f6e5ef,gpiosenka/car-parts-40-classes,car parts 50,train,dataset-v3-split-v1
kaggle_bc933aae65918157,kaggle50:oil_filter:kaggle_bc933aae65918157,oil_filter,train,14,data/images/dataset_v3/train/oil_filter/oil_filter_train_014_bc933aae65918157.jpg,bc933aae65918157d8582567074090f9b4e7e272cc4e7e6836da53815ac77eb7,gpiosenka/car-parts-40-classes,car parts 50,train,dataset-v3-split-v1
kaggle_211a9af8d752349a,kaggle50:oil_filter:kaggle_211a9af8d752349a,oil_filter,train,15,data/images/dataset_v3/train/oil_filter/oil_filter_train_015_211a9af8d752349a.jpg,211a9af8d752349a5a572f31f4918e6b6fd8941e30af39f647fe79df29f01ebb,gpiosenka/car-parts-40-classes,car parts 50,train,dataset-v3-split-v1
kaggle_bc71527511b060ce,kaggle50:oil_filter:kaggle_bc71527511b060ce,oil_filter,train,16,data/images/dataset_v3/train/oil_filter/oil_filter_train_016_bc71527511b060ce.jpg,bc71527511b060ceb93ef39233d3fd4709d7f00dfac5f15b4afbc97f767a83f1,gpiosenka/car-parts-40-classes,car parts 50,train,dataset-v3-split-v1
kaggle_84e5e6ffa9434076,kaggle50:oil_filter:kaggle_84e5e6ffa9434076,oil_filter,train,17,data/images/dataset_v3/train/oil_filter/oil_filter_train_017_84e5e6ffa9434076.jpg,84e5e6ffa94340763e3f0614cdcf4a3479d34b0b39909c8c058575c51809caed,gpiosenka/car-parts-40-classes,car parts 50,train,dataset-v3-split-v1
kaggle_58aac507d17f089a,kaggle50:oil_filter:kaggle_58aac507d17f089a,oil_filter,train,18,data/images/dataset_v3/train/oil_filter/oil_filter_train_018_58aac507d17f089a.jpg,58aac507d17f089ae2b0a2238a770287f8e04559c5228c288edb60db79bac817,gpiosenka/car-parts-40-classes,car parts 50,train,dataset-v3-split-v1
kaggle_cd36aa7053b32934,kaggle50:oil_filter:kaggle_cd36aa7053b32934,oil_filter,train,19,data/images/dataset_v3/train/oil_filter/oil_filter_train_019_cd36aa7053b32934.jpg,cd36aa7053b32934d99c6c7599a29b9e6bce5b608a040ea41c043544b1fa6c65,gpiosenka/car-parts-40-classes,car parts 50,train,dataset-v3-split-v1
kaggle_39fbbc4a234e04e5,kaggle50:oil_filter:kaggle_39fbbc4a234e04e5,oil_filter,train,20,data/images/dataset_v3/train/oil_filter/oil_filter_train_020_39fbbc4a234e04e5.jpg,39fbbc4a234e04e5739bfe3a2dace1c046a3bd9225c0d676167df514355a5728,gpiosenka/car-parts-40-classes,car parts 50,train,dataset-v3-split-v1
kaggle_19faf8eae8661d48,kaggle50:oil_filter:kaggle_19faf8eae8661d48,oil_filter,train,21,data/images/dataset_v3/train/oil_filter/oil_filter_train_021_19faf8eae8661d48.jpg,19faf8eae8661d4886dbe0dae9120c21246e09083d95e68af2547a16fbd5e288,gpiosenka/car-parts-40-classes,car parts 50,train,dataset-v3-split-v1
kaggle_5f01dde2696df6fe,kaggle50:oil_filter:kaggle_5f01dde2696df6fe,oil_filter,train,22,data/images/dataset_v3/train/oil_filter/oil_filter_train_022_5f01dde2696df6fe.jpg,5f01dde2696df6fe67906fc5d1ebd471a6e872a052e04b1152944e31bec45cf1,gpiosenka/car-parts-40-classes,car parts 50,train,dataset-v3-split-v1
kaggle_d2e483c1fa06c8d8,kaggle50:oil_filter:kaggle_d2e483c1fa06c8d8,oil_filter,train,23,data/images/dataset_v3/train/oil_filter/oil_filter_train_023_d2e483c1fa06c8d8.jpg,d2e483c1fa06c8d8e4659a9fa7997ee08daa2ffe37ff42a8b6fc660e35e34524,gpiosenka/car-parts-40-classes,car parts 50,train,dataset-v3-split-v1
kaggle_4ff978c71096c2bd,kaggle50:oil_filter:kaggle_4ff978c71096c2bd,oil_filter,train,24,data/images/dataset_v3/train/oil_filter/oil_filter_train_024_4ff978c71096c2bd.jpg,4ff978c71096c2bdb1ae77c71640767b4026486856543d4a601d5daa55a93a3d,gpiosenka/car-parts-40-classes,car parts 50,train,dataset-v3-split-v1
kaggle_883512ea7eb3f780,kaggle50:oil_filter:kaggle_883512ea7eb3f780,oil_filter,train,25,data/images/dataset_v3/train/oil_filter/oil_filter_train_025_883512ea7eb3f780.jpg,883512ea7eb3f780acf93e3ef7bc0a70c744255adaf0cac5a8de22fc45551ed0,gpiosenka/car-parts-40-classes,car parts 50,train,dataset-v3-split-v1
kaggle_44d9163c8f69d765,kaggle50:oil_filter:kaggle_44d9163c8f69d765,oil_filter,train,26,data/images/dataset_v3/train/oil_filter/oil_filter_train_026_44d9163c8f69d765.jpg,44d9163c8f69d765648b5b92765f359d6d4be2890f3340702bf75fa421f4bc30,gpiosenka/car-parts-40-classes,car parts 50,train,dataset-v3-split-v1
kaggle_af63b984af82d9cb,kaggle50:oil_filter:kaggle_af63b984af82d9cb,oil_filter,train,27,data/images/dataset_v3/train/oil_filter/oil_filter_train_027_af63b984af82d9cb.jpg,af63b984af82d9cbba0ffd4e3fcefe7a8eab83cec873515619a102ffc5c0a05e,gpiosenka/car-parts-40-classes,car parts 50,train,dataset-v3-split-v1
kaggle_cad0544581885f4f,kaggle50:oil_filter:kaggle_cad0544581885f4f,oil_filter,train,28,data/images/dataset_v3/train/oil_filter/oil_filter_train_028_cad0544581885f4f.jpg,cad0544581885f4f62cf1c24c464777baf61987b84c8ed9a6667764cc764f8a3,gpiosenka/car-parts-40-classes,car parts 50,train,dataset-v3-split-v1
kaggle_fadf13b2a2bc96a5,kaggle50:oil_filter:kaggle_fadf13b2a2bc96a5,oil_filter,train,29,data/images/dataset_v3/train/oil_filter/oil_filter_train_029_fadf13b2a2bc96a5.jpg,fadf13b2a2bc96a54e1021c6f6f2b553869091e42d94e9e384b925198395f4a1,gpiosenka/car-parts-40-classes,car parts 50,validation,dataset-v3-split-v1
kaggle_20b01699aaf15158,kaggle50:oil_filter:kaggle_20b01699aaf15158,oil_filter,train,30,data/images/dataset_v3/train/oil_filter/oil_filter_train_030_20b01699aaf15158.jpg,20b01699aaf15158e8fb2287f5c79af02a844b8b880ac3df081031231a50ed2e,gpiosenka/car-parts-40-classes,car parts 50,train,dataset-v3-split-v1
kaggle_fdcf2464ed952476,kaggle50:oil_filter:kaggle_fdcf2464ed952476,oil_filter,train,31,data/images/dataset_v3/train/oil_filter/oil_filter_train_031_fdcf2464ed952476.jpg,fdcf2464ed95247655fd47163da15ecde97ee0caeea92ed2e8cff5109c189e8a,gpiosenka/car-parts-40-classes,car parts 50,train,dataset-v3-split-v1
kaggle_2a376e956ae64cd3,kaggle50:oil_filter:kaggle_2a376e956ae64cd3,oil_filter,train,32,data/images/dataset_v3/train/oil_filter/oil_filter_train_032_2a376e956ae64cd3.jpg,2a376e956ae64cd3c55bae75a8f45c88c7d091f3d16240567ebdf2f7eb236b5d,gpiosenka/car-parts-40-classes,car parts 50,train,dataset-v3-split-v1
kaggle_4807ae4ff6853822,kaggle50:oil_filter:kaggle_4807ae4ff6853822,oil_filter,train,33,data/images/dataset_v3/train/oil_filter/oil_filter_train_033_4807ae4ff6853822.jpg,4807ae4ff685382203364f93019ae485730b8cc4e0a90e40b3f9b6b8aa5928a5,gpiosenka/car-parts-40-classes,car parts 50,train,dataset-v3-split-v1
kaggle_1b9b41a01e4a2ca8,kaggle50:oil_filter:kaggle_1b9b41a01e4a2ca8,oil_filter,train,34,data/images/dataset_v3/train/oil_filter/oil_filter_train_034_1b9b41a01e4a2ca8.jpg,1b9b41a01e4a2ca81a55136b7e1b0ce9fdea822ba4e81c3009591346fae3f382,gpiosenka/car-parts-40-classes,car parts 50,validation,dataset-v3-split-v1
kaggle_e3075f96bae9fb7a,kaggle50:oil_filter:kaggle_e3075f96bae9fb7a,oil_filter,train,35,data/images/dataset_v3/train/oil_filter/oil_filter_train_035_e3075f96bae9fb7a.jpg,e3075f96bae9fb7aa72cfd72ed45a251e8f213ddd1529036e2b952b7f08e1bb4,gpiosenka/car-parts-40-classes,car parts 50,train,dataset-v3-split-v1
kaggle_8c258db8282b298b,kaggle50:oil_filter:kaggle_8c258db8282b298b,oil_filter,train,36,data/images/dataset_v3/train/oil_filter/oil_filter_train_036_8c258db8282b298b.jpg,8c258db8282b298be6059ca1ad99781f2d8309746f29d2f894a4e21afd1b9afb,gpiosenka/car-parts-40-classes,car parts 50,train,dataset-v3-split-v1
kaggle_a48d55472bcbae52,kaggle50:oil_filter:kaggle_a48d55472bcbae52,oil_filter,train,37,data/images/dataset_v3/train/oil_filter/oil_filter_train_037_a48d55472bcbae52.jpg,a48d55472bcbae52ef90a846269dd77a0cb27cefb77d6d90067e8cfc6666d03c,gpiosenka/car-parts-40-classes,car parts 50,train,dataset-v3-split-v1
kaggle_8e64705e1ae1e032,kaggle50:oil_filter:kaggle_8e64705e1ae1e032,oil_filter,train,38,data/images/dataset_v3/train/oil_filter/oil_filter_train_038_8e64705e1ae1e032.jpg,8e64705e1ae1e032522028ea472effdf4ba31f0f2fecdc916258de95362f309b,gpiosenka/car-parts-40-classes,car parts 50,test,dataset-v3-split-v1
kaggle_50c5fe71d04cc82e,kaggle50:oil_filter:kaggle_50c5fe71d04cc82e,oil_filter,train,39,data/images/dataset_v3/train/oil_filter/oil_filter_train_039_50c5fe71d04cc82e.jpg,50c5fe71d04cc82e0dd099eabe63d97803031358c0fb82b296e9c52f79df4fd2,gpiosenka/car-parts-40-classes,car parts 50,train,dataset-v3-split-v1
kaggle_cfa43f393b87cef3,kaggle50:oil_filter:kaggle_cfa43f393b87cef3,oil_filter,train,40,data/images/dataset_v3/train/oil_filter/oil_filter_train_040_cfa43f393b87cef3.jpg,cfa43f393b87cef35818d1a14b0a464a59f2945930e54fa0a9c245e4b7ef874e,gpiosenka/car-parts-40-classes,car parts 50,train,dataset-v3-split-v1
kaggle_8da4ae5efed3c9a2,kaggle50:oil_filter:kaggle_8da4ae5efed3c9a2,oil_filter,train,41,data/images/dataset_v3/train/oil_filter/oil_filter_train_041_8da4ae5efed3c9a2.jpg,8da4ae5efed3c9a276518a8181dbd46a8efb15ce84463075a173f469372f8e4f,gpiosenka/car-parts-40-classes,car parts 50,train,dataset-v3-split-v1
kaggle_2a7e9b979b8afeb5,kaggle50:oil_filter:kaggle_2a7e9b979b8afeb5,oil_filter,train,42,data/images/dataset_v3/train/oil_filter/oil_filter_train_042_2a7e9b979b8afeb5.jpg,2a7e9b979b8afeb5038a495f77a905a8d59c648c330f41c3f19ac02027da4be9,gpiosenka/car-parts-40-classes,car parts 50,train,dataset-v3-split-v1
kaggle_50be9556d2d1e912,kaggle50:oil_filter:kaggle_50be9556d2d1e912,oil_filter,train,43,data/images/dataset_v3/train/oil_filter/oil_filter_train_043_50be9556d2d1e912.jpg,50be9556d2d1e9122f95082e54c7668080b1d839b3ef3de92165d689d256a095,gpiosenka/car-parts-40-classes,car parts 50,train,dataset-v3-split-v1
kaggle_e718240b7af76054,kaggle50:oil_filter:kaggle_e718240b7af76054,oil_filter,train,44,data/images/dataset_v3/train/oil_filter/oil_filter_train_044_e718240b7af76054.jpg,e718240b7af76054f7410ae9d2968c140ef0b98b7d23aca05c957b4a58c4d14e,gpiosenka/car-parts-40-classes,car parts 50,train,dataset-v3-split-v1
kaggle_360bfdbbc7799c49,kaggle50:oil_filter:kaggle_360bfdbbc7799c49,oil_filter,train,45,data/images/dataset_v3/train/oil_filter/oil_filter_train_045_360bfdbbc7799c49.jpg,360bfdbbc7799c493b8857c7a0a9b6e2d06b3238d90faf4dbe5c7a2d8c4bd928,gpiosenka/car-parts-40-classes,car parts 50,train,dataset-v3-split-v1
kaggle_fe6f06ae48b1f85f,kaggle50:oil_filter:kaggle_fe6f06ae48b1f85f,oil_filter,train,46,data/images/dataset_v3/train/oil_filter/oil_filter_train_046_fe6f06ae48b1f85f.jpg,fe6f06ae48b1f85f72faba96306996dbf2960f38017f3a63ee71a4679145776a,gpiosenka/car-parts-40-classes,car parts 50,train,dataset-v3-split-v1
kaggle_9d277dd469a5487c,kaggle50:oil_filter:kaggle_9d277dd469a5487c,oil_filter,train,47,data/images/dataset_v3/train/oil_filter/oil_filter_train_047_9d277dd469a5487c.jpg,9d277dd469a5487cf0f26f923336c27e6d005d7e2d36ebd765057bf802997099,gpiosenka/car-parts-40-classes,car parts 50,train,dataset-v3-split-v1
kaggle_7584f70d7cd8b4ba,kaggle50:oil_filter:kaggle_7584f70d7cd8b4ba,oil_filter,train,48,data/images/dataset_v3/train/oil_filter/oil_filter_train_048_7584f70d7cd8b4ba.jpg,7584f70d7cd8b4ba149aacde556b7fb61c85f00d53e9adbaf43d983437e23c58,gpiosenka/car-parts-40-classes,car parts 50,train,dataset-v3-split-v1
kaggle_e9dcbe7e52d097db,kaggle50:oil_filter:kaggle_e9dcbe7e52d097db,oil_filter,train,49,data/images/dataset_v3/train/oil_filter/oil_filter_train_049_e9dcbe7e52d097db.jpg,e9dcbe7e52d097db62d89a426a314b2bdfdb5afd2b4614f784fe74f4611f6228,gpiosenka/car-parts-40-classes,car parts 50,train,dataset-v3-split-v1
kaggle_43b68d5f7884ce3c,kaggle50:oil_filter:kaggle_43b68d5f7884ce3c,oil_filter,train,50,data/images/dataset_v3/train/oil_filter/oil_filter_train_050_43b68d5f7884ce3c.jpg,43b68d5f7884ce3c34a6a307cc8f40e839940e257318b4d4108a6e0b1d9c3b12,gpiosenka/car-parts-40-classes,car parts 50,train,dataset-v3-split-v1
kaggle_cac6c745e6cc91d7,kaggle50:oil_filter:kaggle_cac6c745e6cc91d7,oil_filter,train,51,data/images/dataset_v3/train/oil_filter/oil_filter_train_051_cac6c745e6cc91d7.jpg,cac6c745e6cc91d74cc0a1b62f5987dfc42336135a728932c26fea4f12046501,gpiosenka/car-parts-40-classes,car parts 50,train,dataset-v3-split-v1
kaggle_837707893c85ebe6,kaggle50:oil_filter:kaggle_837707893c85ebe6,oil_filter,train,52,data/images/dataset_v3/train/oil_filter/oil_filter_train_052_837707893c85ebe6.jpg,837707893c85ebe6aedb47e93cf5f81f9eb6b4735bb8fbce07ab096e0817b499,gpiosenka/car-parts-40-classes,car parts 50,train,dataset-v3-split-v1
kaggle_9931edf8eec1211f,kaggle50:oil_filter:kaggle_9931edf8eec1211f,oil_filter,train,53,data/images/dataset_v3/train/oil_filter/oil_filter_train_053_9931edf8eec1211f.jpg,9931edf8eec1211f026591623521a6b744665a988fb29afe98304b9d2716b6e8,gpiosenka/car-parts-40-classes,car parts 50,train,dataset-v3-split-v1
kaggle_69ae3968fc0dff33,kaggle50:oil_filter:kaggle_69ae3968fc0dff33,oil_filter,train,54,data/images/dataset_v3/train/oil_filter/oil_filter_train_054_69ae3968fc0dff33.jpg,69ae3968fc0dff3323b96d2d356a7ed2460f11ff74ff0923e6e5d5effa422bbf,gpiosenka/car-parts-40-classes,car parts 50,validation,dataset-v3-split-v1
kaggle_bb8929c80625c84e,kaggle50:oil_filter:kaggle_bb8929c80625c84e,oil_filter,train,55,data/images/dataset_v3/train/oil_filter/oil_filter_train_055_bb8929c80625c84e.jpg,bb8929c80625c84e3a0ebaf47902606b005e8df5da30ed39ee47bf3ac5f36720,gpiosenka/car-parts-40-classes,car parts 50,train,dataset-v3-split-v1
kaggle_c2fdae0acddb8671,kaggle50:oil_filter:kaggle_c2fdae0acddb8671,oil_filter,train,56,data/images/dataset_v3/train/oil_filter/oil_filter_train_056_c2fdae0acddb8671.jpg,c2fdae0acddb86711557d4bb4e989f4e209a97eddc09281e5b33d463bf51bcd7,gpiosenka/car-parts-40-classes,car parts 50,train,dataset-v3-split-v1
kaggle_bdfaf2bb99af3a68,kaggle50:oil_filter:kaggle_bdfaf2bb99af3a68,oil_filter,train,57,data/images/dataset_v3/train/oil_filter/oil_filter_train_057_bdfaf2bb99af3a68.jpg,bdfaf2bb99af3a689565dd60dee4cc33d730762b562e10da31d71a852b7bce4c,gpiosenka/car-parts-40-classes,car parts 50,train,dataset-v3-split-v1
kaggle_b01dc027c9f12dc6,kaggle50:oil_filter:kaggle_b01dc027c9f12dc6,oil_filter,train,58,data/images/dataset_v3/train/oil_filter/oil_filter_train_058_b01dc027c9f12dc6.jpg,b01dc027c9f12dc6e9339d1ef313e6c2a0ef5fe2e3692a1f6ea0fde97d167cdd,gpiosenka/car-parts-40-classes,car parts 50,test,dataset-v3-split-v1
kaggle_ce8100b162fc1eb2,kaggle50:oil_filter:kaggle_ce8100b162fc1eb2,oil_filter,train,59,data/images/dataset_v3/train/oil_filter/oil_filter_train_059_ce8100b162fc1eb2.jpg,ce8100b162fc1eb2a7dddf902f6def9d92ef4cab7f78eceae1039e7f1d904d9e,gpiosenka/car-parts-40-classes,car parts 50,train,dataset-v3-split-v1
kaggle_cb7ee8115b7c19e0,kaggle50:oil_filter:kaggle_cb7ee8115b7c19e0,oil_filter,train,60,data/images/dataset_v3/train/oil_filter/oil_filter_train_060_cb7ee8115b7c19e0.jpg,cb7ee8115b7c19e021780321018319359791b6611499cc3aad2b07905365b40f,gpiosenka/car-parts-40-classes,car parts 50,train,dataset-v3-split-v1
kaggle_b71ca9c78a5a5e26,kaggle50:starter:kaggle_b71ca9c78a5a5e26,starter,train,1,data/images/dataset_v3/train/starter/starter_train_001_b71ca9c78a5a5e26.jpg,b71ca9c78a5a5e269cee78062f4321ad58cf20392594e216b56ec9bddcf0df8b,gpiosenka/car-parts-40-classes,car parts 50,train,dataset-v3-split-v1
kaggle_12a219d0a8875ec1,kaggle50:starter:kaggle_12a219d0a8875ec1,starter,train,2,data/images/dataset_v3/train/starter/starter_train_002_12a219d0a8875ec1.jpg,12a219d0a8875ec13200b7fe2aa6ebb241757c26876f70cc43ed63ba3a899861,gpiosenka/car-parts-40-classes,car parts 50,train,dataset-v3-split-v1
kaggle_a4a0b81a64ff32b2,kaggle50:starter:kaggle_a4a0b81a64ff32b2,starter,train,3,data/images/dataset_v3/train/starter/starter_train_003_a4a0b81a64ff32b2.jpg,a4a0b81a64ff32b2cb686f625fca6b547f5f4f54e73c1d9acfdeebb197f9d901,gpiosenka/car-parts-40-classes,car parts 50,train,dataset-v3-split-v1
kaggle_9ec9504bdff4e1ba,kaggle50:starter:kaggle_9ec9504bdff4e1ba,starter,train,4,data/images/dataset_v3/train/starter/starter_train_004_9ec9504bdff4e1ba.jpg,9ec9504bdff4e1ba2994848f995144373b0fda75e010e954737f05554f2bf487,gpiosenka/car-parts-40-classes,car parts 50,train,dataset-v3-split-v1
kaggle_54cffa4a717064bb,kaggle50:starter:kaggle_54cffa4a717064bb,starter,train,5,data/images/dataset_v3/train/starter/starter_train_005_54cffa4a717064bb.jpg,54cffa4a717064bb17f7aa6c6910220b8422684e299e94d96eb66481e0649ae8,gpiosenka/car-parts-40-classes,car parts 50,train,dataset-v3-split-v1
kaggle_b8bc0e9153b82a9b,kaggle50:starter:kaggle_b8bc0e9153b82a9b,starter,train,6,data/images/dataset_v3/train/starter/starter_train_006_b8bc0e9153b82a9b.jpg,b8bc0e9153b82a9b474f3fc84795811ee5988071ff4a32fb3ba1ea7b9ca0fdc7,gpiosenka/car-parts-40-classes,car parts 50,train,dataset-v3-split-v1
kaggle_4bb27c5e1cd0a711,kaggle50:starter:kaggle_4bb27c5e1cd0a711,starter,train,7,data/images/dataset_v3/train/starter/starter_train_007_4bb27c5e1cd0a711.jpg,4bb27c5e1cd0a7112791f4f785ec51f23492b869dece55f5fa724139a337b4e8,gpiosenka/car-parts-40-classes,car parts 50,train,dataset-v3-split-v1
kaggle_2b3d81a5003420de,kaggle50:starter:kaggle_2b3d81a5003420de,starter,train,8,data/images/dataset_v3/train/starter/starter_train_008_2b3d81a5003420de.jpg,2b3d81a5003420de2c83b9fa63ea7d786d22036a035e502c677859c963480a66,gpiosenka/car-parts-40-classes,car parts 50,train,dataset-v3-split-v1
kaggle_fd4fbe7b647addd9,kaggle50:starter:kaggle_fd4fbe7b647addd9,starter,train,9,data/images/dataset_v3/train/starter/starter_train_009_fd4fbe7b647addd9.jpg,fd4fbe7b647addd9cbee307f907d83ccb505f83a50bb6768faeaae1102e22fc5,gpiosenka/car-parts-40-classes,car parts 50,train,dataset-v3-split-v1
kaggle_23473812efa0e940,kaggle50:starter:kaggle_23473812efa0e940,starter,train,10,data/images/dataset_v3/train/starter/starter_train_010_23473812efa0e940.jpg,23473812efa0e9402bafc21eeca8b44491bff835da6b82a9fa6d422ca61ce8c2,gpiosenka/car-parts-40-classes,car parts 50,train,dataset-v3-split-v1
kaggle_30092df8d491964b,kaggle50:starter:kaggle_30092df8d491964b,starter,train,11,data/images/dataset_v3/train/starter/starter_train_011_30092df8d491964b.jpg,30092df8d491964bca7afd88f7d00bfc6faad0a3d0fa202d9fae1924ef64fba2,gpiosenka/car-parts-40-classes,car parts 50,train,dataset-v3-split-v1
kaggle_15888483c0b4f56d,kaggle50:starter:kaggle_15888483c0b4f56d,starter,train,12,data/images/dataset_v3/train/starter/starter_train_012_15888483c0b4f56d.jpg,15888483c0b4f56d9dee881c01766a672eaf6a25b03ba05956baf6b8e76f449a,gpiosenka/car-parts-40-classes,car parts 50,train,dataset-v3-split-v1
kaggle_201ab12254040fcf,kaggle50:starter:kaggle_201ab12254040fcf,starter,train,13,data/images/dataset_v3/train/starter/starter_train_013_201ab12254040fcf.jpg,201ab12254040fcf78c5d8d4dcf1d3b005b7652d29a8ea9d2866c32e0cd3d785,gpiosenka/car-parts-40-classes,car parts 50,train,dataset-v3-split-v1
kaggle_c509189b7f3bf2d2,kaggle50:starter:kaggle_c509189b7f3bf2d2,starter,train,14,data/images/dataset_v3/train/starter/starter_train_014_c509189b7f3bf2d2.jpg,c509189b7f3bf2d22aafdd241af11e1f1cd99c48122a5a245da9f156bc253430,gpiosenka/car-parts-40-classes,car parts 50,train,dataset-v3-split-v1
kaggle_a35c93bd696e2b41,kaggle50:starter:kaggle_a35c93bd696e2b41,starter,train,15,data/images/dataset_v3/train/starter/starter_train_015_a35c93bd696e2b41.jpg,a35c93bd696e2b41f2cf1f3d2cecafde8fa6c1ea3374edb057e9bc722d77749f,gpiosenka/car-parts-40-classes,car parts 50,train,dataset-v3-split-v1
kaggle_9e35913d2e5b2537,kaggle50:starter:kaggle_9e35913d2e5b2537,starter,train,16,data/images/dataset_v3/train/starter/starter_train_016_9e35913d2e5b2537.jpg,9e35913d2e5b2537d2496d6d8b9f15352e0aca4a8b82e80e63dc34baf3cf7dfe,gpiosenka/car-parts-40-classes,car parts 50,train,dataset-v3-split-v1
kaggle_6c2da9c059c98735,kaggle50:starter:kaggle_6c2da9c059c98735,starter,train,17,data/images/dataset_v3/train/starter/starter_train_017_6c2da9c059c98735.jpg,6c2da9c059c98735e151f12a7acad852d63e13f6666856bdad2fe02d84bda728,gpiosenka/car-parts-40-classes,car parts 50,train,dataset-v3-split-v1
kaggle_7e9a83dc906ae312,kaggle50:starter:kaggle_7e9a83dc906ae312,starter,train,18,data/images/dataset_v3/train/starter/starter_train_018_7e9a83dc906ae312.jpg,7e9a83dc906ae31223cd00ce1b7ef563d52fd13a58a9e63a7ca3d77f995793f1,gpiosenka/car-parts-40-classes,car parts 50,train,dataset-v3-split-v1
kaggle_4f61f436378be779,kaggle50:starter:kaggle_4f61f436378be779,starter,train,19,data/images/dataset_v3/train/starter/starter_train_019_4f61f436378be779.jpg,4f61f436378be779ff1199cc902841324fd579da5ac19fd62661b707e171fc26,gpiosenka/car-parts-40-classes,car parts 50,train,dataset-v3-split-v1
kaggle_43b9a3a4b32bc616,kaggle50:starter:kaggle_43b9a3a4b32bc616,starter,train,20,data/images/dataset_v3/train/starter/starter_train_020_43b9a3a4b32bc616.jpg,43b9a3a4b32bc616f9d296e35a5e19757cabffaeb646db2e40383b1021b3eab1,gpiosenka/car-parts-40-classes,car parts 50,train,dataset-v3-split-v1
kaggle_e735d0ad01440953,kaggle50:starter:kaggle_e735d0ad01440953,starter,train,21,data/images/dataset_v3/train/starter/starter_train_021_e735d0ad01440953.jpg,e735d0ad0144095370140678f623625bb9878c50dd998756118b868f5cafe9f5,gpiosenka/car-parts-40-classes,car parts 50,train,dataset-v3-split-v1
kaggle_911332f3dfe30103,kaggle50:starter:kaggle_911332f3dfe30103,starter,train,22,data/images/dataset_v3/train/starter/starter_train_022_911332f3dfe30103.jpg,911332f3dfe30103f640a99471fe2a665d9a8f30239d0de7c0095d5258549964,gpiosenka/car-parts-40-classes,car parts 50,train,dataset-v3-split-v1
kaggle_e1591bb4151e0129,kaggle50:starter:kaggle_e1591bb4151e0129,starter,train,23,data/images/dataset_v3/train/starter/starter_train_023_e1591bb4151e0129.jpg,e1591bb4151e012989ad56b368761db1d73a891865b463d3cf2e9d6f0eb2394e,gpiosenka/car-parts-40-classes,car parts 50,train,dataset-v3-split-v1
kaggle_d092c384c7a8e948,kaggle50:starter:kaggle_d092c384c7a8e948,starter,train,24,data/images/dataset_v3/train/starter/starter_train_024_d092c384c7a8e948.jpg,d092c384c7a8e94824d6404bde4c6d47ccc368f2216705c3d85a5ec9ef3ef748,gpiosenka/car-parts-40-classes,car parts 50,train,dataset-v3-split-v1
kaggle_ca77116577b5f3cf,kaggle50:starter:kaggle_ca77116577b5f3cf,starter,train,25,data/images/dataset_v3/train/starter/starter_train_025_ca77116577b5f3cf.jpg,ca77116577b5f3cf55ebc144de296fc0beed0f5c2ee09c100ac965f02dd0e6fa,gpiosenka/car-parts-40-classes,car parts 50,train,dataset-v3-split-v1
kaggle_42433acd95bff433,kaggle50:starter:kaggle_42433acd95bff433,starter,train,26,data/images/dataset_v3/train/starter/starter_train_026_42433acd95bff433.jpg,42433acd95bff433137dbebd3e1a56367f2a61bb8ee1e8f76225b402fdcc2b52,gpiosenka/car-parts-40-classes,car parts 50,train,dataset-v3-split-v1
kaggle_8e6379f44b216f76,kaggle50:starter:kaggle_8e6379f44b216f76,starter,train,27,data/images/dataset_v3/train/starter/starter_train_027_8e6379f44b216f76.jpg,8e6379f44b216f76ea30ca8ead794dabb81df40a6999c57931b80f8c1ad7272a,gpiosenka/car-parts-40-classes,car parts 50,train,dataset-v3-split-v1
kaggle_95ff0b5b71049afc,kaggle50:starter:kaggle_95ff0b5b71049afc,starter,train,28,data/images/dataset_v3/train/starter/starter_train_028_95ff0b5b71049afc.jpg,95ff0b5b71049afc93942a7b608444bc19390f38aff3dd3ccb35409474c2105e,gpiosenka/car-parts-40-classes,car parts 50,train,dataset-v3-split-v1
kaggle_4e3f11048b37ede4,kaggle50:starter:kaggle_4e3f11048b37ede4,starter,train,29,data/images/dataset_v3/train/starter/starter_train_029_4e3f11048b37ede4.jpg,4e3f11048b37ede4a178b3e583f0b92bc8fc287f4127afe5c8a873f4a395e079,gpiosenka/car-parts-40-classes,car parts 50,train,dataset-v3-split-v1
kaggle_39345c21cc106fac,kaggle50:starter:kaggle_39345c21cc106fac,starter,train,30,data/images/dataset_v3/train/starter/starter_train_030_39345c21cc106fac.jpg,39345c21cc106fac543d3475960a1bf5774fd6ab46b424e2dd4cf42038e2edb3,gpiosenka/car-parts-40-classes,car parts 50,train,dataset-v3-split-v1
kaggle_0cde1ceea3bd0f90,kaggle50:starter:kaggle_0cde1ceea3bd0f90,starter,train,31,data/images/dataset_v3/train/starter/starter_train_031_0cde1ceea3bd0f90.jpg,0cde1ceea3bd0f90999f153b12842b79e680a1369cdddd68697ad39f45d87bec,gpiosenka/car-parts-40-classes,car parts 50,train,dataset-v3-split-v1
kaggle_a8e1c4711c0215a1,kaggle50:starter:kaggle_a8e1c4711c0215a1,starter,train,32,data/images/dataset_v3/train/starter/starter_train_032_a8e1c4711c0215a1.jpg,a8e1c4711c0215a1496f4b6f533841ef6e2568f530e32a0bdab5ef54e1f1424d,gpiosenka/car-parts-40-classes,car parts 50,train,dataset-v3-split-v1
kaggle_83c2c3f1fcb2564a,kaggle50:starter:kaggle_83c2c3f1fcb2564a,starter,train,33,data/images/dataset_v3/train/starter/starter_train_033_83c2c3f1fcb2564a.jpg,83c2c3f1fcb2564ad099753ba8031ac7dd5c5dc9bebab8e85cb759a65911b8a5,gpiosenka/car-parts-40-classes,car parts 50,test,dataset-v3-split-v1
kaggle_78546a283c34435e,kaggle50:starter:kaggle_78546a283c34435e,starter,train,34,data/images/dataset_v3/train/starter/starter_train_034_78546a283c34435e.jpg,78546a283c34435ec9b5f4aff2fe537960b7e33262504bf7502ea42f77876fae,gpiosenka/car-parts-40-classes,car parts 50,train,dataset-v3-split-v1
kaggle_7a905e3e1734e5d2,kaggle50:starter:kaggle_7a905e3e1734e5d2,starter,train,35,data/images/dataset_v3/train/starter/starter_train_035_7a905e3e1734e5d2.jpg,7a905e3e1734e5d24ae36c54f877ec821dccbe8b91d50ec74df572ce52fcacd9,gpiosenka/car-parts-40-classes,car parts 50,train,dataset-v3-split-v1
kaggle_482fbab68e5a77b2,kaggle50:starter:kaggle_482fbab68e5a77b2,starter,train,36,data/images/dataset_v3/train/starter/starter_train_036_482fbab68e5a77b2.jpg,482fbab68e5a77b208a2424f31cf88025ddbd4d36abb35a6f98dd6add81867a6,gpiosenka/car-parts-40-classes,car parts 50,train,dataset-v3-split-v1
kaggle_48513d2c8d55aef6,kaggle50:starter:kaggle_48513d2c8d55aef6,starter,train,37,data/images/dataset_v3/train/starter/starter_train_037_48513d2c8d55aef6.jpg,48513d2c8d55aef688268f9323d0d6f74d0d11fcac6a79ea11e14fba8156069d,gpiosenka/car-parts-40-classes,car parts 50,train,dataset-v3-split-v1
kaggle_ced918590f940a95,kaggle50:starter:kaggle_ced918590f940a95,starter,train,38,data/images/dataset_v3/train/starter/starter_train_038_ced918590f940a95.jpg,ced918590f940a9553f8aebab2fcc95d54718cbe062863c2cddcd188d5223869,gpiosenka/car-parts-40-classes,car parts 50,train,dataset-v3-split-v1
kaggle_782b3697190bd8e0,kaggle50:starter:kaggle_782b3697190bd8e0,starter,train,39,data/images/dataset_v3/train/starter/starter_train_039_782b3697190bd8e0.jpg,782b3697190bd8e04a447f21fedccafbd7880fee40c35602463b414139e22c33,gpiosenka/car-parts-40-classes,car parts 50,train,dataset-v3-split-v1
kaggle_22bde61b8f331937,kaggle50:starter:kaggle_22bde61b8f331937,starter,train,40,data/images/dataset_v3/train/starter/starter_train_040_22bde61b8f331937.jpg,22bde61b8f33193702a68e2ef4856c916363ad72667647f3b398badee7ec8f27,gpiosenka/car-parts-40-classes,car parts 50,train,dataset-v3-split-v1
kaggle_660d9dcddc4710a2,kaggle50:starter:kaggle_660d9dcddc4710a2,starter,train,41,data/images/dataset_v3/train/starter/starter_train_041_660d9dcddc4710a2.jpg,660d9dcddc4710a2c0e2b0a0fa97acbafb5971a5f8c0cd1bee6eafecd9e1a221,gpiosenka/car-parts-40-classes,car parts 50,train,dataset-v3-split-v1
kaggle_4ea730816bd881b8,kaggle50:starter:kaggle_4ea730816bd881b8,starter,train,42,data/images/dataset_v3/train/starter/starter_train_042_4ea730816bd881b8.jpg,4ea730816bd881b82d181fa292f620fcc8a4f134e579ca1437364e5ac470bafb,gpiosenka/car-parts-40-classes,car parts 50,train,dataset-v3-split-v1
kaggle_fd839146d22eee10,kaggle50:starter:kaggle_fd839146d22eee10,starter,train,43,data/images/dataset_v3/train/starter/starter_train_043_fd839146d22eee10.jpg,fd839146d22eee1020a678d666a4f14bc42195294c1199eebf2c0eb5cf4f7d16,gpiosenka/car-parts-40-classes,car parts 50,train,dataset-v3-split-v1
kaggle_700bb5c7d606f29f,kaggle50:starter:kaggle_700bb5c7d606f29f,starter,train,44,data/images/dataset_v3/train/starter/starter_train_044_700bb5c7d606f29f.jpg,700bb5c7d606f29f71f47955b01a51384b34f4f9e30c18e2c858a06f8fc49f5a,gpiosenka/car-parts-40-classes,car parts 50,train,dataset-v3-split-v1
kaggle_8519e913a735c0cd,kaggle50:starter:kaggle_8519e913a735c0cd,starter,train,45,data/images/dataset_v3/train/starter/starter_train_045_8519e913a735c0cd.jpg,8519e913a735c0cdc8647403ef96c7fb1202b02a1b8aab3cfa40bec2dea894fa,gpiosenka/car-parts-40-classes,car parts 50,test,dataset-v3-split-v1
kaggle_9a26606748c4de58,kaggle50:starter:kaggle_9a26606748c4de58,starter,train,46,data/images/dataset_v3/train/starter/starter_train_046_9a26606748c4de58.jpg,9a26606748c4de5843d7ad7a3f16706fe38fd2b9d5f88566b3dfa5728a203e12,gpiosenka/car-parts-40-classes,car parts 50,train,dataset-v3-split-v1
kaggle_127a14498d356df5,kaggle50:starter:kaggle_127a14498d356df5,starter,train,47,data/images/dataset_v3/train/starter/starter_train_047_127a14498d356df5.jpg,127a14498d356df5ba17d82c6154b0db8f6d5d671b2fb734ea26a504f7b48cab,gpiosenka/car-parts-40-classes,car parts 50,train,dataset-v3-split-v1
kaggle_d54f2106a1cd7fe7,kaggle50:starter:kaggle_d54f2106a1cd7fe7,starter,train,48,data/images/dataset_v3/train/starter/starter_train_048_d54f2106a1cd7fe7.jpg,d54f2106a1cd7fe7ae4e3f705225841e14fd2e76585c6867a9e5f5eec29fff23,gpiosenka/car-parts-40-classes,car parts 50,train,dataset-v3-split-v1
kaggle_3ebb66be6403a3a8,kaggle50:starter:kaggle_3ebb66be6403a3a8,starter,train,49,data/images/dataset_v3/train/starter/starter_train_049_3ebb66be6403a3a8.jpg,3ebb66be6403a3a87b0077c7d0572dd396b1960f7cdc6963b2bff2196ef709a8,gpiosenka/car-parts-40-classes,car parts 50,train,dataset-v3-split-v1
kaggle_20c5f4c37ba65f1a,kaggle50:starter:kaggle_20c5f4c37ba65f1a,starter,train,50,data/images/dataset_v3/train/starter/starter_train_050_20c5f4c37ba65f1a.jpg,20c5f4c37ba65f1ab11c57d81f515babd3f58d6f141b34c306020bf55f5b9764,gpiosenka/car-parts-40-classes,car parts 50,train,dataset-v3-split-v1
kaggle_a596621d6282d7bb,kaggle50:starter:kaggle_a596621d6282d7bb,starter,train,51,data/images/dataset_v3/train/starter/starter_train_051_a596621d6282d7bb.jpg,a596621d6282d7bb65291a983ac448d33be78e9e46ccae9c170a919ea7a74017,gpiosenka/car-parts-40-classes,car parts 50,train,dataset-v3-split-v1
kaggle_1e90c8ea4ba07ec6,kaggle50:starter:kaggle_1e90c8ea4ba07ec6,starter,train,52,data/images/dataset_v3/train/starter/starter_train_052_1e90c8ea4ba07ec6.jpg,1e90c8ea4ba07ec6995c5a79742a93e27f889d4e789430b36cc0acef2df5dc95,gpiosenka/car-parts-40-classes,car parts 50,train,dataset-v3-split-v1
kaggle_ee653eb9570bc914,kaggle50:starter:kaggle_ee653eb9570bc914,starter,train,53,data/images/dataset_v3/train/starter/starter_train_053_ee653eb9570bc914.jpg,ee653eb9570bc914f9da15fc5742df4940606c1a5377c678ac4de783fa98f5b9,gpiosenka/car-parts-40-classes,car parts 50,train,dataset-v3-split-v1
kaggle_641cd1e977d0edb5,kaggle50:starter:kaggle_641cd1e977d0edb5,starter,train,54,data/images/dataset_v3/train/starter/starter_train_054_641cd1e977d0edb5.jpg,641cd1e977d0edb5ac859cb942e77e5403036a2cc92e167e3bba520cf3fe9057,gpiosenka/car-parts-40-classes,car parts 50,train,dataset-v3-split-v1
kaggle_3a7c7730e6874348,kaggle50:starter:kaggle_3a7c7730e6874348,starter,train,55,data/images/dataset_v3/train/starter/starter_train_055_3a7c7730e6874348.jpg,3a7c7730e6874348abb5f961aa1a2ca7e722017065afc3cda24b9cc2a080c661,gpiosenka/car-parts-40-classes,car parts 50,train,dataset-v3-split-v1
kaggle_9fc2fabce046c4af,kaggle50:starter:kaggle_9fc2fabce046c4af,starter,train,56,data/images/dataset_v3/train/starter/starter_train_056_9fc2fabce046c4af.jpg,9fc2fabce046c4af8763f8b15132ee53a897c072fbde4ca72e21c103746ccc88,gpiosenka/car-parts-40-classes,car parts 50,train,dataset-v3-split-v1
kaggle_4e5614842016e87a,kaggle50:starter:kaggle_4e5614842016e87a,starter,train,57,data/images/dataset_v3/train/starter/starter_train_057_4e5614842016e87a.jpg,4e5614842016e87a02936384aafb36fe80990e571262d84963c2d9553c66e8f0,gpiosenka/car-parts-40-classes,car parts 50,train,dataset-v3-split-v1
kaggle_4840ac4ceaca1515,kaggle50:starter:kaggle_4840ac4ceaca1515,starter,train,58,data/images/dataset_v3/train/starter/starter_train_058_4840ac4ceaca1515.jpg,4840ac4ceaca1515f4c6abc214741d5e1d8c03df01ebfc7ad46509fae48767a3,gpiosenka/car-parts-40-classes,car parts 50,train,dataset-v3-split-v1
kaggle_409742d35be94202,kaggle50:starter:kaggle_409742d35be94202,starter,train,59,data/images/dataset_v3/train/starter/starter_train_059_409742d35be94202.jpg,409742d35be94202e26a4a9c8d4c2aff80f3309effb36a338fc2c7e12997667f,gpiosenka/car-parts-40-classes,car parts 50,validation,dataset-v3-split-v1
kaggle_503ecf2d3d25869c,kaggle50:starter:kaggle_503ecf2d3d25869c,starter,train,60,data/images/dataset_v3/train/starter/starter_train_060_503ecf2d3d25869c.jpg,503ecf2d3d25869c136512cf7ec23ae0ef879d8cab0058d397cc6a8885f7b005,gpiosenka/car-parts-40-classes,car parts 50,train,dataset-v3-split-v1
kaggle_3a85a73937bfbc89,kaggle50:taillight:kaggle_3a85a73937bfbc89,taillight,train,1,data/images/dataset_v3/train/taillight/taillight_train_001_3a85a73937bfbc89.jpg,3a85a73937bfbc894fdecce2d99a715dc12834e556b1a69f026d44dff4f5f44f,gpiosenka/car-parts-40-classes,car parts 50,train,dataset-v3-split-v1
kaggle_555c2cd24c463a91,kaggle50:taillight:kaggle_555c2cd24c463a91,taillight,train,2,data/images/dataset_v3/train/taillight/taillight_train_002_555c2cd24c463a91.jpg,555c2cd24c463a91996eb95f087cc622c56bd7d086861b632141df6bc3d683e4,gpiosenka/car-parts-40-classes,car parts 50,train,dataset-v3-split-v1
kaggle_b5ce70404a87d926,kaggle50:taillight:kaggle_b5ce70404a87d926,taillight,train,3,data/images/dataset_v3/train/taillight/taillight_train_003_b5ce70404a87d926.jpg,b5ce70404a87d9267b3ecf1ca02df2e2822b0b664a6039b598a89c57a7f0521f,gpiosenka/car-parts-40-classes,car parts 50,train,dataset-v3-split-v1
kaggle_0f7ac867c3f80031,kaggle50:taillight:kaggle_0f7ac867c3f80031,taillight,train,4,data/images/dataset_v3/train/taillight/taillight_train_004_0f7ac867c3f80031.jpg,0f7ac867c3f80031dc1265bb0e857bcb735ae2c41b872db182eed93e1c9775aa,gpiosenka/car-parts-40-classes,car parts 50,train,dataset-v3-split-v1
kaggle_88b7a012e1f98078,kaggle50:taillight:kaggle_88b7a012e1f98078,taillight,train,5,data/images/dataset_v3/train/taillight/taillight_train_005_88b7a012e1f98078.jpg,88b7a012e1f98078b9d8d0cba668b58785915bbc1000249ca91616379f708c20,gpiosenka/car-parts-40-classes,car parts 50,train,dataset-v3-split-v1
kaggle_9fa65beded1e31c8,kaggle50:taillight:kaggle_9fa65beded1e31c8,taillight,train,6,data/images/dataset_v3/train/taillight/taillight_train_006_9fa65beded1e31c8.jpg,9fa65beded1e31c89ec0e36a2d576a63b2c13668513d86a31a7168e6ab4348d8,gpiosenka/car-parts-40-classes,car parts 50,train,dataset-v3-split-v1
kaggle_e6960d6e0e2d4260,kaggle50:taillight:kaggle_e6960d6e0e2d4260,taillight,train,7,data/images/dataset_v3/train/taillight/taillight_train_007_e6960d6e0e2d4260.jpg,e6960d6e0e2d4260914c0e453f9d8081ccb58c6f8de97e4c634151e82474ec6c,gpiosenka/car-parts-40-classes,car parts 50,train,dataset-v3-split-v1
kaggle_2bd58477e4578ad3,kaggle50:taillight:kaggle_2bd58477e4578ad3,taillight,train,8,data/images/dataset_v3/train/taillight/taillight_train_008_2bd58477e4578ad3.jpg,2bd58477e4578ad3ad2e9bdaab2e3ded8036f934095621c5f4e31d05e9c732ad,gpiosenka/car-parts-40-classes,car parts 50,train,dataset-v3-split-v1
kaggle_f172bf09b529484f,kaggle50:taillight:kaggle_f172bf09b529484f,taillight,train,9,data/images/dataset_v3/train/taillight/taillight_train_009_f172bf09b529484f.jpg,f172bf09b529484f021f27dc2714662986daee6a5e80be97005577c8989104f5,gpiosenka/car-parts-40-classes,car parts 50,train,dataset-v3-split-v1
kaggle_d4209ea8eead28d1,kaggle50:taillight:kaggle_d4209ea8eead28d1,taillight,train,10,data/images/dataset_v3/train/taillight/taillight_train_010_d4209ea8eead28d1.jpg,d4209ea8eead28d17e0fedd65f2241db623c9a96aaac6ef0ba61763f546a5e80,gpiosenka/car-parts-40-classes,car parts 50,train,dataset-v3-split-v1
kaggle_ab8bae3258874845,kaggle50:taillight:kaggle_ab8bae3258874845,taillight,train,11,data/images/dataset_v3/train/taillight/taillight_train_011_ab8bae3258874845.jpg,ab8bae325887484530b960d3c6a55f32879dba33ec7aa46283b7207fa2f242dc,gpiosenka/car-parts-40-classes,car parts 50,train,dataset-v3-split-v1
kaggle_50da64086b0d235e,kaggle50:taillight:kaggle_50da64086b0d235e,taillight,train,12,data/images/dataset_v3/train/taillight/taillight_train_012_50da64086b0d235e.jpg,50da64086b0d235ec96851df62799c503142240a36c940d5f6c51b5584b2853f,gpiosenka/car-parts-40-classes,car parts 50,train,dataset-v3-split-v1
kaggle_6a9fd65072717155,kaggle50:taillight:kaggle_6a9fd65072717155,taillight,train,13,data/images/dataset_v3/train/taillight/taillight_train_013_6a9fd65072717155.jpg,6a9fd65072717155ae172c2a96ca649dfbc3a84b69a1774deb8b96459592621a,gpiosenka/car-parts-40-classes,car parts 50,train,dataset-v3-split-v1
kaggle_2c79a5fd9c1a43ea,kaggle50:taillight:kaggle_2c79a5fd9c1a43ea,taillight,train,14,data/images/dataset_v3/train/taillight/taillight_train_014_2c79a5fd9c1a43ea.jpg,2c79a5fd9c1a43ea1eb5a0516f0e77864a8d3b831e024dc9b922d880df89c34b,gpiosenka/car-parts-40-classes,car parts 50,train,dataset-v3-split-v1
kaggle_a76cb58f69c0b6fa,kaggle50:taillight:kaggle_a76cb58f69c0b6fa,taillight,train,15,data/images/dataset_v3/train/taillight/taillight_train_015_a76cb58f69c0b6fa.jpg,a76cb58f69c0b6fa45601f51ad912db52b54264c77f7bc0d041cd75553351799,gpiosenka/car-parts-40-classes,car parts 50,train,dataset-v3-split-v1
kaggle_5003102cfa91b697,kaggle50:taillight:kaggle_5003102cfa91b697,taillight,train,16,data/images/dataset_v3/train/taillight/taillight_train_016_5003102cfa91b697.jpg,5003102cfa91b697c5b16da43aca361211e824d7994e4d1e4307733c5bd95d67,gpiosenka/car-parts-40-classes,car parts 50,train,dataset-v3-split-v1
kaggle_a3d1cdbf4ce58bc0,kaggle50:taillight:kaggle_a3d1cdbf4ce58bc0,taillight,train,17,data/images/dataset_v3/train/taillight/taillight_train_017_a3d1cdbf4ce58bc0.jpg,a3d1cdbf4ce58bc050a1d68162438ef97fcdf52a22065d6ef580734db9995fdb,gpiosenka/car-parts-40-classes,car parts 50,train,dataset-v3-split-v1
kaggle_a2eed9386b227b6e,kaggle50:taillight:kaggle_a2eed9386b227b6e,taillight,train,18,data/images/dataset_v3/train/taillight/taillight_train_018_a2eed9386b227b6e.jpg,a2eed9386b227b6e753046ea8b0e15a41abfa840c96235e39b3e6d2297343720,gpiosenka/car-parts-40-classes,car parts 50,train,dataset-v3-split-v1
kaggle_7b9ce974354bceff,kaggle50:taillight:kaggle_7b9ce974354bceff,taillight,train,19,data/images/dataset_v3/train/taillight/taillight_train_019_7b9ce974354bceff.jpg,7b9ce974354bceffa69cc92f6acc609a8ebb67e040bd349cdbf73e30c4ca77b6,gpiosenka/car-parts-40-classes,car parts 50,train,dataset-v3-split-v1
kaggle_2381932c0ac38e30,kaggle50:taillight:kaggle_2381932c0ac38e30,taillight,train,20,data/images/dataset_v3/train/taillight/taillight_train_020_2381932c0ac38e30.jpg,2381932c0ac38e30b5e752827a344f223171cc878976fe2f00753a4d90a4c3e0,gpiosenka/car-parts-40-classes,car parts 50,train,dataset-v3-split-v1
kaggle_b8a76af2d1ce9cf6,kaggle50:taillight:kaggle_b8a76af2d1ce9cf6,taillight,train,21,data/images/dataset_v3/train/taillight/taillight_train_021_b8a76af2d1ce9cf6.jpg,b8a76af2d1ce9cf64276f898f63353dad49f8a638c86ecd6ee4d969f2f8fc075,gpiosenka/car-parts-40-classes,car parts 50,train,dataset-v3-split-v1
kaggle_f4c70d3dc28fa9f4,kaggle50:taillight:kaggle_f4c70d3dc28fa9f4,taillight,train,22,data/images/dataset_v3/train/taillight/taillight_train_022_f4c70d3dc28fa9f4.jpg,f4c70d3dc28fa9f4a8fbaace88c9b0aac0e11bb108af77c0c1d8a55b2fd5532e,gpiosenka/car-parts-40-classes,car parts 50,train,dataset-v3-split-v1
kaggle_89c0b7581be64c61,kaggle50:taillight:kaggle_89c0b7581be64c61,taillight,train,23,data/images/dataset_v3/train/taillight/taillight_train_023_89c0b7581be64c61.jpg,89c0b7581be64c61abd728b475ad2ba742831adbc398fbdd5ff29c767d49793e,gpiosenka/car-parts-40-classes,car parts 50,train,dataset-v3-split-v1
kaggle_ce4171c764be0e38,kaggle50:taillight:kaggle_ce4171c764be0e38,taillight,train,24,data/images/dataset_v3/train/taillight/taillight_train_024_ce4171c764be0e38.jpg,ce4171c764be0e38565bda4f72a302cdf58113621a5f5caf12a101dcfbee9778,gpiosenka/car-parts-40-classes,car parts 50,train,dataset-v3-split-v1
kaggle_0e058072c44ba469,kaggle50:taillight:kaggle_0e058072c44ba469,taillight,train,25,data/images/dataset_v3/train/taillight/taillight_train_025_0e058072c44ba469.jpg,0e058072c44ba46906b5e05b3d21583e550bec0b16cd533778b4cf26debde7df,gpiosenka/car-parts-40-classes,car parts 50,train,dataset-v3-split-v1
kaggle_e2cad23544187311,kaggle50:taillight:kaggle_e2cad23544187311,taillight,train,26,data/images/dataset_v3/train/taillight/taillight_train_026_e2cad23544187311.jpg,e2cad23544187311a18c812dfe690e4345d14ecf9de65f194abad74003f499b6,gpiosenka/car-parts-40-classes,car parts 50,train,dataset-v3-split-v1
kaggle_bb82504790f9f2a4,kaggle50:taillight:kaggle_bb82504790f9f2a4,taillight,train,27,data/images/dataset_v3/train/taillight/taillight_train_027_bb82504790f9f2a4.jpg,bb82504790f9f2a498e9dfe6aad0f81b7a5b5f505916e57567efd1b4040d5966,gpiosenka/car-parts-40-classes,car parts 50,train,dataset-v3-split-v1
kaggle_18643bdbc130c65a,kaggle50:taillight:kaggle_18643bdbc130c65a,taillight,train,28,data/images/dataset_v3/train/taillight/taillight_train_028_18643bdbc130c65a.jpg,18643bdbc130c65acd7a430e11b973b99a98c231d6fc3407a63eb0977825f904,gpiosenka/car-parts-40-classes,car parts 50,train,dataset-v3-split-v1
kaggle_cc42e7bcaf83ae78,kaggle50:taillight:kaggle_cc42e7bcaf83ae78,taillight,train,29,data/images/dataset_v3/train/taillight/taillight_train_029_cc42e7bcaf83ae78.jpg,cc42e7bcaf83ae787208506cd87b09e5287d19e9f8b849d4880ae37e5a38f1fe,gpiosenka/car-parts-40-classes,car parts 50,train,dataset-v3-split-v1
kaggle_c6c416dd7a764ddd,kaggle50:taillight:kaggle_c6c416dd7a764ddd,taillight,train,30,data/images/dataset_v3/train/taillight/taillight_train_030_c6c416dd7a764ddd.jpg,c6c416dd7a764ddd0a4b567d0eb89d531f18eb9d05dc7b7fa696158cd4ad985c,gpiosenka/car-parts-40-classes,car parts 50,train,dataset-v3-split-v1
kaggle_a357e4b873961ff2,kaggle50:taillight:kaggle_a357e4b873961ff2,taillight,train,31,data/images/dataset_v3/train/taillight/taillight_train_031_a357e4b873961ff2.jpg,a357e4b873961ff2a0ad28a73d3c8e27d3b803fcf5b7568a8c1174713ce74af9,gpiosenka/car-parts-40-classes,car parts 50,train,dataset-v3-split-v1
kaggle_21a50602a1607189,kaggle50:taillight:kaggle_21a50602a1607189,taillight,train,32,data/images/dataset_v3/train/taillight/taillight_train_032_21a50602a1607189.jpg,21a50602a16071891c1daa0e73e72765a53f32b5351a0216fb6fe857976dc91b,gpiosenka/car-parts-40-classes,car parts 50,train,dataset-v3-split-v1
kaggle_f048bc94f502579c,kaggle50:taillight:kaggle_f048bc94f502579c,taillight,train,33,data/images/dataset_v3/train/taillight/taillight_train_033_f048bc94f502579c.jpg,f048bc94f502579c05783843e08fb57c270a1d6afeb10fb7e5d6223f6085e5d7,gpiosenka/car-parts-40-classes,car parts 50,train,dataset-v3-split-v1
kaggle_61bf12d184d2ec69,kaggle50:taillight:kaggle_61bf12d184d2ec69,taillight,train,34,data/images/dataset_v3/train/taillight/taillight_train_034_61bf12d184d2ec69.jpg,61bf12d184d2ec69b8da60d778fb0320034b25cc816df29d0d306e7e1e899138,gpiosenka/car-parts-40-classes,car parts 50,train,dataset-v3-split-v1
kaggle_f8a406a0295ffd05,kaggle50:taillight:kaggle_f8a406a0295ffd05,taillight,train,35,data/images/dataset_v3/train/taillight/taillight_train_035_f8a406a0295ffd05.jpg,f8a406a0295ffd0539f7088092a8a405e866e3829022e9bfb2f8bde1ba62e9c5,gpiosenka/car-parts-40-classes,car parts 50,test,dataset-v3-split-v1
kaggle_c8a87a052491c336,kaggle50:taillight:kaggle_c8a87a052491c336,taillight,train,36,data/images/dataset_v3/train/taillight/taillight_train_036_c8a87a052491c336.jpg,c8a87a052491c336d654cd6282dfe6fda1115e2505679f89978010a72bc9b7fc,gpiosenka/car-parts-40-classes,car parts 50,train,dataset-v3-split-v1
kaggle_7ba92a928853686a,kaggle50:taillight:kaggle_7ba92a928853686a,taillight,train,37,data/images/dataset_v3/train/taillight/taillight_train_037_7ba92a928853686a.jpg,7ba92a928853686a4d62f853c2ba283be2077ee16758085a5e2ca0339e63e02c,gpiosenka/car-parts-40-classes,car parts 50,train,dataset-v3-split-v1
kaggle_4949002d8a3fb021,kaggle50:taillight:kaggle_4949002d8a3fb021,taillight,train,38,data/images/dataset_v3/train/taillight/taillight_train_038_4949002d8a3fb021.jpg,4949002d8a3fb0216b99c971fc937d1bf39c4ee0898e2f9106beaf320028e4bc,gpiosenka/car-parts-40-classes,car parts 50,train,dataset-v3-split-v1
kaggle_d6fb3578b8579dea,kaggle50:taillight:kaggle_d6fb3578b8579dea,taillight,train,39,data/images/dataset_v3/train/taillight/taillight_train_039_d6fb3578b8579dea.jpg,d6fb3578b8579deabba02a763d613a195103def099f887660bb2b7a5422580d3,gpiosenka/car-parts-40-classes,car parts 50,train,dataset-v3-split-v1
kaggle_49f6f0b97441377e,kaggle50:taillight:kaggle_49f6f0b97441377e,taillight,train,40,data/images/dataset_v3/train/taillight/taillight_train_040_49f6f0b97441377e.jpg,49f6f0b97441377eac9611ab43face51e70cd39818e2b3fe9f03dbefe587750b,gpiosenka/car-parts-40-classes,car parts 50,train,dataset-v3-split-v1
kaggle_17ba40c9dcf06117,kaggle50:taillight:kaggle_17ba40c9dcf06117,taillight,train,41,data/images/dataset_v3/train/taillight/taillight_train_041_17ba40c9dcf06117.jpg,17ba40c9dcf06117f20af0c3efb817d0723fe007acfe3ad87fb7d57e3d67ee3e,gpiosenka/car-parts-40-classes,car parts 50,test,dataset-v3-split-v1
kaggle_ad9d884839a70f28,kaggle50:taillight:kaggle_ad9d884839a70f28,taillight,train,42,data/images/dataset_v3/train/taillight/taillight_train_042_ad9d884839a70f28.jpg,ad9d884839a70f28dc3f7212ece764a46752408adeb1b74de555ae0481b2e8a0,gpiosenka/car-parts-40-classes,car parts 50,train,dataset-v3-split-v1
kaggle_fdde0fd48c259e3b,kaggle50:taillight:kaggle_fdde0fd48c259e3b,taillight,train,43,data/images/dataset_v3/train/taillight/taillight_train_043_fdde0fd48c259e3b.jpg,fdde0fd48c259e3b82aea10206ba172d776fa2ea76bfa458b031e40b3b52584c,gpiosenka/car-parts-40-classes,car parts 50,train,dataset-v3-split-v1
kaggle_966ef46b3238e4c5,kaggle50:taillight:kaggle_966ef46b3238e4c5,taillight,train,44,data/images/dataset_v3/train/taillight/taillight_train_044_966ef46b3238e4c5.jpg,966ef46b3238e4c5a2169cb8307366d1ed3d937d3b536b2793c4ed3dd8a1a922,gpiosenka/car-parts-40-classes,car parts 50,train,dataset-v3-split-v1
kaggle_88c58ce25e33abaa,kaggle50:taillight:kaggle_88c58ce25e33abaa,taillight,train,45,data/images/dataset_v3/train/taillight/taillight_train_045_88c58ce25e33abaa.jpg,88c58ce25e33abaad08db0eab4aea55486e1468af7f8b361bfb9168997e44894,gpiosenka/car-parts-40-classes,car parts 50,train,dataset-v3-split-v1
kaggle_482f8d1b0a66d306,kaggle50:taillight:kaggle_482f8d1b0a66d306,taillight,train,46,data/images/dataset_v3/train/taillight/taillight_train_046_482f8d1b0a66d306.jpg,482f8d1b0a66d306e9a60756ceeedfc052fbfba9f705efc6a3399afea78f46ba,gpiosenka/car-parts-40-classes,car parts 50,train,dataset-v3-split-v1
kaggle_5973e7b00194647d,kaggle50:taillight:kaggle_5973e7b00194647d,taillight,train,47,data/images/dataset_v3/train/taillight/taillight_train_047_5973e7b00194647d.jpg,5973e7b00194647dce0d9a4254491623d46cebba6e30b1cadfe31230135b8276,gpiosenka/car-parts-40-classes,car parts 50,train,dataset-v3-split-v1
kaggle_b8996378a36f675b,kaggle50:taillight:kaggle_b8996378a36f675b,taillight,train,48,data/images/dataset_v3/train/taillight/taillight_train_048_b8996378a36f675b.jpg,b8996378a36f675b3fb4dad501d70ed83a347e9365aa6ac14b5de27ccab37fe5,gpiosenka/car-parts-40-classes,car parts 50,train,dataset-v3-split-v1
kaggle_1c065add50c68ab5,kaggle50:taillight:kaggle_1c065add50c68ab5,taillight,train,49,data/images/dataset_v3/train/taillight/taillight_train_049_1c065add50c68ab5.jpg,1c065add50c68ab536f5228cc24a72bd6591011e19ce44410f1b53b9c9d8970f,gpiosenka/car-parts-40-classes,car parts 50,train,dataset-v3-split-v1
kaggle_703015bf614943ff,kaggle50:taillight:kaggle_703015bf614943ff,taillight,train,50,data/images/dataset_v3/train/taillight/taillight_train_050_703015bf614943ff.jpg,703015bf614943ffe28c5e2b52ea62f90f0b59f8b072097fbd7d2700eeafce1c,gpiosenka/car-parts-40-classes,car parts 50,train,dataset-v3-split-v1
kaggle_0a77ee844b669f43,kaggle50:taillight:kaggle_0a77ee844b669f43,taillight,train,51,data/images/dataset_v3/train/taillight/taillight_train_051_0a77ee844b669f43.jpg,0a77ee844b669f43835ffee812de0907adb5a25e638b0085ef87d3d5a3caf3cc,gpiosenka/car-parts-40-classes,car parts 50,train,dataset-v3-split-v1
kaggle_ae4eda23ca4a0ecc,kaggle50:taillight:kaggle_ae4eda23ca4a0ecc,taillight,train,52,data/images/dataset_v3/train/taillight/taillight_train_052_ae4eda23ca4a0ecc.jpg,ae4eda23ca4a0ecc83fab96e8055488006fd83f62573a71617a047baffbac51e,gpiosenka/car-parts-40-classes,car parts 50,train,dataset-v3-split-v1
kaggle_8ef8c3803874cc57,kaggle50:taillight:kaggle_8ef8c3803874cc57,taillight,train,53,data/images/dataset_v3/train/taillight/taillight_train_053_8ef8c3803874cc57.jpg,8ef8c3803874cc573e0cb242f78f6f955c50babac80676d80b82b9001f7d4057,gpiosenka/car-parts-40-classes,car parts 50,train,dataset-v3-split-v1
kaggle_7c42445fe78e3259,kaggle50:taillight:kaggle_7c42445fe78e3259,taillight,train,54,data/images/dataset_v3/train/taillight/taillight_train_054_7c42445fe78e3259.jpg,7c42445fe78e3259e79b47e82872291e62d31c6531a46b38169ed7d43bc8ab51,gpiosenka/car-parts-40-classes,car parts 50,train,dataset-v3-split-v1
kaggle_16dc2e20ff472e36,kaggle50:taillight:kaggle_16dc2e20ff472e36,taillight,train,55,data/images/dataset_v3/train/taillight/taillight_train_055_16dc2e20ff472e36.jpg,16dc2e20ff472e36fea6d1f84dab69cd0b13cbc41c0a91ef25ec930dee0a965d,gpiosenka/car-parts-40-classes,car parts 50,train,dataset-v3-split-v1
kaggle_9e45550ca2e1c25b,kaggle50:taillight:kaggle_9e45550ca2e1c25b,taillight,train,56,data/images/dataset_v3/train/taillight/taillight_train_056_9e45550ca2e1c25b.jpg,9e45550ca2e1c25bd204e064e43662773c034ea7838de86b8f6edd4aa0425c5a,gpiosenka/car-parts-40-classes,car parts 50,train,dataset-v3-split-v1
kaggle_d2eb7a3b18eb62d5,kaggle50:taillight:kaggle_d2eb7a3b18eb62d5,taillight,train,57,data/images/dataset_v3/train/taillight/taillight_train_057_d2eb7a3b18eb62d5.jpg,d2eb7a3b18eb62d5d09d8a1c8fb0c9175e110419309161ea8901df28a4c0f2ed,gpiosenka/car-parts-40-classes,car parts 50,validation,dataset-v3-split-v1
kaggle_948687ef70e0ce08,kaggle50:taillight:kaggle_948687ef70e0ce08,taillight,train,58,data/images/dataset_v3/train/taillight/taillight_train_058_948687ef70e0ce08.jpg,948687ef70e0ce0803e7b6ee4da05c6d64a1ea1a82067ac7195f1b40fbc7bd1c,gpiosenka/car-parts-40-classes,car parts 50,train,dataset-v3-split-v1
kaggle_c8df38e451ae4b61,kaggle50:taillight:kaggle_c8df38e451ae4b61,taillight,train,59,data/images/dataset_v3/train/taillight/taillight_train_059_c8df38e451ae4b61.jpg,c8df38e451ae4b6137bb116c45b132f2a10003f2aa97bca7593c9059800a92e1,gpiosenka/car-parts-40-classes,car parts 50,train,dataset-v3-split-v1
kaggle_c7b54a817ad60fe1,kaggle50:taillight:kaggle_c7b54a817ad60fe1,taillight,train,60,data/images/dataset_v3/train/taillight/taillight_train_060_c7b54a817ad60fe1.jpg,c7b54a817ad60fe1a5b53a65c5b384fd33f5636058a94f7687c5a330c6ffbd12,gpiosenka/car-parts-40-classes,car parts 50,train,dataset-v3-split-v1
kaggle_ec6d92e60f465bc8,kaggle50:alternator:kaggle_ec6d92e60f465bc8,alternator,validation,1,data/images/dataset_v3/validation/alternator/alternator_validation_001_ec6d92e60f465bc8.jpg,ec6d92e60f465bc8d6b4c7ec65391035cb5f7cf64943d9b1d9ef4e5d370dbe8d,gpiosenka/car-parts-40-classes,car parts 50,train,dataset-v3-split-v1
kaggle_6d179dce97f3c577,kaggle50:alternator:kaggle_6d179dce97f3c577,alternator,validation,2,data/images/dataset_v3/validation/alternator/alternator_validation_002_6d179dce97f3c577.jpg,6d179dce97f3c577fa3c1f27bcf37a99d20990606f6324d8b65eda79111333c8,gpiosenka/car-parts-40-classes,car parts 50,train,dataset-v3-split-v1
kaggle_c6b11554ff139595,kaggle50:alternator:kaggle_c6b11554ff139595,alternator,validation,3,data/images/dataset_v3/validation/alternator/alternator_validation_003_c6b11554ff139595.jpg,c6b11554ff139595540901133f81e5e789c327d85e734d83b2435e8c8cfaae3c,gpiosenka/car-parts-40-classes,car parts 50,validation,dataset-v3-split-v1
kaggle_7d56029e995a6395,kaggle50:alternator:kaggle_7d56029e995a6395,alternator,validation,4,data/images/dataset_v3/validation/alternator/alternator_validation_004_7d56029e995a6395.jpg,7d56029e995a63952e117870bbb5e26625cb14d9a511c7a65c419c363ebdab07,gpiosenka/car-parts-40-classes,car parts 50,train,dataset-v3-split-v1
kaggle_02d7fbb707c39ec0,kaggle50:alternator:kaggle_02d7fbb707c39ec0,alternator,validation,5,data/images/dataset_v3/validation/alternator/alternator_validation_005_02d7fbb707c39ec0.jpg,02d7fbb707c39ec09094b3298b0c976e5bdcbf1003411e6a4d2ad7e86194ee29,gpiosenka/car-parts-40-classes,car parts 50,train,dataset-v3-split-v1
kaggle_6e75e7df8c01f37b,kaggle50:alternator:kaggle_6e75e7df8c01f37b,alternator,validation,6,data/images/dataset_v3/validation/alternator/alternator_validation_006_6e75e7df8c01f37b.jpg,6e75e7df8c01f37b08196b459e83e8abfaba7869c2866360648d4e73a53fbd2a,gpiosenka/car-parts-40-classes,car parts 50,train,dataset-v3-split-v1
kaggle_bcadf29fed4c2bb3,kaggle50:alternator:kaggle_bcadf29fed4c2bb3,alternator,validation,7,data/images/dataset_v3/validation/alternator/alternator_validation_007_bcadf29fed4c2bb3.jpg,bcadf29fed4c2bb3ca7c99418e43b136b4cbff4334e993c8622908736a460d57,gpiosenka/car-parts-40-classes,car parts 50,train,dataset-v3-split-v1
kaggle_e852447a71edead7,kaggle50:alternator:kaggle_e852447a71edead7,alternator,validation,8,data/images/dataset_v3/validation/alternator/alternator_validation_008_e852447a71edead7.jpg,e852447a71edead71c8451804f0a9553e9a7fb3aad6aa551cd72185345662bbb,gpiosenka/car-parts-40-classes,car parts 50,train,dataset-v3-split-v1
kaggle_6be748be6a131639,kaggle50:alternator:kaggle_6be748be6a131639,alternator,validation,9,data/images/dataset_v3/validation/alternator/alternator_validation_009_6be748be6a131639.jpg,6be748be6a1316394322b950cae202aed215bbde7277ed212f91d3773d6f75af,gpiosenka/car-parts-40-classes,car parts 50,train,dataset-v3-split-v1
kaggle_ad328d4c597fcc43,kaggle50:alternator:kaggle_ad328d4c597fcc43,alternator,validation,10,data/images/dataset_v3/validation/alternator/alternator_validation_010_ad328d4c597fcc43.jpg,ad328d4c597fcc435b55e03542926b83e623bb0335bfa2b110821c11cba35ac1,gpiosenka/car-parts-40-classes,car parts 50,train,dataset-v3-split-v1
kaggle_b9ed205e5e521426,kaggle50:brake_disc:kaggle_b9ed205e5e521426,brake_disc,validation,1,data/images/dataset_v3/validation/brake_disc/brake_disc_validation_001_b9ed205e5e521426.jpg,b9ed205e5e521426a1c03ad6d38293e56ff3cada98a93ff113e8808145f91cf5,gpiosenka/car-parts-40-classes,car parts 50,train,dataset-v3-split-v1
kaggle_d7b7516b36b23d61,kaggle50:brake_disc:kaggle_d7b7516b36b23d61,brake_disc,validation,2,data/images/dataset_v3/validation/brake_disc/brake_disc_validation_002_d7b7516b36b23d61.jpg,d7b7516b36b23d61071f8210ded35c7628b4905b09b0d47c2d906c2e60606dcc,gpiosenka/car-parts-40-classes,car parts 50,train,dataset-v3-split-v1
kaggle_44ed54c34e9f0361,kaggle50:brake_disc:kaggle_44ed54c34e9f0361,brake_disc,validation,3,data/images/dataset_v3/validation/brake_disc/brake_disc_validation_003_44ed54c34e9f0361.jpg,44ed54c34e9f036114970ccb1fce705ab96493b0f7ad2625a3d2c615e19c80b3,gpiosenka/car-parts-40-classes,car parts 50,train,dataset-v3-split-v1
kaggle_25c06e3903e7ea40,kaggle50:brake_disc:kaggle_25c06e3903e7ea40,brake_disc,validation,4,data/images/dataset_v3/validation/brake_disc/brake_disc_validation_004_25c06e3903e7ea40.jpg,25c06e3903e7ea40adff4cf1c105eaf7997238a53572a49bc39e7a70117083f4,gpiosenka/car-parts-40-classes,car parts 50,train,dataset-v3-split-v1
kaggle_2559fbf8846b60a9,kaggle50:brake_disc:kaggle_2559fbf8846b60a9,brake_disc,validation,5,data/images/dataset_v3/validation/brake_disc/brake_disc_validation_005_2559fbf8846b60a9.jpg,2559fbf8846b60a9bb095de728bc153821c0064cc0699621f496c9af1a4157d0,gpiosenka/car-parts-40-classes,car parts 50,train,dataset-v3-split-v1
kaggle_7a9f95bea7b24a83,kaggle50:brake_disc:kaggle_7a9f95bea7b24a83,brake_disc,validation,6,data/images/dataset_v3/validation/brake_disc/brake_disc_validation_006_7a9f95bea7b24a83.jpg,7a9f95bea7b24a83538faff22de9b09dc7ef50b87040024ef79eb765fbdb5941,gpiosenka/car-parts-40-classes,car parts 50,validation,dataset-v3-split-v1
kaggle_54278f98f7d2e247,kaggle50:brake_disc:kaggle_54278f98f7d2e247,brake_disc,validation,7,data/images/dataset_v3/validation/brake_disc/brake_disc_validation_007_54278f98f7d2e247.jpg,54278f98f7d2e247cea5262389cd9da5920334208d731abc3b5af721140a6a0c,gpiosenka/car-parts-40-classes,car parts 50,train,dataset-v3-split-v1
kaggle_bd54b23bc2f4767d,kaggle50:brake_disc:kaggle_bd54b23bc2f4767d,brake_disc,validation,8,data/images/dataset_v3/validation/brake_disc/brake_disc_validation_008_bd54b23bc2f4767d.jpg,bd54b23bc2f4767dbec4493cdf611d6dd78f8f3048a167515e9719b2c5b3c76f,gpiosenka/car-parts-40-classes,car parts 50,train,dataset-v3-split-v1
kaggle_0ed344645f2e84df,kaggle50:brake_disc:kaggle_0ed344645f2e84df,brake_disc,validation,9,data/images/dataset_v3/validation/brake_disc/brake_disc_validation_009_0ed344645f2e84df.jpg,0ed344645f2e84df077ded7a1d5ae70c00c24cbb19f49cfe46223e542b2723f6,gpiosenka/car-parts-40-classes,car parts 50,train,dataset-v3-split-v1
kaggle_8009479ae0ec9608,kaggle50:brake_disc:kaggle_8009479ae0ec9608,brake_disc,validation,10,data/images/dataset_v3/validation/brake_disc/brake_disc_validation_010_8009479ae0ec9608.jpg,8009479ae0ec96083a37d6fdb689330c74a43a5f1c4a276849209bd46c06a0b1,gpiosenka/car-parts-40-classes,car parts 50,train,dataset-v3-split-v1
kaggle_1b49b1507710e501,kaggle50:brake_pad:kaggle_1b49b1507710e501,brake_pad,validation,1,data/images/dataset_v3/validation/brake_pad/brake_pad_validation_001_1b49b1507710e501.jpg,1b49b1507710e501144a70d8ff3c4ee873a90eae4f08bd68f2dcc12072ac4c8e,gpiosenka/car-parts-40-classes,car parts 50,validation,dataset-v3-split-v1
kaggle_3c32eabe84907837,kaggle50:brake_pad:kaggle_3c32eabe84907837,brake_pad,validation,2,data/images/dataset_v3/validation/brake_pad/brake_pad_validation_002_3c32eabe84907837.jpg,3c32eabe84907837a784b144ca827eacf0d7a62d30262ac54bbb9aa16e17467e,gpiosenka/car-parts-40-classes,car parts 50,train,dataset-v3-split-v1
kaggle_5731ad379df8d257,kaggle50:brake_pad:kaggle_5731ad379df8d257,brake_pad,validation,3,data/images/dataset_v3/validation/brake_pad/brake_pad_validation_003_5731ad379df8d257.jpg,5731ad379df8d257242ad19a8d106a452d23b70b7359f3913276cb3a252bf636,gpiosenka/car-parts-40-classes,car parts 50,validation,dataset-v3-split-v1
kaggle_0f8c9e9f60cc84b2,kaggle50:brake_pad:kaggle_0f8c9e9f60cc84b2,brake_pad,validation,4,data/images/dataset_v3/validation/brake_pad/brake_pad_validation_004_0f8c9e9f60cc84b2.jpg,0f8c9e9f60cc84b23aa9ec9da11603658004185f2de75bfa167cb38437054a0c,gpiosenka/car-parts-40-classes,car parts 50,train,dataset-v3-split-v1
kaggle_cef2619ab5dfd5b0,kaggle50:brake_pad:kaggle_cef2619ab5dfd5b0,brake_pad,validation,5,data/images/dataset_v3/validation/brake_pad/brake_pad_validation_005_cef2619ab5dfd5b0.jpg,cef2619ab5dfd5b0babec6703f300e9e648dd25f098ae50cb97d2f17487b9b49,gpiosenka/car-parts-40-classes,car parts 50,train,dataset-v3-split-v1
kaggle_5d99ba0256950ba4,kaggle50:brake_pad:kaggle_5d99ba0256950ba4,brake_pad,validation,6,data/images/dataset_v3/validation/brake_pad/brake_pad_validation_006_5d99ba0256950ba4.jpg,5d99ba0256950ba4513a12b150dc1983c908812a68790c3deb68aca18fde4444,gpiosenka/car-parts-40-classes,car parts 50,train,dataset-v3-split-v1
kaggle_528a734f5182ac2d,kaggle50:brake_pad:kaggle_528a734f5182ac2d,brake_pad,validation,7,data/images/dataset_v3/validation/brake_pad/brake_pad_validation_007_528a734f5182ac2d.jpg,528a734f5182ac2d94d14ea0fca1d7168ae93772a45058a6607376bb7b50885d,gpiosenka/car-parts-40-classes,car parts 50,test,dataset-v3-split-v1
kaggle_b15c9e715fe7ab49,kaggle50:brake_pad:kaggle_b15c9e715fe7ab49,brake_pad,validation,8,data/images/dataset_v3/validation/brake_pad/brake_pad_validation_008_b15c9e715fe7ab49.jpg,b15c9e715fe7ab49c32382ea0b54dd8870eca92dba877aec6525d715cbe66fee,gpiosenka/car-parts-40-classes,car parts 50,train,dataset-v3-split-v1
kaggle_5bec48ec6699a596,kaggle50:brake_pad:kaggle_5bec48ec6699a596,brake_pad,validation,9,data/images/dataset_v3/validation/brake_pad/brake_pad_validation_009_5bec48ec6699a596.jpg,5bec48ec6699a596a742189d8efcf3912011f3b0463686b5df683a538e15943b,gpiosenka/car-parts-40-classes,car parts 50,train,dataset-v3-split-v1
kaggle_0849b7e1b202b8e5,kaggle50:brake_pad:kaggle_0849b7e1b202b8e5,brake_pad,validation,10,data/images/dataset_v3/validation/brake_pad/brake_pad_validation_010_0849b7e1b202b8e5.jpg,0849b7e1b202b8e5f00402dd3de5bcceaf900c4dffdd41295b23771c3f6a40e4,gpiosenka/car-parts-40-classes,car parts 50,train,dataset-v3-split-v1
kaggle_46b9756315931b64,kaggle50:coil_spring:kaggle_46b9756315931b64,coil_spring,validation,1,data/images/dataset_v3/validation/coil_spring/coil_spring_validation_001_46b9756315931b64.jpg,46b9756315931b64dd79543e2e08b89826ed3851df0f18ab196dfcc930a8b050,gpiosenka/car-parts-40-classes,car parts 50,train,dataset-v3-split-v1
kaggle_271e506aa1c5521b,kaggle50:coil_spring:kaggle_271e506aa1c5521b,coil_spring,validation,2,data/images/dataset_v3/validation/coil_spring/coil_spring_validation_002_271e506aa1c5521b.jpg,271e506aa1c5521b6ea09e507cf2632d712d254263967fa615695bfe10a87c21,gpiosenka/car-parts-40-classes,car parts 50,train,dataset-v3-split-v1
kaggle_d577fbcd60f1ae97,kaggle50:coil_spring:kaggle_d577fbcd60f1ae97,coil_spring,validation,3,data/images/dataset_v3/validation/coil_spring/coil_spring_validation_003_d577fbcd60f1ae97.jpg,d577fbcd60f1ae9758c9d5f022a574b03239174a5cc7e44db7707d81c95b1b44,gpiosenka/car-parts-40-classes,car parts 50,train,dataset-v3-split-v1
kaggle_3c466e7994d91319,kaggle50:coil_spring:kaggle_3c466e7994d91319,coil_spring,validation,4,data/images/dataset_v3/validation/coil_spring/coil_spring_validation_004_3c466e7994d91319.jpg,3c466e7994d91319c387c9a020a1c0737099c919be34b3e916f7c6cee3d6d86f,gpiosenka/car-parts-40-classes,car parts 50,train,dataset-v3-split-v1
kaggle_975afd93c799255d,kaggle50:coil_spring:kaggle_975afd93c799255d,coil_spring,validation,5,data/images/dataset_v3/validation/coil_spring/coil_spring_validation_005_975afd93c799255d.jpg,975afd93c799255d8f10e72d46c67463fb05bd886ccb5b6fd37c01a839f0d9c4,gpiosenka/car-parts-40-classes,car parts 50,train,dataset-v3-split-v1
kaggle_64d9ac728ea4a3b7,kaggle50:coil_spring:kaggle_64d9ac728ea4a3b7,coil_spring,validation,6,data/images/dataset_v3/validation/coil_spring/coil_spring_validation_006_64d9ac728ea4a3b7.jpg,64d9ac728ea4a3b7811bd39fb7a341a351fa4846617823dfacf8f38f6f9054fa,gpiosenka/car-parts-40-classes,car parts 50,train,dataset-v3-split-v1
kaggle_53135ef7d3ff6cb7,kaggle50:coil_spring:kaggle_53135ef7d3ff6cb7,coil_spring,validation,7,data/images/dataset_v3/validation/coil_spring/coil_spring_validation_007_53135ef7d3ff6cb7.jpg,53135ef7d3ff6cb7dea05d8046e47d9aa486565f4957ecef03ab95b9c561d9ae,gpiosenka/car-parts-40-classes,car parts 50,train,dataset-v3-split-v1
kaggle_647ad76b8fb15a53,kaggle50:coil_spring:kaggle_647ad76b8fb15a53,coil_spring,validation,8,data/images/dataset_v3/validation/coil_spring/coil_spring_validation_008_647ad76b8fb15a53.jpg,647ad76b8fb15a5332ca6ab3cd921a7c42f87fb31d3ecc84e572a147de2b58f6,gpiosenka/car-parts-40-classes,car parts 50,train,dataset-v3-split-v1
kaggle_9dceb8b8ab543c5d,kaggle50:coil_spring:kaggle_9dceb8b8ab543c5d,coil_spring,validation,9,data/images/dataset_v3/validation/coil_spring/coil_spring_validation_009_9dceb8b8ab543c5d.jpg,9dceb8b8ab543c5df8022be18b140c701997535dbe167c53920ff6a9c3ddf910,gpiosenka/car-parts-40-classes,car parts 50,train,dataset-v3-split-v1
kaggle_e08259887c543dc6,kaggle50:coil_spring:kaggle_e08259887c543dc6,coil_spring,validation,10,data/images/dataset_v3/validation/coil_spring/coil_spring_validation_010_e08259887c543dc6.jpg,e08259887c543dc665cc5cccfcf58b6b1325559ea857bf7f616330f5ef88d299,gpiosenka/car-parts-40-classes,car parts 50,train,dataset-v3-split-v1
kaggle_4cbc5a051f62c988,kaggle50:headlight:kaggle_4cbc5a051f62c988,headlight,validation,1,data/images/dataset_v3/validation/headlight/headlight_validation_001_4cbc5a051f62c988.jpg,4cbc5a051f62c988ddeddfaba391b20c063bd11173ec16428e346145d074dc43,gpiosenka/car-parts-40-classes,car parts 50,train,dataset-v3-split-v1
kaggle_32789b6e2d04d4f5,kaggle50:headlight:kaggle_32789b6e2d04d4f5,headlight,validation,2,data/images/dataset_v3/validation/headlight/headlight_validation_002_32789b6e2d04d4f5.jpg,32789b6e2d04d4f569450a205b1b7f07132f48084c663e86026a5d20117f37ba,gpiosenka/car-parts-40-classes,car parts 50,train,dataset-v3-split-v1
kaggle_5fa4529a38ac2250,kaggle50:headlight:kaggle_5fa4529a38ac2250,headlight,validation,3,data/images/dataset_v3/validation/headlight/headlight_validation_003_5fa4529a38ac2250.jpg,5fa4529a38ac2250773deaf84c5980849709dcaa6e013709e29b3bbcab94fa5a,gpiosenka/car-parts-40-classes,car parts 50,test,dataset-v3-split-v1
kaggle_ac7b3ebc013882b5,kaggle50:headlight:kaggle_ac7b3ebc013882b5,headlight,validation,4,data/images/dataset_v3/validation/headlight/headlight_validation_004_ac7b3ebc013882b5.jpg,ac7b3ebc013882b53dd73727408b79c1da3991f41f378cc3d16785802b39697c,gpiosenka/car-parts-40-classes,car parts 50,train,dataset-v3-split-v1
kaggle_f939535c6b2aeed7,kaggle50:headlight:kaggle_f939535c6b2aeed7,headlight,validation,5,data/images/dataset_v3/validation/headlight/headlight_validation_005_f939535c6b2aeed7.jpg,f939535c6b2aeed7276467adc84665cffd8f17f2a51fee855d9838ef96b7ba02,gpiosenka/car-parts-40-classes,car parts 50,train,dataset-v3-split-v1
kaggle_a5310a3de555c705,kaggle50:headlight:kaggle_a5310a3de555c705,headlight,validation,6,data/images/dataset_v3/validation/headlight/headlight_validation_006_a5310a3de555c705.jpg,a5310a3de555c705b7b9d4db4660e2e4ffb80e890521b97d688f32d954498333,gpiosenka/car-parts-40-classes,car parts 50,train,dataset-v3-split-v1
kaggle_5d0be517a157203c,kaggle50:headlight:kaggle_5d0be517a157203c,headlight,validation,7,data/images/dataset_v3/validation/headlight/headlight_validation_007_5d0be517a157203c.jpg,5d0be517a157203ce869fc461ef933aa8d7df8e7696065e82235a2edf49e8f5a,gpiosenka/car-parts-40-classes,car parts 50,train,dataset-v3-split-v1
kaggle_77cb917e3458ac2b,kaggle50:headlight:kaggle_77cb917e3458ac2b,headlight,validation,8,data/images/dataset_v3/validation/headlight/headlight_validation_008_77cb917e3458ac2b.jpg,77cb917e3458ac2be727dca3353dc588b76056cf4912a3976162cb4291152769,gpiosenka/car-parts-40-classes,car parts 50,train,dataset-v3-split-v1
kaggle_ba512417aec00252,kaggle50:headlight:kaggle_ba512417aec00252,headlight,validation,9,data/images/dataset_v3/validation/headlight/headlight_validation_009_ba512417aec00252.jpg,ba512417aec00252b747430f52f0157f08c49e60cbe431a8c0799610bb6cf0e7,gpiosenka/car-parts-40-classes,car parts 50,train,dataset-v3-split-v1
kaggle_78bcfcf22108c818,kaggle50:headlight:kaggle_78bcfcf22108c818,headlight,validation,10,data/images/dataset_v3/validation/headlight/headlight_validation_010_78bcfcf22108c818.jpg,78bcfcf22108c81802c29b75d777714d3e51e611318b6bc0b3b58dbbba141ef8,gpiosenka/car-parts-40-classes,car parts 50,train,dataset-v3-split-v1
kaggle_b3eefe0ce2f9c0b1,kaggle50:oil_filter:kaggle_b3eefe0ce2f9c0b1,oil_filter,validation,1,data/images/dataset_v3/validation/oil_filter/oil_filter_validation_001_b3eefe0ce2f9c0b1.jpg,b3eefe0ce2f9c0b1ed3c77befa043e22268f6272bec1572dcb805ead1ec337bc,gpiosenka/car-parts-40-classes,car parts 50,train,dataset-v3-split-v1
kaggle_345ce32a43f291d9,kaggle50:oil_filter:kaggle_345ce32a43f291d9,oil_filter,validation,2,data/images/dataset_v3/validation/oil_filter/oil_filter_validation_002_345ce32a43f291d9.jpg,345ce32a43f291d93419a53ff11c96c1b57d79a73cf4db60f1789125f46b4407,gpiosenka/car-parts-40-classes,car parts 50,train,dataset-v3-split-v1
kaggle_39465c88a0769c08,kaggle50:oil_filter:kaggle_39465c88a0769c08,oil_filter,validation,3,data/images/dataset_v3/validation/oil_filter/oil_filter_validation_003_39465c88a0769c08.jpg,39465c88a0769c08e504ad037c88900bc8df5993292f1abc8522e90b5ddf7bc0,gpiosenka/car-parts-40-classes,car parts 50,train,dataset-v3-split-v1
kaggle_352f916b16e17c1e,kaggle50:oil_filter:kaggle_352f916b16e17c1e,oil_filter,validation,4,data/images/dataset_v3/validation/oil_filter/oil_filter_validation_004_352f916b16e17c1e.jpg,352f916b16e17c1e65bc10cf943469ab70d57a3562e550498f169e6b7d521cc7,gpiosenka/car-parts-40-classes,car parts 50,train,dataset-v3-split-v1
kaggle_333efd61298d6d70,kaggle50:oil_filter:kaggle_333efd61298d6d70,oil_filter,validation,5,data/images/dataset_v3/validation/oil_filter/oil_filter_validation_005_333efd61298d6d70.jpg,333efd61298d6d70e3a9e16cd48f449db2ee4fea049feb089fbb4c164ae08804,gpiosenka/car-parts-40-classes,car parts 50,train,dataset-v3-split-v1
kaggle_4b8b75d9f780e9fe,kaggle50:oil_filter:kaggle_4b8b75d9f780e9fe,oil_filter,validation,6,data/images/dataset_v3/validation/oil_filter/oil_filter_validation_006_4b8b75d9f780e9fe.jpg,4b8b75d9f780e9fe1916ff26f47420ed1889fbfda52979253f5a48d70a3d892d,gpiosenka/car-parts-40-classes,car parts 50,train,dataset-v3-split-v1
kaggle_cd50a1b6ea59f116,kaggle50:oil_filter:kaggle_cd50a1b6ea59f116,oil_filter,validation,7,data/images/dataset_v3/validation/oil_filter/oil_filter_validation_007_cd50a1b6ea59f116.jpg,cd50a1b6ea59f1163d46cc0dd06fb1713caff8bc5bb2a561e62d626dd189d85b,gpiosenka/car-parts-40-classes,car parts 50,train,dataset-v3-split-v1
kaggle_2e84d19671f186ff,kaggle50:oil_filter:kaggle_2e84d19671f186ff,oil_filter,validation,8,data/images/dataset_v3/validation/oil_filter/oil_filter_validation_008_2e84d19671f186ff.jpg,2e84d19671f186ff617ae29a88e2bc2a9a908806bd5fd419b29b5251bdf92cfd,gpiosenka/car-parts-40-classes,car parts 50,train,dataset-v3-split-v1
kaggle_be0c9d988ddf2b4c,kaggle50:oil_filter:kaggle_be0c9d988ddf2b4c,oil_filter,validation,9,data/images/dataset_v3/validation/oil_filter/oil_filter_validation_009_be0c9d988ddf2b4c.jpg,be0c9d988ddf2b4c14e097fa76c2554783407115d629e0cf49a615c8b80f068b,gpiosenka/car-parts-40-classes,car parts 50,train,dataset-v3-split-v1
kaggle_87f6ce2e0b070e00,kaggle50:oil_filter:kaggle_87f6ce2e0b070e00,oil_filter,validation,10,data/images/dataset_v3/validation/oil_filter/oil_filter_validation_010_87f6ce2e0b070e00.jpg,87f6ce2e0b070e00c5ccd511e6c167f63ba7d4f56f9c06abc8b36dd85d294df8,gpiosenka/car-parts-40-classes,car parts 50,train,dataset-v3-split-v1
kaggle_2f83049325369e93,kaggle50:starter:kaggle_2f83049325369e93,starter,validation,1,data/images/dataset_v3/validation/starter/starter_validation_001_2f83049325369e93.jpg,2f83049325369e936227ad0659db594841bd56db08bd8b3c1e9eb14eaa54d3d0,gpiosenka/car-parts-40-classes,car parts 50,validation,dataset-v3-split-v1
kaggle_c6f99d08ab7e3d74,kaggle50:starter:kaggle_c6f99d08ab7e3d74,starter,validation,2,data/images/dataset_v3/validation/starter/starter_validation_002_c6f99d08ab7e3d74.jpg,c6f99d08ab7e3d74e4ab74ff6816abfde5d3bc44ff280735460de549e2a8c6f1,gpiosenka/car-parts-40-classes,car parts 50,train,dataset-v3-split-v1
kaggle_24c7e3a4d56d0a49,kaggle50:starter:kaggle_24c7e3a4d56d0a49,starter,validation,3,data/images/dataset_v3/validation/starter/starter_validation_003_24c7e3a4d56d0a49.jpg,24c7e3a4d56d0a49cc5a641d5590d662e4716d4a74d287d023eb1a9908e04f14,gpiosenka/car-parts-40-classes,car parts 50,train,dataset-v3-split-v1
kaggle_fecc939de84a0d58,kaggle50:starter:kaggle_fecc939de84a0d58,starter,validation,4,data/images/dataset_v3/validation/starter/starter_validation_004_fecc939de84a0d58.jpg,fecc939de84a0d58fe21be4cbeeeceb433cc9cf357e4610a7a8227cc967fd1e9,gpiosenka/car-parts-40-classes,car parts 50,train,dataset-v3-split-v1
kaggle_c9affad214763853,kaggle50:starter:kaggle_c9affad214763853,starter,validation,5,data/images/dataset_v3/validation/starter/starter_validation_005_c9affad214763853.jpg,c9affad214763853a6e99d2c896e20882eceadc9b7be973799b9bd20e950b76e,gpiosenka/car-parts-40-classes,car parts 50,train,dataset-v3-split-v1
kaggle_9efc17ae196ac115,kaggle50:starter:kaggle_9efc17ae196ac115,starter,validation,6,data/images/dataset_v3/validation/starter/starter_validation_006_9efc17ae196ac115.jpg,9efc17ae196ac115b7835891f02a6e500bcab4f3c08d0b51cc311dbdde3aa776,gpiosenka/car-parts-40-classes,car parts 50,train,dataset-v3-split-v1
kaggle_eed9d775de86e437,kaggle50:starter:kaggle_eed9d775de86e437,starter,validation,7,data/images/dataset_v3/validation/starter/starter_validation_007_eed9d775de86e437.jpg,eed9d775de86e4378d322cc9873cbbdfd2f0b69b9a5404223e76e33f84ca941b,gpiosenka/car-parts-40-classes,car parts 50,train,dataset-v3-split-v1
kaggle_7d9f9348706d220e,kaggle50:starter:kaggle_7d9f9348706d220e,starter,validation,8,data/images/dataset_v3/validation/starter/starter_validation_008_7d9f9348706d220e.jpg,7d9f9348706d220e6cbecdc6d69154a7bd25f1dab52f85b8f73d2c3b0ae1c4f9,gpiosenka/car-parts-40-classes,car parts 50,train,dataset-v3-split-v1
kaggle_ff3284d73714e94c,kaggle50:starter:kaggle_ff3284d73714e94c,starter,validation,9,data/images/dataset_v3/validation/starter/starter_validation_009_ff3284d73714e94c.jpg,ff3284d73714e94ca04a505f8ab008b30836bb70571e6173167235b66a3a0842,gpiosenka/car-parts-40-classes,car parts 50,train,dataset-v3-split-v1
kaggle_e66d46508f07fd57,kaggle50:starter:kaggle_e66d46508f07fd57,starter,validation,10,data/images/dataset_v3/validation/starter/starter_validation_010_e66d46508f07fd57.jpg,e66d46508f07fd5726f8cc5853b4b0a2e5ca6c0d44b79205594022d1546e35e6,gpiosenka/car-parts-40-classes,car parts 50,train,dataset-v3-split-v1
kaggle_0a05eb7764bc457b,kaggle50:taillight:kaggle_0a05eb7764bc457b,taillight,validation,1,data/images/dataset_v3/validation/taillight/taillight_validation_001_0a05eb7764bc457b.jpg,0a05eb7764bc457bce151f8bafc590f27991cd8e2db9103cd594e4dbf9624198,gpiosenka/car-parts-40-classes,car parts 50,train,dataset-v3-split-v1
kaggle_5964c4408aa7a327,kaggle50:taillight:kaggle_5964c4408aa7a327,taillight,validation,2,data/images/dataset_v3/validation/taillight/taillight_validation_002_5964c4408aa7a327.jpg,5964c4408aa7a32791e8d653126d99a14871691ff69ed5715cba8ee651c7b7d7,gpiosenka/car-parts-40-classes,car parts 50,train,dataset-v3-split-v1
kaggle_0aed13c5c5b7e7d0,kaggle50:taillight:kaggle_0aed13c5c5b7e7d0,taillight,validation,3,data/images/dataset_v3/validation/taillight/taillight_validation_003_0aed13c5c5b7e7d0.jpg,0aed13c5c5b7e7d09758047f897e9fff7ea8a63690a24026aa82afcccd4ed43d,gpiosenka/car-parts-40-classes,car parts 50,train,dataset-v3-split-v1
kaggle_8e449c57f9695a62,kaggle50:taillight:kaggle_8e449c57f9695a62,taillight,validation,4,data/images/dataset_v3/validation/taillight/taillight_validation_004_8e449c57f9695a62.jpg,8e449c57f9695a6285cf78d60aeee2e39120b19886e4f3a7961c10f9a7748cfb,gpiosenka/car-parts-40-classes,car parts 50,validation,dataset-v3-split-v1
kaggle_5bbec360334d75f1,kaggle50:taillight:kaggle_5bbec360334d75f1,taillight,validation,5,data/images/dataset_v3/validation/taillight/taillight_validation_005_5bbec360334d75f1.jpg,5bbec360334d75f15981f41a877a45ce89cc1746dafce5153484cd69fc453233,gpiosenka/car-parts-40-classes,car parts 50,train,dataset-v3-split-v1
kaggle_660a55fbff1395e8,kaggle50:taillight:kaggle_660a55fbff1395e8,taillight,validation,6,data/images/dataset_v3/validation/taillight/taillight_validation_006_660a55fbff1395e8.jpg,660a55fbff1395e822012989bc652665dc310965a3b9f82b91e6cc955f3c5219,gpiosenka/car-parts-40-classes,car parts 50,train,dataset-v3-split-v1
kaggle_d29dd64672306718,kaggle50:taillight:kaggle_d29dd64672306718,taillight,validation,7,data/images/dataset_v3/validation/taillight/taillight_validation_007_d29dd64672306718.jpg,d29dd64672306718d1e25395f15906a76f82f9b994855b40c2a02f6f9b9447e4,gpiosenka/car-parts-40-classes,car parts 50,train,dataset-v3-split-v1
kaggle_210481828a95a1c7,kaggle50:taillight:kaggle_210481828a95a1c7,taillight,validation,8,data/images/dataset_v3/validation/taillight/taillight_validation_008_210481828a95a1c7.jpg,210481828a95a1c77ee53925e88de5b036015b33969000d4609394dac971f8a4,gpiosenka/car-parts-40-classes,car parts 50,train,dataset-v3-split-v1
kaggle_4ee3e3996f4f1a0c,kaggle50:taillight:kaggle_4ee3e3996f4f1a0c,taillight,validation,9,data/images/dataset_v3/validation/taillight/taillight_validation_009_4ee3e3996f4f1a0c.jpg,4ee3e3996f4f1a0cb9458c3681b8b1c90ae8605e67de53320276e2e61ef7c3dd,gpiosenka/car-parts-40-classes,car parts 50,train,dataset-v3-split-v1
kaggle_7eda08e591617d32,kaggle50:taillight:kaggle_7eda08e591617d32,taillight,validation,10,data/images/dataset_v3/validation/taillight/taillight_validation_010_7eda08e591617d32.jpg,7eda08e591617d32086e832c581e263e4c26c45eabaa12bfcbfdc7c0638b1945,gpiosenka/car-parts-40-classes,car parts 50,train,dataset-v3-split-v1
